Bot Name,Bot Nickname,Bot Level,Assignment Status,Quest Name,Objective Name,Step Number,Start Time,End Time
Bot168,"BaddestDragon",8,Completed,"The Extortionist","Item Secure Folder 0048","1","20:40:34","20:40:44",
Bot168,"BaddestDragon",8,Failed,"The Extortionist","Zone dead_posylni","1","20:40:49","20:43:37",
Bot169,"YoMamaBinShoppin",26,Completed,"Boss Hunter","Spawn Point (423.8 1.1 42.3)","1","20:40:34","20:41:04",
Bot169,"YoMamaBinShoppin",26,Completed,"Boss Hunter","Spawn Point (422.3 4.2 97.2)","1","20:41:10","20:42:11",
Bot169,"YoMamaBinShoppin",26,Completed,"Boss Hunter","Spawn Point (467.4 1.6 60.1)","1","20:42:17","20:43:01",
Bot169,"YoMamaBinShoppin",26,Completed,"Boss Hunter","Spawn Point (420.5 1.1 22.6)","1","20:43:06","20:44:16",
Bot169,"YoMamaBinShoppin",26,Completed,"Boss Hunter","Spawn Point (454.8 2.1 61.1)","1","20:44:21","20:44:31",
Bot169,"YoMamaBinShoppin",26,Completed,"Boss Hunter","Spawn Point (447.4 7.6 111.1)","1","20:44:36","20:45:13",
Bot169,"YoMamaBinShoppin",26,Completed,"Boss Hunter","Spawn Point (430.8 1.9 54.9)","1","20:45:18","20:46:15",
Bot169,"YoMamaBinShoppin",26,Failed,"Bullshit","Zone Q019_3","1","20:46:20","20:49:13",
Bot170,"Sazukiwi",12,Completed,"Tigr Safari","Zone place_peacemaker_002_N3","1","20:40:35","20:40:46",
Bot170,"Sazukiwi",12,Failed,"Tigr Safari","Zone place_peacemaker_002_N1","1","20:40:52","20:49:51",
Bot171,"Motch",7,Completed,"BP Depot","Zone fuel2","1","20:40:35","20:53:13",
Bot171,"Motch",7,Failed,"BP Depot","Zone fuel3","1","20:53:18","20:53:19",
Bot172,"Wrecker",16,Completed,"Tigr Safari","Zone place_peacemaker_002_N3","1","20:40:36","20:40:48",
Bot172,"Wrecker",16,Failed,"Bad Rep Evidence","Item Secure Folder 0031","1","20:49:51","20:51:40",
Bot173,"Kobrakon",15,Completed,"Bad Rep Evidence","Item Secure Folder 0031","1","20:40:36","20:41:45",
Bot173,"Kobrakon",15,Completed,"Tigr Safari","Zone place_peacemaker_002_N3","1","20:41:51","20:43:16",
Bot173,"Kobrakon",15,Failed,"Tigr Safari","Zone place_peacemaker_002_N1","1","20:43:21","20:54:32",
Bot174,"Nomad_420",1,Completed,"Crackhouse Rush","Crackhouse Rush: Objective #1","1","20:40:37","20:41:44",
Bot174,"Nomad_420",1,Completed,"Fortress","Fortress: Objective #4","1","20:41:49","20:44:36",
Bot174,"Nomad_420",1,Failed,"Fortress","Fortress: Objective #8","1","20:44:42","20:51:52",
Bot174,"Nomad_420",1,Completed,"Fortress","Fortress: Objective #7","1","20:45:11","20:45:20",
Bot174,"Nomad_420",1,Completed,"Fortress","Fortress: Objective #5","1","20:45:25","20:46:35",
Bot174,"Nomad_420",1,Completed,"Fortress","Fortress: Objective #2","1","20:46:40","20:46:46",
Bot174,"Nomad_420",1,Completed,"Fortress","Fortress: Objective #1","1","20:46:51","20:47:25",
Bot174,"Nomad_420",1,Completed,"Fortress","Fortress: Objective #9","4","20:47:31","20:47:59",
Bot174,"Nomad_420",1,Completed,"Fortress","Fortress: Objective #6","1","20:48:04","20:48:52",
Bot174,"Nomad_420",1,Completed,"Fortress","Fortress: Objective #3","1","20:48:57","20:49:44",
Bot174,"Nomad_420",1,Failed,"Flash-Drive Van","Flash-Drive Van: Objective #1","1","20:49:49","20:51:52",
Bot175,"Awafrican",13,Failed,"The Extortionist","Zone dead_posylni","1","20:40:37","20:50:59",
Bot176,"jfetko",3,Completed,"Big Red","Big Red: Objective #4","1","20:40:38","20:41:07",
Bot176,"jfetko",3,Completed,"Big Red","Big Red: Objective #5","1","20:41:12","20:41:31",
Bot176,"jfetko",3,Completed,"Big Red","Big Red: Objective #1","1","20:41:37","20:41:54",
Bot176,"jfetko",3,Completed,"Big Red","Big Red: Objective #3","1","20:41:59","20:42:40",
Bot176,"jfetko",3,Completed,"Big Red","Big Red: Objective #2","1","20:42:45","20:42:57",
Bot176,"jfetko",3,Completed,"North Shack by Big Red","North Shack by Big Red: Objective #1","1","20:43:02","20:43:58",
Bot176,"jfetko",3,Completed,"Storage","Storage: Objective #7","1","20:44:03","20:45:09",
Bot176,"jfetko",3,Completed,"Storage","Storage: Objective #6","1","20:45:14","20:45:39",
Bot176,"jfetko",3,Completed,"Storage","Storage: Objective #5","1","20:45:44","20:45:55",
Bot176,"jfetko",3,Active,"Storage","Storage: Objective #4","1","20:46:00","N/A",
Bot202,"PoppleO",26,Failed,"Bullshit","Zone Q019_3","1","20:45:56","20:50:41",
Bot203,"Andrudis",14,Failed,"Chemical - Part 4","Zone gazel","1","20:45:56","20:52:11",
Bot204,"PonderingTheOrb",5,Pending,"BP Depot","Zone fuel2","1","20:46:34","N/A",
Bot205,"Rhyufer",2,Failed,"Fortress","Fortress: Objective #4","1","20:46:35","20:46:50",
Bot206,"Гоша Самогон (Nicholas)",1,Active,"Dorms 2 Story","Dorms 2 Story: Objective #9","1","20:46:40","N/A",
Bot208,"Tariyihika",26,Active,"Fortress","Fortress: Objective #9","1","20:47:22","N/A",
Bot217,"Филат Грустный (Sazukiwi)",1,Active,"Flash-Drive Van","Flash-Drive Van: Objective #1","1","20:50:19","N/A",
Bot221,"hacker228",5,Completed,"BP Depot","Zone fuel1","1","20:50:56","20:55:18",
Bot221,"hacker228",5,Failed,"BP Depot","Zone fuel3","1","20:55:24","20:57:45",
Bot222,"JaydanCan",3,Failed,"Antenna","Antenna: Objective #1","1","20:50:57","21:04:06",
Bot229,"Refringe",12,Completed,"Operation Aquarius - Part 1","Zone room206_water","1","20:52:11","20:56:24",
Bot229,"Refringe",12,Failed,"Chemical - Part 2","Item Sliderkey Secure Flash drive","1","20:56:29","20:57:23",
Bot231,"Motch",5,Completed,"BP Depot","Zone fuel2","1","20:53:00","20:54:09",
Bot231,"Motch",5,Failed,"BP Depot","Zone fuel3","1","20:54:14","21:02:06",
Bot232,"Security-Sama",18,Failed,"Tigr Safari","Zone place_peacemaker_002_N3","1","20:53:01","20:57:27",
Bot233,"Коля Дирол (Lavax)",1,Active,"Giving Tree","Giving Tree: Objective #1","1","20:53:14","N/A",
Bot236,"Platinum",11,Completed,"Golden Swag","Item Golden Zibbo lighter","1","20:53:58","20:56:07",
Bot236,"Platinum",11,Failed,"Golden Swag","Zone extraction_zone_zibbo","1","20:56:12","20:58:30",
Bot241,"Rhyufer",2,Completed,"RUAF Checkpoint","RUAF Checkpoint: Objective #1","1","20:54:56","20:55:18",
Bot241,"Rhyufer",2,Active,"Fortress","Fortress: Objective #9","1","20:55:24","N/A",
Bot242,"Katto",14,Completed,"Tigr Safari","Zone place_peacemaker_002_N3","1","20:54:56","21:01:18",
Bot242,"Katto",14,Active,"Tigr Safari","Zone place_peacemaker_002_N1","1","21:01:23","N/A",
Bot243,"Джонатан Сладкоежка (Sinistar)",1,Completed,"Storage","Storage: Objective #2","1","20:55:10","20:55:30",
Bot243,"Джонатан Сладкоежка (Sinistar)",1,Completed,"Storage","Storage: Objective #1","1","20:55:35","20:55:46",
Bot243,"Джонатан Сладкоежка (Sinistar)",1,Active,"Storage","Storage: Objective #3","1","20:55:51","N/A",
Bot247,"Motch",9,Active,"The Extortionist","Zone vremyan_case","1","20:56:05","N/A",
Bot251,"Thunderbags",24,Pending,"Short Cut","Short Cut: Objective #1","1","20:57:13","N/A",
Bot252,"JustNU",12,Failed,"New Gas","New Gas: Objective #1","1","20:57:13","21:02:52",
Bot259,"Митрофан Шпингалет (GGaulin)",1,Pending,"Dorms 3 Story","Dorms 3 Story: Objective #6","1","20:58:37","N/A",
Bot264,"Феоктист Ебалай (EstamNar)",1,Completed,"New Gas","New Gas: Objective #3","1","20:59:18","20:59:30",
Bot264,"Феоктист Ебалай (EstamNar)",1,Completed,"New Gas","New Gas: Objective #2","1","20:59:35","20:59:38",
Bot264,"Феоктист Ебалай (EstamNar)",1,Pending,"New Gas","New Gas: Objective #1","1","20:59:43","N/A",
Bot266,"AcidPhantasm",22,Active,"Crackhouse","Crackhouse: Objective #5","1","20:59:44","N/A",
