Bot Name,Bot Nickname,Bot Level,Assignment Status,Quest Name,Objective Name,Step Number,Start Time,End Time
Bot430,"mighty_condor",5,Active,"Delivery From the Past","Item Secure Folder 0022","1","21:23:53","N/A",
Bot431,"Skwizzy",8,Completed,"Big Red Rush","Big Red Rush: Objective #1","1","21:23:53","21:24:16",
Bot431,"Skwizzy",8,Completed,"Big Red","Big Red: Objective #5","1","21:24:21","21:24:24",
Bot431,"Skwizzy",8,Completed,"Big Red","Big Red: Objective #1","1","21:24:29","21:25:02",
Bot431,"Skwizzy",8,Completed,"Big Red","Big Red: Objective #4","1","21:25:07","21:25:35",
Bot431,"Skwizzy",8,Active,"Big Red","Big Red: Objective #3","1","21:25:40","N/A",
Bot432,"savid_dubs",10,Completed,"BP Depot","Zone fuel2","1","21:23:54","21:30:35",
Bot432,"savid_dubs",10,Pending,"BP Depot","Zone fuel3","1","21:30:40","N/A",
Bot433,"GGaulin",16,Completed,"Boss Hunter","Spawn Point (5.8 1.2 -103.4)","1","21:23:54","21:29:24",
Bot433,"GGaulin",16,Completed,"Boss Hunter","Spawn Point (109.9 1.2 -109.8)","1","21:29:29","21:30:11",
Bot433,"GGaulin",16,Failed,"Boss Hunter","Spawn Point (107.1 16.2 -47.9)","1","21:30:16","21:32:14",
Bot433,"GGaulin",16,Completed,"Boss Hunter","Spawn Point (133.8 1.7 -82.0)","1","21:32:19","21:32:50",
Bot433,"GGaulin",16,Completed,"Boss Hunter","Spawn Point (195.3 1.8 -126.1)","1","21:32:55","21:33:43",
Bot433,"GGaulin",16,Completed,"Boss Hunter","Spawn Point (236.3 1.2 -95.1)","1","21:33:48","21:34:59",
Bot433,"GGaulin",16,Completed,"Chemical - Part 4","Zone gazel","1","21:35:05","21:40:58",
Bot433,"GGaulin",16,Completed,"Flash-Drive Van","Flash-Drive Van: Objective #1","1","21:41:03","21:41:50",
Bot433,"GGaulin",16,Pending,"Checkpoint","Checkpoint: Objective #1","1","21:41:55","N/A",
Bot434,"Ilhsiek",23,Completed,"Pharmacist","Zone room114","1","21:23:55","21:25:24",
Bot434,"Ilhsiek",23,Failed,"Pharmacist","Zone vaz_feld","1","21:25:29","21:30:59",
Bot435,"Hubert",12,Failed,"Chemical - Part 2","Item Sliderkey Secure Flash drive","1","21:23:55","21:33:14",
Bot436,"Notch",23,Failed,"Pharmacist","Zone vaz_feld","1","21:23:56","21:24:11",
Bot447,"F1oridaMan",15,Completed,"Dorms 3 Story Rush","Dorms 3 Story Rush: Objective #1","1","21:24:01","21:25:29",
Bot447,"F1oridaMan",15,Failed,"Operation Aquarius - Part 1","Zone room206_water","1","21:25:34","21:25:46",
Bot448,"skitles55",14,Completed,"Tigr Safari","Zone place_peacemaker_002_N3","1","21:24:02","21:27:00",
Bot448,"skitles55",14,Completed,"Tigr Safari","Zone place_peacemaker_002_N1","1","21:27:05","21:36:22",
Bot448,"skitles55",14,Completed,"Chemical - Part 4","Zone gazel","1","21:36:27","21:39:04",
Bot448,"skitles55",14,Completed,"Cargo X - Part 2","Item Secure Folder 0013","1","21:39:09","21:40:52",
Bot448,"skitles55",14,Completed,"Flash-Drive Van","Flash-Drive Van: Objective #1","1","21:40:57","21:41:38",
Bot448,"skitles55",14,Completed,"Short Cut","Short Cut: Objective #1","1","21:41:43","21:43:45",
Bot448,"skitles55",14,Failed,"New Gas","New Gas: Objective #1","1","21:43:50","21:46:51",
Bot448,"skitles55",14,Active,"New Gas","New Gas: Objective #3","1","21:46:56","N/A",
Bot465,"JustAShepard",22,Failed,"Tigr Safari","Zone place_peacemaker_002_N1","1","21:29:06","21:29:26",
Bot466,"Nomad_420",21,Failed,"Out of Curiosity","Zone gazel","1","21:29:07","21:29:43",
Bot467,"1nco",24,Completed,"Shaking up the Teller","Item Bank case","1","21:29:22","21:30:05",
Bot467,"1nco",24,Completed,"Shaking up the Teller","Zone room214","1","21:30:10","21:34:38",
Bot467,"1nco",24,Completed,"Chemical - Part 2","Item Sliderkey Secure Flash drive","1","21:34:43","21:35:21",
Bot468,"nidhoeggr",13,Pending,"Tigr Safari","Zone place_peacemaker_002_N3","1","21:29:23","N/A",
Bot469,"AcidPhantasm",22,Pending,"Shaking up the Teller","Item Bank case","1","21:29:24","N/A",
Bot470,"Skwizzy",3,Pending,"The Huntsman Path - Evil Watchman","Zone huntsman_020","1","21:29:24","N/A",
Bot480,"Miraki",23,Completed,"The Cult - Part 2","Zone place_peacemaker_007_N1","1","21:33:18","21:36:32",
Bot480,"Miraki",23,Completed,"Shaking up the Teller","Item Bank case","1","21:36:37","21:39:15",
Bot480,"Miraki",23,Completed,"Shaking up the Teller","Zone room214","1","21:39:20","21:40:09",
Bot480,"Miraki",23,Failed,"Chemical - Part 2","Item Sealed letter with a TG logo","1","21:40:14","21:44:10",
Bot480,"Miraki",23,Completed,"Chemical - Part 2","Item Sliderkey Secure Flash drive","1","21:40:37","21:41:30",
Bot480,"Miraki",23,Failed,"Dorms 3 Story","Dorms 3 Story: Objective #13","1","21:41:35","21:44:10",
Bot486,"Notch",5,Active,"Crackhouse","Crackhouse: Objective #7","1","21:34:29","N/A",
Bot488,"MacrossMX7167",9,Completed,"Short Cut","Short Cut: Objective #1","1","21:34:30","21:40:50",
Bot488,"MacrossMX7167",9,Failed,"Dorms 3 Story","Dorms 3 Story: Objective #6","1","21:40:55","21:41:15",
Bot488,"MacrossMX7167",9,Failed,"Dorms 3 Story","Dorms 3 Story: Objective #4","1","21:41:20","21:41:30",
Bot488,"MacrossMX7167",9,Failed,"Dorms 3 Story","Dorms 3 Story: Objective #1","1","21:41:35","21:42:39",
Bot488,"MacrossMX7167",9,Failed,"Dorms 3 Story","Dorms 3 Story: Objective #9","1","21:42:44","21:42:45",
Bot488,"MacrossMX7167",9,Failed,"Dorms 3 Story","Dorms 3 Story: Objective #7","1","21:42:51","21:42:55",
Bot488,"MacrossMX7167",9,Failed,"Dorms 3 Story","Dorms 3 Story: Objective #12","1","21:43:00","21:43:03",
Bot488,"MacrossMX7167",9,Failed,"Dorms 3 Story","Dorms 3 Story: Objective #2","1","21:43:08","21:43:16",
Bot488,"MacrossMX7167",9,Failed,"Dorms 3 Story","Dorms 3 Story: Objective #8","1","21:43:21","21:43:24",
Bot487,"Clerance",9,Active,"Crackhouse","Crackhouse: Objective #7","1","21:34:31","N/A",
Bot489,"SUPERBUBU3000",5,Completed,"BP Depot","Zone fuel2","1","21:35:01","21:37:27",
Bot489,"SUPERBUBU3000",5,Active,"BP Depot","Zone fuel3","1","21:37:32","N/A",
Bot500,"Лаша Кожемяка (PonderingTheOrb)",1,Completed,"Giving Tree","Giving Tree: Objective #1","1","21:36:50","21:37:17",
Bot504,"Валера Ортопед (jennacide)",1,Failed,"Dorms 2 Story","Dorms 2 Story: Objective #4","1","21:36:52","21:38:14",
Bot504,"Валера Ортопед (jennacide)",1,Failed,"Dorms 2 Story","Dorms 2 Story: Objective #5","1","21:38:19","21:38:19",
Bot504,"Валера Ортопед (jennacide)",1,Failed,"Dorms 2 Story","Dorms 2 Story: Objective #6","1","21:38:24","21:38:24",
Bot504,"Валера Ортопед (jennacide)",1,Pending,"Dorms 2 Story","Dorms 2 Story: Objective #3","1","21:38:29","N/A",
Bot505,"ThatGuyXIV",19,Completed,"Golden Swag","Item Golden Zibbo lighter","1","21:38:26","21:38:54",
Bot505,"ThatGuyXIV",19,Active,"Golden Swag","Zone extraction_zone_zibbo","1","21:38:59","N/A",
Bot506,"Asian69Lover",15,Completed,"Bad Rep Evidence","Item Secure Folder 0031","1","21:38:27","21:44:35",
Bot506,"Asian69Lover",15,Active,"Skeleton","Skeleton: Objective #2","1","21:44:40","N/A",
Bot516,"Clerance",18,Completed,"Train Car","Train Car: Objective #1","1","21:39:42","21:39:58",
Bot516,"Clerance",18,Active,"Chemical - Part 4","Zone gazel","1","21:40:03","N/A",
Bot517,"Capataina",21,Completed,"Cargo X - Part 2","Item Secure Folder 0013","1","21:39:43","21:44:29",
Bot517,"Capataina",21,Active,"Repair Shop","Repair Shop: Objective #1","1","21:44:34","N/A",
Bot523,"Данила Скульптор (PonderingTheOrb)",1,Pending,"Giving Tree","Giving Tree: Objective #1","1","21:40:08","N/A",
Bot524,"Karma",2,Completed,"Dorms 2 Story","Dorms 2 Story: Objective #9","1","21:40:41","21:41:23",
Bot524,"Karma",2,Completed,"Dorms 2 Story","Dorms 2 Story: Objective #3","1","21:41:28","21:41:31",
Bot524,"Karma",2,Completed,"Dorms 2 Story","Dorms 2 Story: Objective #4","1","21:41:37","21:41:43",
Bot524,"Karma",2,Completed,"Dorms 2 Story","Dorms 2 Story: Objective #1","1","21:41:48","21:42:13",
Bot524,"Karma",2,Completed,"Dorms 2 Story","Dorms 2 Story: Objective #2","1","21:42:19","21:42:32",
Bot524,"Karma",2,Completed,"Dorms 2 Story","Dorms 2 Story: Objective #6","1","21:42:37","21:42:53",
Bot524,"Karma",2,Completed,"Dorms 2 Story","Dorms 2 Story: Objective #7","1","21:42:58","21:43:04",
Bot524,"Karma",2,Completed,"Dorms 2 Story","Dorms 2 Story: Objective #10","1","21:43:09","21:43:33",
Bot524,"Karma",2,Completed,"Dorms 2 Story","Dorms 2 Story: Objective #8","1","21:43:39","21:43:42",
Bot524,"Karma",2,Completed,"Dorms 2 Story","Dorms 2 Story: Objective #5","1","21:43:47","21:44:06",
Bot524,"Karma",2,Completed,"Container near Dorms","Container near Dorms: Objective #1","1","21:44:11","21:48:00",
Bot524,"Karma",2,Active,"Dorms Camp 2","Dorms Camp 2: Objective #1","1","21:48:05","N/A",
Bot526,"Макс Пипетка (AssAssIn)",1,Pending,"Substation","Substation: Objective #4","1","21:41:34","N/A",
Bot535,"Goewert",4,Pending,"Dorms 2 Story","Dorms 2 Story: Objective #7","1","21:42:45","N/A",
Bot534,"jehree",21,Completed,"Dorms 3 Story","Dorms 3 Story: Objective #10","2","21:42:46","21:44:44",
Bot534,"jehree",21,Pending,"Dorms 3 Story","Dorms 3 Story: Objective #3","1","21:44:49","N/A",
Bot536,"蘑菇汤",18,Pending,"Dorms 3 Story","Dorms 3 Story: Objective #10","1","21:42:46","N/A",
Bot540,"MeowletteBlackpaw",14,Active,"Big Red","Big Red: Objective #4","1","21:43:49","N/A",
Bot542,"Bepis",13,Pending,"Checkpoint","Checkpoint: Objective #1","1","21:44:44","N/A",
Bot541,"ODT",20,Active,"Short Cut","Short Cut: Objective #1","1","21:44:44","N/A",
Bot543,"KittehKun",12,Pending,"Smokestack","Smokestack: Objective #3","1","21:44:44","N/A",
Bot543,"KittehKun",12,Active,"Smokestack","Smokestack: Objective #1","1","21:45:57","N/A",
Bot544,"PonderingTheOrb",24,Pending,"Old Gas","Old Gas: Objective #2","1","21:44:44","N/A",
Bot550,"Глеб Борзый (snapple)",1,Active,"Dorms 2 Story","Dorms 2 Story: Objective #9","1","21:45:11","N/A",
Bot553,"Леоня Шрек (TinglePlayerParkov)",1,Active,"Giving Tree","Giving Tree: Objective #1","1","21:45:45","N/A",
Bot554,"Паша Гефорс (大熊)",1,Completed,"Factory Shacks","Factory Shacks: Objective #1","1","21:45:45","21:47:10",
Bot554,"Паша Гефорс (大熊)",1,Active,"Giving Tree","Giving Tree: Objective #1","1","21:47:15","N/A",
Bot561,"Junko Space Mommy",1,Pending,"Dorms Camp 2","Dorms Camp 2: Objective #1","1","21:46:54","N/A",
Bot559,"MMX",8,Pending,"Factory Shacks","Factory Shacks: Objective #1","1","21:46:55","N/A",
Bot560,"Claus1978",12,Failed,"Dorms 3 Story","Dorms 3 Story: Objective #5","1","21:46:55","21:47:30",
Bot562,"Carl",11,Pending,"Dorms Camp 1","Dorms Camp 1: Objective #1","1","21:46:55","N/A",
Bot563,"Порфирий Водолаз (Echo55)",1,Active,"New Gas","New Gas: Objective #3","1","21:47:56","N/A",
