Quest Name,Objective,Steps,Min Level,Max Level,First Step Position
Delivery From the Past,"Item Secure Folder 0022",1,5,17,"(-202.9, 7.1, -103.0)"
Bad Rep Evidence,"Item Secure Folder 0031",1,6,18,"(204.1, 3.9, 12.9)"
Shaking up the Teller,"Zone room214",1,9,24,"(176.4, 2.9, 184.2)"
Shaking up the Teller,"Item Bank case",1,9,24,"(178.2, 2.9, 149.5)"
Operation Aquarius - Part 1,"Zone room206_water",1,6,18,"(232.2, 2.9, 138.9)"
Pharmacist,"Zone vaz_feld",1,10,25,"(579.4, 0.8, -1.8)"
Pharmacist,"Zone room114",1,10,25,"(235.5, -0.1, 160.1)"
Pharmacist,"Item Carbon case",1,10,25,"(238.5, -0.1, 160.2)"
The Extortionist,"Zone dead_posylni",1,7,20,"(27.5, 1.5, -110.2)"
The Extortionist,"Zone vremyan_case",1,7,20,"(368.9, 1.3, -49.9)"
The Extortionist,"Item Secure Folder 0048",1,7,20,"(367.8, 1.3, -50.7)"
Golden Swag,"Zone extraction_zone_zibbo",2,8,22,"(-193.0, 1.5, -206.9)"
Golden Swag,"Item Golden Zibbo lighter",1,8,22,"(180.8, 5.9, 149.7)"
Chemical - Part 1,"Zone bomj_place",1,10,25,"(487.9, 5.8, -139.8)"
Chemical - Part 1,"Item Secure Folder 0013",1,10,25,"(498.1, 5.8, -141.4)"
Chemical - Part 2,"Item Sliderkey Secure Flash drive",1,10,25,"(193.6, 2.9, 170.9)"
Chemical - Part 2,"Item Sealed letter with a TG logo",1,10,25,"(194.8, 5.9, 173.1)"
Chemical - Part 4,"Zone gazel",1,11,27,"(480.8, 4.8, -76.7)"
Out of Curiosity,"Zone gazel",1,11,27,"(480.8, 4.8, -76.7)"
Big Customer,"Zone gazel",1,11,27,"(480.8, 4.8, -76.7)"
BP Depot,"Zone fuel1",1,5,17,"(429.9, 4.5, 16.2)"
BP Depot,"Zone fuel2",1,5,17,"(101.4, 4.6, -14.1)"
BP Depot,"Zone fuel3",1,5,17,"(335.0, 4.6, -190.0)"
BP Depot,"Zone fuel4",1,5,17,"(-334.9, 3.8, -163.5)"
Tigr Safari,"Zone place_peacemaker_002_N1",1,10,25,"(505.0, 2.2, -11.3)"
Tigr Safari,"Zone place_peacemaker_002_N2",1,10,25,"(565.8, 1.1, -24.2)"
Tigr Safari,"Zone place_peacemaker_002_N3",1,10,25,"(17.9, 1.5, 0.4)"
The Cult - Part 2,"Zone place_peacemaker_007_N1",1,18,41,"(184.1, 5.9, 183.4)"
Cargo X - Part 2,"Item Secure Folder 0013",1,12,29,"(498.1, 5.8, -141.4)"
Farming - Part 3,"Zone place_SADOVOD_03",1,14,33,"(-212.6, 1.1, -109.1)"
Farming - Part 3,"Item Package of graphics cards",1,14,33,"(-202.4, 7.1, -103.0)"
Informed Means Armed,"Zone place_skier_11_2",2,24,51,"(24.4, -1.0, 102.6)"
Chumming,"Zone place_skier_12_2",2,24,51,"(170.9, 5.9, 172.4)"
Bullshit,"Zone Q019_3",2,25,53,"(180.8, 5.9, 161.4)"
Bullshit,"Item Flash drive with fake info",1,25,53,"(-91.5, 1.7, 4.3)"
The Huntsman Path - Evil Watchman,"Zone huntsman_020",1,2,11,"(201.2, -0.8, 154.5)"
The Courier,"Zone mech_41_1",2,52,92,"(171.9, 1.1, -106.1)"
The Courier,"Zone mech_41_2",2,52,92,"(425.0, 1.0, 28.4)"
Spawn Point Wander,"Spawn Point (510.9 3.4 46.2)",1,0,99,"(510.9, 3.4, 46.2)"
Spawn Point Wander,"Spawn Point (310.7 1.3 -157.0)",1,0,99,"(310.7, 1.3, -157.0)"
Spawn Point Wander,"Spawn Point (20.1 1.1 -115.5)",1,0,99,"(20.1, 1.1, -115.5)"
Spawn Point Wander,"Spawn Point (-9.7 -6.9 127.7)",1,0,99,"(-9.7, -6.9, 127.7)"
Spawn Point Wander,"Spawn Point (571.4 1.5 -53.5)",1,0,99,"(571.4, 1.5, -53.5)"
Spawn Point Wander,"Spawn Point (119.7 1.1 -34.1)",1,0,99,"(119.7, 1.1, -34.1)"
Spawn Point Wander,"Spawn Point (584.1 9.7 146.2)",1,0,99,"(584.1, 9.7, 146.2)"
Spawn Point Wander,"Spawn Point (252.2 1.2 -108.5)",1,0,99,"(252.2, 1.2, -108.5)"
Spawn Point Wander,"Spawn Point (236.3 1.2 -95.1)",1,0,99,"(236.3, 1.2, -95.1)"
Spawn Point Wander,"Spawn Point (208.2 1.8 -116.9)",1,0,99,"(208.2, 1.8, -116.9)"
Spawn Point Wander,"Spawn Point (423.8 1.1 42.3)",1,0,99,"(423.8, 1.1, 42.3)"
Spawn Point Wander,"Spawn Point (-220.2 1.1 -141.9)",1,0,99,"(-220.2, 1.1, -141.9)"
Spawn Point Wander,"Spawn Point (288.1 1.7 -201.2)",1,0,99,"(288.1, 1.7, -201.2)"
Spawn Point Wander,"Spawn Point (255.5 1.2 -108.4)",1,0,99,"(255.5, 1.2, -108.4)"
Spawn Point Wander,"Spawn Point (447.4 7.6 111.1)",1,0,99,"(447.4, 7.6, 111.1)"
Spawn Point Wander,"Spawn Point (531.9 9.5 195.8)",1,0,99,"(531.9, 9.5, 195.8)"
Spawn Point Wander,"Spawn Point (546.9 2.2 45.6)",1,0,99,"(546.9, 2.2, 45.6)"
Spawn Point Wander,"Spawn Point (574.0 1.5 -114.9)",1,0,99,"(574.0, 1.5, -114.9)"
Spawn Point Wander,"Spawn Point (487.6 1.7 41.1)",1,0,99,"(487.6, 1.7, 41.1)"
Spawn Point Wander,"Spawn Point (-196.0 1.5 -234.6)",1,0,99,"(-196.0, 1.5, -234.6)"
Spawn Point Wander,"Spawn Point (365.1 1.3 -108.9)",1,0,99,"(365.1, 1.3, -108.9)"
Spawn Point Wander,"Spawn Point (587.9 8.9 142.0)",1,0,99,"(587.9, 8.9, 142.0)"
Spawn Point Wander,"Spawn Point (-223.2 1.1 -147.5)",1,0,99,"(-223.2, 1.1, -147.5)"
Spawn Point Wander,"Spawn Point (19.3 -0.9 36.4)",1,0,99,"(19.3, -0.9, 36.4)"
Spawn Point Wander,"Spawn Point (313.8 1.2 -191.6)",1,0,99,"(313.8, 1.2, -191.6)"
Spawn Point Wander,"Spawn Point (570.1 1.5 -55.0)",1,0,99,"(570.1, 1.5, -55.0)"
Spawn Point Wander,"Spawn Point (-132.9 -1.7 39.9)",1,0,99,"(-132.9, -1.7, 39.9)"
Spawn Point Wander,"Spawn Point (195.3 1.8 -126.1)",1,0,99,"(195.3, 1.8, -126.1)"
Spawn Point Wander,"Spawn Point (-151.8 1.3 -129.8)",1,0,99,"(-151.8, 1.3, -129.8)"
Spawn Point Wander,"Spawn Point (476.1 14.8 -71.9)",1,0,99,"(476.1, 14.8, -71.9)"
Spawn Point Wander,"Spawn Point (363.2 12.7 155.6)",1,0,99,"(363.2, 12.7, 155.6)"
Spawn Point Wander,"Spawn Point (-130.7 -2.1 38.9)",1,0,99,"(-130.7, -2.1, 38.9)"
Spawn Point Wander,"Spawn Point (100.6 1.2 -110.8)",1,0,99,"(100.6, 1.2, -110.8)"
Spawn Point Wander,"Spawn Point (-131.3 -2.1 42.7)",1,0,99,"(-131.3, -2.1, 42.7)"
Spawn Point Wander,"Spawn Point (525.6 8.9 199.0)",1,0,99,"(525.6, 8.9, 199.0)"
Spawn Point Wander,"Spawn Point (317.3 1.1 -78.8)",1,0,99,"(317.3, 1.1, -78.8)"
Spawn Point Wander,"Spawn Point (191.5 1.2 -2.5)",1,0,99,"(191.5, 1.2, -2.5)"
Spawn Point Wander,"Spawn Point (171.9 2.8 172.2)",1,0,99,"(171.9, 2.8, 172.2)"
Spawn Point Wander,"Spawn Point (411.6 1.0 0.1)",1,0,99,"(411.6, 1.0, 0.1)"
Spawn Point Wander,"Spawn Point (-333.8 -0.4 -84.5)",1,0,99,"(-333.8, -0.4, -84.5)"
Spawn Point Wander,"Spawn Point (-310.0 1.0 -94.5)",1,0,99,"(-310.0, 1.0, -94.5)"
Spawn Point Wander,"Spawn Point (46.8 -3.9 126.2)",1,0,99,"(46.8, -3.9, 126.2)"
Spawn Point Wander,"Spawn Point (291.5 2.4 -169.4)",1,0,99,"(291.5, 2.4, -169.4)"
Spawn Point Wander,"Spawn Point (-147.9 1.7 -135.6)",1,0,99,"(-147.9, 1.7, -135.6)"
Spawn Point Wander,"Spawn Point (-311.9 1.0 -125.0)",1,0,99,"(-311.9, 1.0, -125.0)"
Spawn Point Wander,"Spawn Point (603.5 1.1 -139.3)",1,0,99,"(603.5, 1.1, -139.3)"
Spawn Point Wander,"Spawn Point (663.3 1.2 -99.5)",1,0,99,"(663.3, 1.2, -99.5)"
Spawn Point Wander,"Spawn Point (454.8 2.1 61.1)",1,0,99,"(454.8, 2.1, 61.1)"
Spawn Point Wander,"Spawn Point (-216.6 -1.5 -2.1)",1,0,99,"(-216.6, -1.5, -2.1)"
Spawn Point Wander,"Spawn Point (178.6 -0.1 181.3)",1,0,99,"(178.6, -0.1, 181.3)"
Spawn Point Wander,"Spawn Point (13.1 1.2 -125.6)",1,0,99,"(13.1, 1.2, -125.6)"
Spawn Point Wander,"Spawn Point (-163.0 3.2 -168.5)",1,0,99,"(-163.0, 3.2, -168.5)"
Spawn Point Wander,"Spawn Point (518.3 8.4 187.5)",1,0,99,"(518.3, 8.4, 187.5)"
Spawn Point Wander,"Spawn Point (478.0 2.7 -83.1)",1,0,99,"(478.0, 2.7, -83.1)"
Spawn Point Wander,"Spawn Point (569.1 1.5 -54.5)",1,0,99,"(569.1, 1.5, -54.5)"
Spawn Point Wander,"Spawn Point (568.9 -1.5 -25.5)",1,0,99,"(568.9, -1.5, -25.5)"
Spawn Point Wander,"Spawn Point (186.5 2.8 173.9)",1,0,99,"(186.5, 2.8, 173.9)"
Spawn Point Wander,"Spawn Point (-300.6 0.0 -44.1)",1,0,99,"(-300.6, 0.0, -44.1)"
Spawn Point Wander,"Spawn Point (-17.2 0.0 -141.0)",1,0,99,"(-17.2, 0.0, -141.0)"
Spawn Point Wander,"Spawn Point (539.7 2.9 48.0)",1,0,99,"(539.7, 2.9, 48.0)"
Spawn Point Wander,"Spawn Point (569.8 1.5 -52.5)",1,0,99,"(569.8, 1.5, -52.5)"
Spawn Point Wander,"Spawn Point (582.3 9.8 147.5)",1,0,99,"(582.3, 9.8, 147.5)"
Spawn Point Wander,"Spawn Point (418.8 1.1 56.7)",1,0,99,"(418.8, 1.1, 56.7)"
Spawn Point Wander,"Spawn Point (339.3 1.2 -190.8)",1,0,99,"(339.3, 1.2, -190.8)"
Spawn Point Wander,"Spawn Point (570.5 1.5 -111.8)",1,0,99,"(570.5, 1.5, -111.8)"
Spawn Point Wander,"Spawn Point (5.8 1.2 -103.4)",1,0,99,"(5.8, 1.2, -103.4)"
Spawn Point Wander,"Spawn Point (-221.7 -0.7 -3.4)",1,0,99,"(-221.7, -0.7, -3.4)"
Spawn Point Wander,"Spawn Point (175.3 1.2 -5.4)",1,0,99,"(175.3, 1.2, -5.4)"
Spawn Point Wander,"Spawn Point (385.7 1.1 -116.2)",1,0,99,"(385.7, 1.1, -116.2)"
Spawn Point Wander,"Spawn Point (-154.4 1.0 -128.1)",1,0,99,"(-154.4, 1.0, -128.1)"
Spawn Point Wander,"Spawn Point (-313.9 0.9 -88.7)",1,0,99,"(-313.9, 0.9, -88.7)"
Spawn Point Wander,"Spawn Point (172.6 2.8 157.3)",1,0,99,"(172.6, 2.8, 157.3)"
Spawn Point Wander,"Spawn Point (-191.0 1.5 -236.7)",1,0,99,"(-191.0, 1.5, -236.7)"
Spawn Point Wander,"Spawn Point (-218.7 1.1 -148.4)",1,0,99,"(-218.7, 1.1, -148.4)"
Spawn Point Wander,"Spawn Point (503.2 1.2 -59.8)",1,0,99,"(503.2, 1.2, -59.8)"
Spawn Point Wander,"Spawn Point (585.7 9.5 145.8)",1,0,99,"(585.7, 9.5, 145.8)"
Spawn Point Wander,"Spawn Point (471.2 2.7 -54.3)",1,0,99,"(471.2, 2.7, -54.3)"
Spawn Point Wander,"Spawn Point (-161.6 3.2 -126.5)",1,0,99,"(-161.6, 3.2, -126.5)"
Spawn Point Wander,"Spawn Point (548.1 2.8 47.6)",1,0,99,"(548.1, 2.8, 47.6)"
Spawn Point Wander,"Spawn Point (-14.4 -7.7 126.4)",1,0,99,"(-14.4, -7.7, 126.4)"
Spawn Point Wander,"Spawn Point (172.5 1.2 -6.3)",1,0,99,"(172.5, 1.2, -6.3)"
Spawn Point Wander,"Spawn Point (315.8 1.1 -82.1)",1,0,99,"(315.8, 1.1, -82.1)"
Spawn Point Wander,"Spawn Point (645.3 1.5 46.2)",1,0,99,"(645.3, 1.5, 46.2)"
Spawn Point Wander,"Spawn Point (478.9 2.7 -79.2)",1,0,99,"(478.9, 2.7, -79.2)"
Spawn Point Wander,"Spawn Point (614.4 -0.3 -102.6)",1,0,99,"(614.4, -0.3, -102.6)"
Spawn Point Wander,"Spawn Point (503.8 1.2 -55.3)",1,0,99,"(503.8, 1.2, -55.3)"
Spawn Point Wander,"Spawn Point (133.8 1.7 -82.0)",1,0,99,"(133.8, 1.7, -82.0)"
Spawn Point Wander,"Spawn Point (291.7 1.5 -197.1)",1,0,99,"(291.7, 1.5, -197.1)"
Spawn Point Wander,"Spawn Point (-197.2 1.5 -233.5)",1,0,99,"(-197.2, 1.5, -233.5)"
Spawn Point Wander,"Spawn Point (391.6 1.3 -117.7)",1,0,99,"(391.6, 1.3, -117.7)"
Spawn Point Wander,"Spawn Point (-217.6 1.1 -144.9)",1,0,99,"(-217.6, 1.1, -144.9)"
Spawn Point Wander,"Spawn Point (641.5 1.3 43.5)",1,0,99,"(641.5, 1.3, 43.5)"
Spawn Point Wander,"Spawn Point (571.7 -0.9 6.6)",1,0,99,"(571.7, -0.9, 6.6)"
Spawn Point Wander,"Spawn Point (101.4 1.2 22.1)",1,0,99,"(101.4, 1.2, 22.1)"
Spawn Point Wander,"Spawn Point (-1.9 -5.0 127.0)",1,0,99,"(-1.9, -5.0, 127.0)"
Spawn Point Wander,"Spawn Point (294.9 2.1 -160.2)",1,0,99,"(294.9, 2.1, -160.2)"
Spawn Point Wander,"Spawn Point (294.3 1.4 -195.7)",1,0,99,"(294.3, 1.4, -195.7)"
Spawn Point Wander,"Spawn Point (480.6 2.7 -81.5)",1,0,99,"(480.6, 2.7, -81.5)"
Spawn Point Wander,"Spawn Point (314.1 1.2 -90.7)",1,0,99,"(314.1, 1.2, -90.7)"
Spawn Point Wander,"Spawn Point (620.1 -0.3 -97.0)",1,0,99,"(620.1, -0.3, -97.0)"
Spawn Point Wander,"Spawn Point (142.0 1.1 -15.0)",1,0,99,"(142.0, 1.1, -15.0)"
Spawn Point Wander,"Spawn Point (87.1 1.0 -59.2)",1,0,99,"(87.1, 1.0, -59.2)"
Spawn Point Wander,"Spawn Point (348.4 8.9 152.8)",1,0,99,"(348.4, 8.9, 152.8)"
Spawn Point Wander,"Spawn Point (-323.9 1.2 -225.6)",1,0,99,"(-323.9, 1.2, -225.6)"
Spawn Point Wander,"Spawn Point (6.5 1.3 -95.1)",1,0,99,"(6.5, 1.3, -95.1)"
Spawn Point Wander,"Spawn Point (569.9 1.5 -50.5)",1,0,99,"(569.9, 1.5, -50.5)"
Spawn Point Wander,"Spawn Point (537.5 1.1 -130.9)",1,0,99,"(537.5, 1.1, -130.9)"
Spawn Point Wander,"Spawn Point (16.0 1.3 -126.9)",1,0,99,"(16.0, 1.3, -126.9)"
Spawn Point Wander,"Spawn Point (213.6 1.2 1.9)",1,0,99,"(213.6, 1.2, 1.9)"
Spawn Point Wander,"Spawn Point (480.2 2.7 -84.5)",1,0,99,"(480.2, 2.7, -84.5)"
Spawn Point Wander,"Spawn Point (377.7 1.4 -93.4)",1,0,99,"(377.7, 1.4, -93.4)"
Spawn Point Wander,"Spawn Point (647.5 1.9 48.4)",1,0,99,"(647.5, 1.9, 48.4)"
Spawn Point Wander,"Spawn Point (226.0 1.1 -80.7)",1,0,99,"(226.0, 1.1, -80.7)"
Spawn Point Wander,"Spawn Point (195.1 1.5 -170.1)",1,0,99,"(195.1, 1.5, -170.1)"
Spawn Point Wander,"Spawn Point (-286.3 0.2 -232.6)",1,0,99,"(-286.3, 0.2, -232.6)"
Spawn Point Wander,"Spawn Point (657.8 1.1 -134.8)",1,0,99,"(657.8, 1.1, -134.8)"
Spawn Point Wander,"Spawn Point (-134.2 -1.4 38.1)",1,0,99,"(-134.2, -1.4, 38.1)"
Spawn Point Wander,"Spawn Point (430.8 1.9 54.9)",1,0,99,"(430.8, 1.9, 54.9)"
Spawn Point Wander,"Spawn Point (-31.0 -12.1 126.2)",1,0,99,"(-31.0, -12.1, 126.2)"
Spawn Point Wander,"Spawn Point (-206.3 -1.3 2.2)",1,0,99,"(-206.3, -1.3, 2.2)"
Spawn Point Wander,"Spawn Point (-157.7 1.6 -190.8)",1,0,99,"(-157.7, 1.6, -190.8)"
Spawn Point Wander,"Spawn Point (181.1 -0.1 178.1)",1,0,99,"(181.1, -0.1, 178.1)"
Spawn Point Wander,"Spawn Point (375.1 1.4 -88.8)",1,0,99,"(375.1, 1.4, -88.8)"
Spawn Point Wander,"Spawn Point (519.8 7.8 204.2)",1,0,99,"(519.8, 7.8, 204.2)"
Spawn Point Wander,"Spawn Point (98.1 1.1 -107.2)",1,0,99,"(98.1, 1.1, -107.2)"
Spawn Point Wander,"Spawn Point (19.3 1.3 -109.2)",1,0,99,"(19.3, 1.3, -109.2)"
Spawn Point Wander,"Spawn Point (-148.3 1.6 -143.6)",1,0,99,"(-148.3, 1.6, -143.6)"
Spawn Point Wander,"Spawn Point (658.0 1.1 -59.2)",1,0,99,"(658.0, 1.1, -59.2)"
Spawn Point Wander,"Spawn Point (544.7 2.9 48.1)",1,0,99,"(544.7, 2.9, 48.1)"
Spawn Point Wander,"Spawn Point (19.4 1.1 -66.1)",1,0,99,"(19.4, 1.1, -66.1)"
Spawn Point Wander,"Spawn Point (394.9 1.4 -84.0)",1,0,99,"(394.9, 1.4, -84.0)"
Spawn Point Wander,"Spawn Point (581.8 3.1 0.9)",1,0,99,"(581.8, 3.1, 0.9)"
Spawn Point Wander,"Spawn Point (617.5 -0.3 -103.1)",1,0,99,"(617.5, -0.3, -103.1)"
Spawn Point Wander,"Spawn Point (463.8 1.2 -117.4)",1,0,99,"(463.8, 1.2, -117.4)"
Spawn Point Wander,"Spawn Point (642.1 1.4 45.5)",1,0,99,"(642.1, 1.4, 45.5)"
Spawn Point Wander,"Spawn Point (568.1 1.5 -111.7)",1,0,99,"(568.1, 1.5, -111.7)"
Spawn Point Wander,"Spawn Point (569.0 1.5 -117.4)",1,0,99,"(569.0, 1.5, -117.4)"
Spawn Point Wander,"Spawn Point (21.0 1.3 -109.5)",1,0,99,"(21.0, 1.3, -109.5)"
Spawn Point Wander,"Spawn Point (323.3 1.6 -98.5)",1,0,99,"(323.3, 1.6, -98.5)"
Spawn Point Wander,"Spawn Point (355.8 10.0 152.1)",1,0,99,"(355.8, 10.0, 152.1)"
Spawn Point Wander,"Spawn Point (-152.0 1.3 -137.9)",1,0,99,"(-152.0, 1.3, -137.9)"
Spawn Point Wander,"Spawn Point (379.0 1.2 -116.8)",1,0,99,"(379.0, 1.2, -116.8)"
Spawn Point Wander,"Spawn Point (8.7 1.3 -127.8)",1,0,99,"(8.7, 1.3, -127.8)"
Spawn Point Wander,"Spawn Point (356.5 1.2 -24.2)",1,0,99,"(356.5, 1.2, -24.2)"
Spawn Point Wander,"Spawn Point (420.5 1.1 22.6)",1,0,99,"(420.5, 1.1, 22.6)"
Spawn Point Wander,"Spawn Point (368.4 1.4 -90.1)",1,0,99,"(368.4, 1.4, -90.1)"
Spawn Point Wander,"Spawn Point (-309.9 1.0 -97.0)",1,0,99,"(-309.9, 1.0, -97.0)"
Spawn Point Wander,"Spawn Point (-329.4 1.0 -211.1)",1,0,99,"(-329.4, 1.0, -211.1)"
Spawn Point Wander,"Spawn Point (-14.7 -7.7 121.6)",1,0,99,"(-14.7, -7.7, 121.6)"
Spawn Point Wander,"Spawn Point (571.2 1.5 -51.7)",1,0,99,"(571.2, 1.5, -51.7)"
Spawn Point Wander,"Spawn Point (90.1 1.4 -102.0)",1,0,99,"(90.1, 1.4, -102.0)"
Spawn Point Wander,"Spawn Point (388.4 1.1 -114.3)",1,0,99,"(388.4, 1.1, -114.3)"
Spawn Point Wander,"Spawn Point (545.0 3.2 51.0)",1,0,99,"(545.0, 3.2, 51.0)"
Spawn Point Wander,"Spawn Point (388.9 1.4 -97.2)",1,0,99,"(388.9, 1.4, -97.2)"
Spawn Point Wander,"Spawn Point (107.1 16.2 -47.9)",1,0,99,"(107.1, 16.2, -47.9)"
Spawn Point Wander,"Spawn Point (629.7 1.4 -135.6)",1,0,99,"(629.7, 1.4, -135.6)"
Spawn Point Wander,"Spawn Point (502.4 1.2 -64.4)",1,0,99,"(502.4, 1.2, -64.4)"
Spawn Point Wander,"Spawn Point (467.4 1.6 60.1)",1,0,99,"(467.4, 1.6, 60.1)"
Spawn Point Wander,"Spawn Point (-194.3 1.6 -232.9)",1,0,99,"(-194.3, 1.6, -232.9)"
Spawn Point Wander,"Spawn Point (260.3 1.2 -91.1)",1,0,99,"(260.3, 1.2, -91.1)"
Spawn Point Wander,"Spawn Point (648.8 1.8 50.2)",1,0,99,"(648.8, 1.8, 50.2)"
Spawn Point Wander,"Spawn Point (-189.1 1.5 -235.2)",1,0,99,"(-189.1, 1.5, -235.2)"
Spawn Point Wander,"Spawn Point (96.6 1.3 -106.2)",1,0,99,"(96.6, 1.3, -106.2)"
Spawn Point Wander,"Spawn Point (-335.6 0.3 -159.7)",1,0,99,"(-335.6, 0.3, -159.7)"
Spawn Point Wander,"Spawn Point (394.9 2.2 -120.7)",1,0,99,"(394.9, 2.2, -120.7)"
Spawn Point Wander,"Spawn Point (536.9 1.4 -114.3)",1,0,99,"(536.9, 1.4, -114.3)"
Spawn Point Wander,"Spawn Point (29.8 1.1 -29.5)",1,0,99,"(29.8, 1.1, -29.5)"
Spawn Point Wander,"Spawn Point (-217.4 1.2 -137.0)",1,0,99,"(-217.4, 1.2, -137.0)"
Spawn Point Wander,"Spawn Point (-320.6 0.9 -223.8)",1,0,99,"(-320.6, 0.9, -223.8)"
Spawn Point Wander,"Spawn Point (188.1 1.3 -1.4)",1,0,99,"(188.1, 1.3, -1.4)"
Spawn Point Wander,"Spawn Point (481.1 2.7 -79.2)",1,0,99,"(481.1, 2.7, -79.2)"
Spawn Point Wander,"Spawn Point (-132.9 -1.8 44.0)",1,0,99,"(-132.9, -1.8, 44.0)"
Spawn Point Wander,"Spawn Point (-21.3 -8.5 115.3)",1,0,99,"(-21.3, -8.5, 115.3)"
Spawn Point Wander,"Spawn Point (18.8 1.4 -127.1)",1,0,99,"(18.8, 1.4, -127.1)"
Spawn Point Wander,"Spawn Point (73.6 1.1 -63.5)",1,0,99,"(73.6, 1.1, -63.5)"
Spawn Point Wander,"Spawn Point (571.6 11.4 145.3)",1,0,99,"(571.6, 11.4, 145.3)"
Spawn Point Wander,"Spawn Point (617.7 -0.3 -96.9)",1,0,99,"(617.7, -0.3, -96.9)"
Spawn Point Wander,"Spawn Point (-179.4 1.4 -235.0)",1,0,99,"(-179.4, 1.4, -235.0)"
Spawn Point Wander,"Spawn Point (522.4 10.1 179.7)",1,0,99,"(522.4, 10.1, 179.7)"
Spawn Point Wander,"Spawn Point (-323.9 1.1 -222.1)",1,0,99,"(-323.9, 1.1, -222.1)"
Spawn Point Wander,"Spawn Point (57.7 1.2 -37.5)",1,0,99,"(57.7, 1.2, -37.5)"
Spawn Point Wander,"Spawn Point (296.6 1.9 -200.6)",1,0,99,"(296.6, 1.9, -200.6)"
Spawn Point Wander,"Spawn Point (174.7 -0.1 152.7)",1,0,99,"(174.7, -0.1, 152.7)"
Spawn Point Wander,"Spawn Point (5.9 1.4 -90.5)",1,0,99,"(5.9, 1.4, -90.5)"
Spawn Point Wander,"Spawn Point (576.4 1.5 -115.4)",1,0,99,"(576.4, 1.5, -115.4)"
Spawn Point Wander,"Spawn Point (-321.0 1.0 -220.9)",1,0,99,"(-321.0, 1.0, -220.9)"
Spawn Point Wander,"Spawn Point (580.0 -0.6 33.1)",1,0,99,"(580.0, -0.6, 33.1)"
Spawn Point Wander,"Spawn Point (502.7 1.2 -62.1)",1,0,99,"(502.7, 1.2, -62.1)"
Spawn Point Wander,"Spawn Point (255.2 53.4 -27.0)",1,0,99,"(255.2, 53.4, -27.0)"
Spawn Point Wander,"Spawn Point (-209.1 -1.4 0.7)",1,0,99,"(-209.1, -1.4, 0.7)"
Spawn Point Wander,"Spawn Point (503.4 1.2 -57.6)",1,0,99,"(503.4, 1.2, -57.6)"
Spawn Point Wander,"Spawn Point (315.8 1.1 -79.1)",1,0,99,"(315.8, 1.1, -79.1)"
Spawn Point Wander,"Spawn Point (-247.5 -0.2 -14.3)",1,0,99,"(-247.5, -0.2, -14.3)"
Spawn Point Wander,"Spawn Point (-19.8 -8.5 113.3)",1,0,99,"(-19.8, -8.5, 113.3)"
Spawn Point Wander,"Spawn Point (109.9 1.2 -109.8)",1,0,99,"(109.9, 1.2, -109.8)"
Spawn Point Wander,"Spawn Point (34.2 1.1 -49.5)",1,0,99,"(34.2, 1.1, -49.5)"
Spawn Point Wander,"Spawn Point (289.0 1.4 -196.1)",1,0,99,"(289.0, 1.4, -196.1)"
Spawn Point Wander,"Spawn Point (615.6 -0.3 -96.8)",1,0,99,"(615.6, -0.3, -96.8)"
Spawn Point Wander,"Spawn Point (410.9 1.4 -112.0)",1,0,99,"(410.9, 1.4, -112.0)"
Spawn Point Wander,"Spawn Point (365.5 11.5 149.3)",1,0,99,"(365.5, 11.5, 149.3)"
Spawn Point Wander,"Spawn Point (185.4 2.8 182.8)",1,0,99,"(185.4, 2.8, 182.8)"
Spawn Point Wander,"Spawn Point (-306.1 1.0 -89.4)",1,0,99,"(-306.1, 1.0, -89.4)"
Spawn Point Wander,"Spawn Point (529.6 2.5 43.7)",1,0,99,"(529.6, 2.5, 43.7)"
Spawn Point Wander,"Spawn Point (227.9 1.3 -86.4)",1,0,99,"(227.9, 1.3, -86.4)"
Spawn Point Wander,"Spawn Point (605.0 1.2 -119.5)",1,0,99,"(605.0, 1.2, -119.5)"
Spawn Point Wander,"Spawn Point (454.3 2.7 -81.5)",1,0,99,"(454.3, 2.7, -81.5)"
Spawn Point Wander,"Spawn Point (91.3 1.2 -104.9)",1,0,99,"(91.3, 1.2, -104.9)"
Spawn Point Wander,"Spawn Point (20.4 1.2 -124.8)",1,0,99,"(20.4, 1.2, -124.8)"
Spawn Point Wander,"Spawn Point (-214.6 -1.2 -0.4)",1,0,99,"(-214.6, -1.2, -0.4)"
Spawn Point Wander,"Spawn Point (-273.5 1.0 -72.1)",1,0,99,"(-273.5, 1.0, -72.1)"
Spawn Point Wander,"Spawn Point (391.9 1.4 -86.2)",1,0,99,"(391.9, 1.4, -86.2)"
Spawn Point Wander,"Spawn Point (360.0 11.5 154.3)",1,0,99,"(360.0, 11.5, 154.3)"
Spawn Point Wander,"Spawn Point (227.6 -0.7 124.9)",1,0,99,"(227.6, -0.7, 124.9)"
Spawn Point Wander,"Spawn Point (422.3 4.2 97.2)",1,0,99,"(422.3, 4.2, 97.2)"
Spawn Point Wander,"Spawn Point (27.5 -1.1 127.3)",1,0,99,"(27.5, -1.1, 127.3)"
Spawn Point Wander,"Spawn Point (-303.4 1.0 -89.5)",1,0,99,"(-303.4, 1.0, -89.5)"
Spawn Point Wander,"Spawn Point (314.9 1.2 -93.1)",1,0,99,"(314.9, 1.2, -93.1)"
Spawn Point Wander,"Spawn Point (190.7 -0.1 175.9)",1,0,99,"(190.7, -0.1, 175.9)"
Spawn Point Wander,"Spawn Point (-236.4 1.5 -235.9)",1,0,99,"(-236.4, 1.5, -235.9)"
Spawn Point Wander,"Spawn Point (-320.6 0.9 -227.8)",1,0,99,"(-320.6, 0.9, -227.8)"
Spawn Rush,"Spawn Rush: Objective #1",1,0,99,"(648.8, 1.8, 50.2)"
Boss Hunter,"Spawn Point (252.2 1.2 -108.5)",1,15,99,"(252.2, 1.2, -108.5)"
Boss Hunter,"Spawn Point (236.3 1.2 -95.1)",1,15,99,"(236.3, 1.2, -95.1)"
Boss Hunter,"Spawn Point (208.2 1.8 -116.9)",1,15,99,"(208.2, 1.8, -116.9)"
Boss Hunter,"Spawn Point (255.5 1.2 -108.4)",1,15,99,"(255.5, 1.2, -108.4)"
Boss Hunter,"Spawn Point (195.3 1.8 -126.1)",1,15,99,"(195.3, 1.8, -126.1)"
Boss Hunter,"Spawn Point (476.1 14.8 -71.9)",1,15,99,"(476.1, 14.8, -71.9)"
Boss Hunter,"Spawn Point (191.5 1.2 -2.5)",1,15,99,"(191.5, 1.2, -2.5)"
Boss Hunter,"Spawn Point (171.9 2.8 172.2)",1,15,99,"(171.9, 2.8, 172.2)"
Boss Hunter,"Spawn Point (178.6 -0.1 181.3)",1,15,99,"(178.6, -0.1, 181.3)"
Boss Hunter,"Spawn Point (186.5 2.8 173.9)",1,15,99,"(186.5, 2.8, 173.9)"
Boss Hunter,"Spawn Point (175.3 1.2 -5.4)",1,15,99,"(175.3, 1.2, -5.4)"
Boss Hunter,"Spawn Point (172.6 2.8 157.3)",1,15,99,"(172.6, 2.8, 157.3)"
Boss Hunter,"Spawn Point (133.8 1.7 -82.0)",1,15,99,"(133.8, 1.7, -82.0)"
Boss Hunter,"Spawn Point (213.6 1.2 1.9)",1,15,99,"(213.6, 1.2, 1.9)"
Boss Hunter,"Spawn Point (226.0 1.1 -80.7)",1,15,99,"(226.0, 1.1, -80.7)"
Boss Hunter,"Spawn Point (195.1 1.5 -170.1)",1,15,99,"(195.1, 1.5, -170.1)"
Boss Hunter,"Spawn Point (181.1 -0.1 178.1)",1,15,99,"(181.1, -0.1, 178.1)"
Boss Hunter,"Spawn Point (581.8 3.1 0.9)",1,15,99,"(581.8, 3.1, 0.9)"
Boss Hunter,"Spawn Point (107.1 16.2 -47.9)",1,15,99,"(107.1, 16.2, -47.9)"
Boss Hunter,"Spawn Point (260.3 1.2 -91.1)",1,15,99,"(260.3, 1.2, -91.1)"
Boss Hunter,"Spawn Point (188.1 1.3 -1.4)",1,15,99,"(188.1, 1.3, -1.4)"
Boss Hunter,"Spawn Point (174.7 -0.1 152.7)",1,15,99,"(174.7, -0.1, 152.7)"
Boss Hunter,"Spawn Point (255.2 53.4 -27.0)",1,15,99,"(255.2, 53.4, -27.0)"
Boss Hunter,"Spawn Point (109.9 1.2 -109.8)",1,15,99,"(109.9, 1.2, -109.8)"
Boss Hunter,"Spawn Point (185.4 2.8 182.8)",1,15,99,"(185.4, 2.8, 182.8)"
Boss Hunter,"Spawn Point (227.9 1.3 -86.4)",1,15,99,"(227.9, 1.3, -86.4)"
Boss Hunter,"Spawn Point (227.6 -0.7 124.9)",1,15,99,"(227.6, -0.7, 124.9)"
Boss Hunter,"Spawn Point (190.7 -0.1 175.9)",1,15,99,"(190.7, -0.1, 175.9)"
Marked Room Rush,"Marked Room Rush: Objective #1",5,15,99,"(185.2, 5.9, 183.2)"
Crackhouse Rush,"Crackhouse Rush: Objective #1",1,0,99,"(85.0, 1.5, -145.8)"
Dorms 2 Story Rush,"Dorms 2 Story Rush: Objective #1",1,0,99,"(229.8, -0.1, 141.9)"
Dorms 3 Story Rush,"Dorms 3 Story Rush: Objective #1",1,0,99,"(178.2, -0.1, 155.4)"
Big Red Rush,"Big Red Rush: Objective #1",1,0,99,"(-204.1, 1.1, -105.6)"
Flash-Drive Van,"Flash-Drive Van: Objective #1",1,0,99,"(518.5, 1.1, -98.8)"
Crackhouse,"Crackhouse: Objective #1",1,0,99,"(79.3, 1.5, -155.5)"
Crackhouse,"Crackhouse: Objective #2",1,0,99,"(85.0, 1.5, -145.8)"
Crackhouse,"Crackhouse: Objective #3",1,0,99,"(87.3, 4.7, -150.4)"
Crackhouse,"Crackhouse: Objective #4",1,0,99,"(87.8, 1.5, -149.4)"
Crackhouse,"Crackhouse: Objective #5",1,0,99,"(81.7, 1.5, -162.1)"
Crackhouse,"Crackhouse: Objective #6",2,0,99,"(79.3, 4.7, -166.1)"
Crackhouse,"Crackhouse: Objective #7",1,0,99,"(78.0, 4.7, -152.8)"
Dorms 2 Story,"Dorms 2 Story: Objective #1",1,0,99,"(229.8, -0.1, 141.9)"
Dorms 2 Story,"Dorms 2 Story: Objective #2",1,0,99,"(233.0, -0.1, 147.2)"
Dorms 2 Story,"Dorms 2 Story: Objective #3",1,0,99,"(226.2, -0.1, 135.3)"
Dorms 2 Story,"Dorms 2 Story: Objective #4",1,0,99,"(224.1, -0.1, 139.6)"
Dorms 2 Story,"Dorms 2 Story: Objective #5",1,0,99,"(225.9, -0.1, 145.4)"
Dorms 2 Story,"Dorms 2 Story: Objective #6",1,0,99,"(227.3, -0.1, 147.8)"
Dorms 2 Story,"Dorms 2 Story: Objective #7",1,0,99,"(228.6, -0.1, 160.1)"
Dorms 2 Story,"Dorms 2 Story: Objective #8",1,0,99,"(237.6, -0.1, 160.0)"
Dorms 2 Story,"Dorms 2 Story: Objective #9",1,0,99,"(224.7, 2.9, 129.3)"
Dorms 2 Story,"Dorms 2 Story: Objective #10",1,0,99,"(236.2, 2.9, 156.6)"
Dorms 3 Story,"Dorms 3 Story: Objective #1",1,0,99,"(178.2, -0.1, 155.4)"
Dorms 3 Story,"Dorms 3 Story: Objective #2",1,0,99,"(170.3, -0.1, 162.5)"
Dorms 3 Story,"Dorms 3 Story: Objective #3",2,0,99,"(182.1, -0.1, 171.6)"
Dorms 3 Story,"Dorms 3 Story: Objective #4",1,0,99,"(171.0, 2.9, 147.6)"
Dorms 3 Story,"Dorms 3 Story: Objective #5",1,0,99,"(171.7, 2.9, 168.8)"
Dorms 3 Story,"Dorms 3 Story: Objective #6",1,0,99,"(180.5, 5.9, 145.9)"
Dorms 3 Story,"Dorms 3 Story: Objective #7",2,0,99,"(195.8, 5.9, 172.4)"
Dorms 3 Story,"Dorms 3 Story: Objective #8",1,0,99,"(194.5, -0.2, 179.9)"
Dorms 3 Story,"Dorms 3 Story: Objective #9",1,0,99,"(171.3, 2.9, 150.6)"
Dorms 3 Story,"Dorms 3 Story: Objective #10",2,0,99,"(172.3, 2.9, 172.6)"
Dorms 3 Story,"Dorms 3 Story: Objective #11",1,0,99,"(175.4, 2.9, 183.9)"
Dorms 3 Story,"Dorms 3 Story: Objective #12",1,0,99,"(194.3, 2.9, 179.4)"
Dorms 3 Story,"Dorms 3 Story: Objective #13",1,0,99,"(185.2, 5.9, 182.8)"
Big Red,"Big Red: Objective #1",1,0,99,"(-204.1, 1.1, -105.6)"
Big Red,"Big Red: Objective #2",1,0,99,"(-219.6, 1.1, -149.1)"
Big Red,"Big Red: Objective #3",1,0,99,"(-203.1, 1.1, -142.9)"
Big Red,"Big Red: Objective #4",1,0,99,"(-202.5, 7.1, -100.5)"
Big Red,"Big Red: Objective #5",1,0,99,"(-203.0, 7.1, -107.0)"
Fortress,"Fortress: Objective #1",1,0,99,"(198.3, 1.9, -114.3)"
Fortress,"Fortress: Objective #2",1,0,99,"(204.7, 7.8, -113.2)"
Fortress,"Fortress: Objective #3",1,0,99,"(206.3, 7.8, -98.3)"
Fortress,"Fortress: Objective #4",1,0,99,"(194.4, 7.8, -130.9)"
Fortress,"Fortress: Objective #5",1,0,99,"(216.4, 7.8, -143.1)"
Fortress,"Fortress: Objective #6",1,0,99,"(193.0, 7.8, -102.6)"
Fortress,"Fortress: Objective #7",1,0,99,"(198.2, 1.8, -149.1)"
Fortress,"Fortress: Objective #8",3,0,99,"(205.6, 1.8, -125.0)"
Fortress,"Fortress: Objective #9",4,0,99,"(190.1, 1.8, -103.7)"
Storage Building,"Storage Building: Objective #1",1,0,99,"(384.6, 1.4, -107.6)"
Storage Building,"Storage Building: Objective #2",1,0,99,"(375.0, 1.4, -95.7)"
Warehouse 4,"Warehouse 4: Objective #1",1,0,99,"(345.4, 1.2, -79.5)"
Warehouse 4,"Warehouse 4: Objective #2",1,0,99,"(339.3, 1.3, -82.4)"
Warehouse 4,"Warehouse 4: Objective #3",1,0,99,"(324.7, 2.5, -61.6)"
Short Cut,"Short Cut: Objective #1",1,5,99,"(360.0, 1.3, -13.0)"
Container Building,"Container Building: Objective #1",1,0,99,"(464.8, 2.6, -64.1)"
Container Building,"Container Building: Objective #2",1,0,99,"(467.4, 2.8, -50.3)"
Repair Shop,"Repair Shop: Objective #1",1,0,99,"(560.8, 1.4, -86.9)"
Repair Shop,"Repair Shop: Objective #2",1,0,99,"(565.4, 1.5, -49.9)"
Repair Shop,"Repair Shop: Objective #3",1,0,99,"(564.5, 6.7, -80.2)"
Repair Shop,"Repair Shop: Objective #4",1,0,99,"(573.8, 6.8, -81.5)"
Repair Shop,"Repair Shop: Objective #5",1,0,99,"(566.5, 6.7, -89.9)"
Repair Shop,"Repair Shop: Objective #6",1,0,99,"(564.1, 6.7, -55.1)"
Repair Shop,"Repair Shop: Objective #7",1,0,99,"(565.6, 6.7, -50.7)"
Repair Shop,"Repair Shop: Objective #8",1,0,99,"(577.8, 6.7, -51.3)"
Repair Shop,"Repair Shop: Objective #9",1,0,99,"(567.8, 6.7, -57.3)"
Admin Gate,"Admin Gate: Objective #1",1,0,99,"(670.3, 1.1, -50.5)"
Factory Far Corner,"Factory Far Corner: Objective #1",1,0,99,"(656.9, 1.2, -150.1)"
Glass Building,"Glass Building: Objective #1",1,0,99,"(604.4, 1.5, -133.9)"
Glass Building,"Glass Building: Objective #2",1,0,99,"(621.8, 1.5, -126.4)"
Glass Building,"Glass Building: Objective #3",2,0,99,"(603.2, 4.6, -123.4)"
Glass Building,"Glass Building: Objective #4",1,0,99,"(622.0, 4.6, -125.3)"
Smokestack,"Smokestack: Objective #1",1,0,99,"(573.9, 1.5, -114.9)"
Smokestack,"Smokestack: Objective #2",1,0,99,"(570.8, 9.2, -125.5)"
Smokestack,"Smokestack: Objective #3",1,0,99,"(554.3, 4.2, -125.8)"
Scav Checkpoint,"Scav Checkpoint: Objective #1",1,0,99,"(647.7, -0.2, -18.5)"
Scav Checkpoint,"Scav Checkpoint: Objective #2",1,0,99,"(654.9, 0.3, -14.9)"
Checkpoint,"Checkpoint: Objective #1",1,0,99,"(577.9, -0.5, -3.5)"
Checkpoint,"Checkpoint: Objective #2",1,0,99,"(580.9, 0.0, 4.3)"
Military Base CP,"Military Base CP: Objective #1",1,0,99,"(661.7, 1.1, 126.1)"
Passage between Rocks,"Passage between Rocks: Objective #1",1,0,99,"(560.1, 12.2, 163.4)"
Substation,"Substation: Objective #1",1,0,99,"(515.0, 14.0, 123.6)"
Substation,"Substation: Objective #2",1,0,99,"(507.3, 14.1, 117.1)"
Substation,"Substation: Objective #3",1,0,99,"(500.7, 14.8, 104.1)"
Substation,"Substation: Objective #4",1,0,99,"(503.1, 15.1, 92.7)"
Substation,"Substation: Objective #5",1,0,99,"(492.4, 15.7, 104.1)"
Substation,"Substation: Objective #6",1,0,99,"(492.3, 14.2, 128.7)"
Train Car,"Train Car: Objective #1",1,0,99,"(454.7, 5.0, 178.3)"
Antenna,"Antenna: Objective #1",1,0,99,"(393.5, 15.1, 205.4)"
Dorms Camp 1,"Dorms Camp 1: Objective #1",1,0,99,"(110.7, -2.8, 159.8)"
Dorms Camp 2,"Dorms Camp 2: Objective #1",1,0,99,"(303.3, 4.4, 155.1)"
North Shack by Big Red,"North Shack by Big Red: Objective #1",1,0,99,"(-183.9, 1.8, -186.8)"
South Shack by Big Red,"South Shack by Big Red: Objective #1",1,0,99,"(-203.1, 1.2, -32.9)"
Storage,"Storage: Objective #1",1,0,99,"(-253.8, 0.9, -64.5)"
Storage,"Storage: Objective #2",1,0,99,"(-252.5, 1.0, -90.4)"
Storage,"Storage: Objective #3",1,0,99,"(-271.0, 1.1, -115.5)"
Storage,"Storage: Objective #4",1,0,99,"(-295.1, 1.0, -117.2)"
Storage,"Storage: Objective #5",1,0,99,"(-293.2, 1.0, -141.5)"
Storage,"Storage: Objective #6",1,0,99,"(-293.6, 0.9, -173.6)"
Storage,"Storage: Objective #7",1,0,99,"(-271.7, 0.9, -168.8)"
Trailer Park Cabin,"Trailer Park Cabin: Objective #1",1,0,99,"(-255.6, 3.1, -233.7)"
RUAF Checkpoint,"RUAF Checkpoint: Objective #1",1,0,99,"(2.5, 1.1, -126.0)"
Warehouse 17,"Warehouse 17: Objective #1",1,0,99,"(40.3, 1.1, -80.6)"
Garage,"Garage: Objective #1",1,0,99,"(101.4, 1.3, -96.9)"
Garage,"Garage: Objective #2",1,0,99,"(112.2, 1.3, -87.6)"
Garage,"Garage: Objective #3",1,0,99,"(113.1, 4.1, -86.4)"
Porta Potty,"Porta Potty: Objective #1",1,0,99,"(206.2, 4.1, -239.0)"
Giving Tree,"Giving Tree: Objective #1",1,0,99,"(289.6, 1.2, -191.9)"
Old Gas,"Old Gas: Objective #1",1,0,99,"(316.6, 1.3, -185.2)"
Old Gas,"Old Gas: Objective #2",1,0,99,"(345.7, 1.1, -162.6)"
Construction,"Construction: Objective #1",2,0,99,"(70.8, 6.7, -13.1)"
Skeleton,"Skeleton: Objective #1",1,0,99,"(218.2, 7.4, -3.7)"
Skeleton,"Skeleton: Objective #2",1,0,99,"(210.6, 7.4, -3.9)"
Factory Shacks,"Factory Shacks: Objective #1",1,0,99,"(203.5, 1.1, 15.1)"
Bus Terminal,"Bus Terminal: Objective #1",1,0,99,"(254.0, -0.6, 50.0)"
Container near Dorms,"Container near Dorms: Objective #1",1,0,99,"(202.4, -3.1, 71.6)"
Ice Cream,"Ice Cream: Objective #1",1,0,99,"(13.5, -1.0, 37.4)"
New Gas,"New Gas: Objective #1",1,0,99,"(411.1, 1.2, 21.7)"
New Gas,"New Gas: Objective #2",1,0,99,"(417.8, 1.4, 38.1)"
New Gas,"New Gas: Objective #3",1,0,99,"(412.3, 1.1, 39.5)"
RUAF Crossing Camping,"RUAF Crossing Camping: Objective #1",2,0,99,"(-12.0, 0.2, -110.2)"
RUAF Crossing Camping,"RUAF Crossing Camping: Objective #2",2,0,99,"(6.1, 1.1, -130.4)"
Center Crossing Camping,"Center Crossing Camping: Objective #1",2,0,99,"(20.0, 2.4, -24.4)"
Junk Bridge Crossing Camping,"Junk Bridge Crossing Camping: Objective #1",2,0,99,"(-9.8, -3.8, 64.3)"
Dorms 3 Story Bathroom Camping Floor 1,"Dorms 3 Story Bathroom Camping Floor 1: Objective #1",4,0,99,"(174.2, -0.2, 168.8)"
Dorms 3 Story Bathroom Camping Floor 2,"Dorms 3 Story Bathroom Camping Floor 2: Objective #1",4,0,99,"(174.4, 2.9, 168.9)"
Dorms 2 Story Bathroom Camping Floor 1,"Dorms 2 Story Bathroom Camping Floor 1: Objective #1",4,0,99,"(234.2, -0.1, 150.7)"
Dorms 3 Story Roof Sniping,"Dorms 3 Story Roof Sniping: Objective #1",2,0,99,"(190.6, 5.9, 170.5)"
New Gas Sniping,"New Gas Sniping: Objective #1",2,0,99,"(476.3, 9.6, 67.0)"
Crackhouse Area Sniping,"Crackhouse Area Sniping: Objective #1",2,0,99,"(71.2, 1.1, -129.2)"
Fortress Sniping,"Fortress Sniping: Objective #1",2,0,99,"(198.8, 7.8, -99.7)"
Fortress Sniping,"Fortress Sniping: Objective #2",2,0,99,"(192.2, 7.8, -101.7)"
Fortress Sniping,"Fortress Sniping: Objective #3",2,0,99,"(189.8, 7.8, -109.9)"
Fortress Sniping,"Fortress Sniping: Objective #4",2,0,99,"(194.2, 7.8, -132.4)"
Fortress Sniping,"Fortress Sniping: Objective #5",2,0,99,"(217.3, 7.8, -143.7)"
Fortress Sniping,"Fortress Sniping: Objective #6",2,0,99,"(213.9, 7.8, -131.1)"
Fortress Sniping,"Fortress Sniping: Objective #7",2,0,99,"(210.4, 7.8, -112.1)"
Old Gas Sniping,"Old Gas Sniping: Objective #1",2,0,99,"(358.0, 4.2, -125.6)"
Container Building Ambush,"Container Building Ambush: Objective #1",2,0,99,"(511.1, 5.9, -55.2)"
Checkpoint Sniping,"Checkpoint Sniping: Objective #1",2,0,99,"(513.0, 9.2, 60.4)"
Big Red Camping,"Big Red Camping: Objective #1",2,0,99,"(-217.6, 1.1, -132.5)"
Big Red Camping,"Big Red Camping: Objective #2",4,0,99,"(-203.5, 7.1, -106.5)"
Bridge Sniping,"Bridge Sniping: Objective #1",2,0,99,"(-38.8, 0.4, -5.2)"
Bridge Sniping,"Bridge Sniping: Objective #2",2,0,99,"(-67.1, 0.4, 13.5)"
