Bot Name,Bot Nickname,Bot Level,Assignment Status,Quest Name,Objective Name,Step Number,Start Time,End Time
Bot52,"AcidPhantasm",7,Completed,"The Extortionist","Item Secure Folder 0048","1","22:49:28","22:49:39",
Bot52,"AcidPhantasm",7,Failed,"The Extortionist","Zone dead_posylni","1","22:49:44","22:52:11",
Bot53,"lualeet",9,Failed,"Short Cut","Short Cut: Objective #1","1","22:49:28","22:52:45",
Bot54,"Singularity",8,Completed,"BP Depot","Zone fuel1","1","22:49:28","22:50:58",
Bot54,"Singularity",8,Failed,"BP Depot","Zone fuel3","1","22:51:03","23:16:51",
Bot55,"Archy",13,Completed,"Substation","Substation: Objective #4","1","22:49:29","22:49:33",
Bot55,"Archy",13,Pending,"Substation","Substation: Objective #3","1","22:49:38","N/A",
Bot56,"Jeo",9,Completed,"BP Depot","Zone fuel2","1","22:49:29","22:50:56",
Bot56,"Jeo",9,Active,"BP Depot","Zone fuel3","1","22:51:01","N/A",
Bot57,"ssh",11,Pending,"The Extortionist","Zone dead_posylni","1","22:49:29","N/A",
Bot58,"ViolentAmbush",12,Completed,"Crackhouse Rush","Crackhouse Rush: Objective #1","1","22:49:30","22:56:04",
Bot58,"ViolentAmbush",12,Failed,"BP Depot","Zone fuel2","1","22:56:09","22:57:55",
Bot68,"Corty",10,Failed,"Shaking up the Teller","Item Bank case","1","22:49:35","22:53:09",
Bot69,"KittehKun",8,Completed,"Operation Aquarius - Part 1","Zone room206_water","1","22:49:35","22:53:47",
Bot69,"KittehKun",8,Completed,"The Huntsman Path - Evil Watchman","Zone huntsman_020","1","22:53:52","22:55:51",
Bot69,"KittehKun",8,Pending,"Dorms 3 Story","Dorms 3 Story: Objective #7","1","22:55:57","N/A",
Bot103,"5o2",12,Failed,"The Extortionist","Zone dead_posylni","1","22:56:26","23:00:55",
Bot104,"CthuluTheMadGod",9,Failed,"Garage","Garage: Objective #1","1","22:56:27","23:03:37",
Bot105,"Reis",1,Failed,"Crackhouse","Crackhouse: Objective #5","1","22:56:27","23:07:55",
Bot106,"snowythefox811",11,Active,"The Extortionist","Zone dead_posylni","1","22:56:30","N/A",
Bot108,"EpiicBatkiller",12,Failed,"The Extortionist","Zone dead_posylni","1","22:56:31","23:00:14",
Bot107,"Cheese",11,Completed,"Tigr Safari","Zone place_peacemaker_002_N3","1","22:56:31","23:01:36",
Bot107,"Cheese",11,Failed,"Tigr Safari","Zone place_peacemaker_002_N1","1","23:01:41","23:08:12",
Bot109,"blkcbrd13",17,Failed,"Bad Rep Evidence","Item Secure Folder 0031","1","22:56:32","23:00:50",
Bot121,"Borkel",13,Active,"Tigr Safari","Zone place_peacemaker_002_N3","1","22:58:20","N/A",
Bot122,"PaPaSamBuBu",16,Completed,"Tigr Safari","Zone place_peacemaker_002_N3","1","22:58:20","22:58:39",
Bot122,"PaPaSamBuBu",16,Active,"Tigr Safari","Zone place_peacemaker_002_N1","1","22:58:44","N/A",
Bot141,"Dirtbikercj",7,Pending,"Bad Rep Evidence","Item Secure Folder 0031","1","23:01:38","N/A",
Bot140,"1nco",7,Completed,"The Huntsman Path - Evil Watchman","Zone huntsman_020","1","23:01:38","23:02:56",
Bot140,"1nco",7,Failed,"Bad Rep Evidence","Item Secure Folder 0031","1","23:03:01","23:11:19",
Bot149,"NukeSkywalker",17,Active,"Out of Curiosity","Zone gazel","1","23:03:02","N/A",
Bot150,"DannyR121",9,Completed,"The Extortionist","Zone vremyan_case","1","23:03:02","23:04:38",
Bot150,"DannyR121",9,Completed,"The Extortionist","Item Secure Folder 0048","1","23:04:43","23:04:53",
Bot150,"DannyR121",9,Failed,"The Extortionist","Zone dead_posylni","1","23:04:58","23:09:15",
Bot154,"Денис Сырой (Kattomine)",1,Completed,"Bus Terminal","Bus Terminal: Objective #1","1","23:03:55","23:19:51",
Bot154,"Денис Сырой (Kattomine)",1,Active,"Dorms 3 Story","Dorms 3 Story: Objective #6","1","23:19:57","N/A",
Bot155,"红衣抚琴染绛天涯",17,Failed,"Garage","Garage: Objective #1","1","23:03:55","23:05:52",
Bot156,"NotJojo",4,Failed,"Fortress","Fortress: Objective #4","1","23:03:55","23:06:09",
Bot162,"Юлиан Хук (IcyClawz)",1,Completed,"Bus Terminal","Bus Terminal: Objective #1","1","23:04:54","23:05:25",
Bot162,"Юлиан Хук (IcyClawz)",1,Completed,"Dorms 3 Story","Dorms 3 Story: Objective #6","1","23:05:31","23:07:40",
Bot162,"Юлиан Хук (IcyClawz)",1,Active,"Dorms 3 Story","Dorms 3 Story: Objective #4","1","23:07:45","N/A",
Bot164,"Вадик Пипетка (Corty)",1,Active,"Dorms 2 Story","Dorms 2 Story: Objective #9","1","23:05:51","N/A",
Bot170,"TEOA",4,Completed,"RUAF Checkpoint","RUAF Checkpoint: Objective #1","1","23:06:25","23:07:25",
Bot170,"TEOA",4,Pending,"Fortress","Fortress: Objective #9","1","23:07:30","N/A",
Bot170,"TEOA",4,Completed,"Fortress","Fortress: Objective #4","1","23:07:50","23:10:22",
Bot170,"TEOA",4,Completed,"Fortress","Fortress: Objective #8","3","23:10:27","23:11:30",
Bot170,"TEOA",4,Completed,"Fortress","Fortress: Objective #1","1","23:11:35","23:11:45",
Bot170,"TEOA",4,Completed,"Fortress","Fortress: Objective #2","1","23:11:50","23:12:08",
Bot170,"TEOA",4,Completed,"Fortress","Fortress: Objective #3","1","23:12:13","23:12:23",
Bot170,"TEOA",4,Completed,"Fortress","Fortress: Objective #6","1","23:12:28","23:12:42",
Bot170,"TEOA",4,Completed,"Fortress","Fortress: Objective #5","1","23:12:47","23:13:05",
Bot170,"TEOA",4,Active,"Fortress","Fortress: Objective #7","1","23:13:10","N/A",
Bot171,"Jester_Stacks",3,Pending,"Crackhouse Area Sniping","Crackhouse Area Sniping: Objective #1","1","23:06:26","N/A",
Bot179,"Юлиан Чайковский (Lua)",1,Completed,"Container near Dorms","Container near Dorms: Objective #1","1","23:08:45","23:09:24",
Bot179,"Юлиан Чайковский (Lua)",1,Active,"Dorms 2 Story","Dorms 2 Story: Objective #9","1","23:09:29","N/A",
Bot182,"Серый Трудовик (!Komino Style!)",1,Failed,"Crackhouse","Crackhouse: Objective #7","1","23:09:32","23:11:53",
Bot186,"Lua",19,Completed,"Short Cut","Short Cut: Objective #1","1","23:10:07","23:10:24",
Bot186,"Lua",19,Active,"Flash-Drive Van","Flash-Drive Van: Objective #1","1","23:10:29","N/A",
Bot187,"DanCam38",18,Pending,"Fortress","Fortress: Objective #5","1","23:10:08","N/A",
Bot188,"VampireKittenThe2nd",17,Completed,"Short Cut","Short Cut: Objective #1","1","23:10:09","23:14:52",
Bot188,"VampireKittenThe2nd",17,Completed,"Warehouse 4","Warehouse 4: Objective #3","1","23:14:58","23:15:33",
Bot188,"VampireKittenThe2nd",17,Completed,"Warehouse 4","Warehouse 4: Objective #2","1","23:15:38","23:16:14",
Bot188,"VampireKittenThe2nd",17,Completed,"Giving Tree","Giving Tree: Objective #1","1","23:16:19","23:17:15",
Bot188,"VampireKittenThe2nd",17,Active,"Fortress","Fortress: Objective #5","1","23:17:20","N/A",
Bot194,"Колян Сова (jfetko)",1,Pending,"Dorms 2 Story","Dorms 2 Story: Objective #9","1","23:11:55","N/A",
Bot197,"Альвиан Огрызок (Traveler)",1,Pending,"Crackhouse","Crackhouse: Objective #7","1","23:12:06","N/A",
Bot196,"Нойс Денди (blkcbrd13)",1,Completed,"Big Red","Big Red: Objective #4","1","23:12:06","23:12:48",
Bot196,"Нойс Денди (blkcbrd13)",1,Pending,"Big Red","Big Red: Objective #5","1","23:12:54","N/A",
Bot201,"Andrudis",13,Completed,"Dorms 2 Story","Dorms 2 Story: Objective #4","1","23:12:52","23:14:29",
Bot201,"Andrudis",13,Completed,"Dorms 2 Story","Dorms 2 Story: Objective #3","1","23:14:34","23:14:51",
Bot201,"Andrudis",13,Failed,"Dorms 2 Story","Dorms 2 Story: Objective #9","1","23:14:56","23:17:38",
Bot202,"Филя Дирол (MedDeatH)",1,Active,"Crackhouse","Crackhouse: Objective #2","1","23:12:52","N/A",
Bot203,"JustNU",17,Failed,"Fortress","Fortress: Objective #9","1","23:13:13","23:14:33",
Bot204,"ssh",14,Failed,"North Shack by Big Red","North Shack by Big Red: Objective #1","1","23:13:13","23:14:52",
Bot207,"Мэн Пакетик (Fin)",1,Completed,"Bus Terminal","Bus Terminal: Objective #1","1","23:14:28","23:14:48",
Bot207,"Мэн Пакетик (Fin)",1,Pending,"Fortress","Fortress: Objective #3","1","23:14:54","N/A",
Bot206,"Эдуард Пупкин (Zmyh)",1,Pending,"Fortress","Fortress: Objective #3","1","23:14:28","N/A",
Bot208,"Андрюха Жирный (Acouthyt)",1,Active,"South Shack by Big Red","South Shack by Big Red: Objective #1","1","23:15:03","N/A",
Bot209,"Корнелий Мистер (Hubert)",1,Failed,"Crackhouse","Crackhouse: Objective #7","1","23:15:08","23:16:46",
Bot210,"Данила Вафел (Dalamadur)",1,Failed,"Storage","Storage: Objective #2","1","23:15:08","23:16:42",
Bot212,"Артур Шпингалет (ssh)",1,Completed,"Giving Tree","Giving Tree: Objective #1","1","23:15:20","23:15:33",
Bot212,"Артур Шпингалет (ssh)",1,Failed,"Fortress","Fortress: Objective #5","1","23:15:38","23:16:46",
Bot214,"Тоха Бэн (Accidental2x)",1,Active,"Substation","Substation: Objective #5","1","23:15:52","N/A",
Bot215,"Гарик Русский (nooky)",1,Failed,"Warehouse 4","Warehouse 4: Objective #3","1","23:15:52","23:16:10",
Bot215,"Гарик Русский (nooky)",1,Pending,"Warehouse 4","Warehouse 4: Objective #1","1","23:16:15","N/A",
Bot217,"Сава Блатной (JustNU)",1,Pending,"Dorms 3 Story","Dorms 3 Story: Objective #4","1","23:15:56","N/A",
Bot220,"Коля Сладкоежка (Katto)",1,Completed,"Dorms 3 Story","Dorms 3 Story: Objective #8","1","23:16:57","23:17:35",
Bot221,"Вано Малинка (Maxwell the cat)",1,Completed,"Dorms 3 Story","Dorms 3 Story: Objective #8","1","23:16:58","23:17:41",
Bot221,"Вано Малинка (Maxwell the cat)",1,Active,"Dorms 3 Story","Dorms 3 Story: Objective #7","1","23:17:46","N/A",
Bot222,"CWX",7,Completed,"Substation","Substation: Objective #4","1","23:17:05","23:19:23",
Bot222,"CWX",7,Completed,"Substation","Substation: Objective #3","1","23:19:28","23:19:42",
Bot222,"CWX",7,Completed,"Substation","Substation: Objective #5","1","23:19:47","23:20:01",
Bot222,"CWX",7,Completed,"Substation","Substation: Objective #6","1","23:20:06","23:20:19",
Bot222,"CWX",7,Completed,"Substation","Substation: Objective #2","1","23:20:24","23:20:36",
Bot222,"CWX",7,Completed,"Substation","Substation: Objective #1","1","23:20:41","23:20:58",
Bot222,"CWX",7,Active,"Repair Shop","Repair Shop: Objective #2","1","23:21:04","N/A",
Bot225,"Ninjaweb",12,Active,"Fortress","Fortress: Objective #9","1","23:17:58","N/A",
Bot226,"Кирюха Фарцовщик (Junko Space Mommy)",1,Completed,"Factory Shacks","Factory Shacks: Objective #1","1","23:17:59","23:18:09",
Bot226,"Кирюха Фарцовщик (Junko Space Mommy)",1,Completed,"Container near Dorms","Container near Dorms: Objective #1","1","23:18:14","23:18:44",
Bot226,"Кирюха Фарцовщик (Junko Space Mommy)",1,Completed,"Dorms 2 Story","Dorms 2 Story: Objective #9","1","23:18:49","23:19:42",
Bot226,"Кирюха Фарцовщик (Junko Space Mommy)",1,Completed,"Dorms 2 Story","Dorms 2 Story: Objective #3","1","23:19:47","23:19:54",
Bot226,"Кирюха Фарцовщик (Junko Space Mommy)",1,Completed,"Dorms 2 Story","Dorms 2 Story: Objective #4","1","23:19:59","23:20:04",
Bot226,"Кирюха Фарцовщик (Junko Space Mommy)",1,Completed,"Dorms 2 Story","Dorms 2 Story: Objective #1","1","23:20:09","23:20:28",
Bot226,"Кирюха Фарцовщик (Junko Space Mommy)",1,Completed,"Dorms 2 Story","Dorms 2 Story: Objective #2","1","23:20:33","23:20:50",
Bot226,"Кирюха Фарцовщик (Junko Space Mommy)",1,Pending,"Dorms 2 Story","Dorms 2 Story: Objective #6","1","23:20:55","N/A",
Bot228,"Веня Мурманский (大熊)",1,Completed,"Warehouse 4","Warehouse 4: Objective #3","1","23:18:21","23:19:29",
Bot228,"Веня Мурманский (大熊)",1,Completed,"Warehouse 4","Warehouse 4: Objective #2","1","23:19:34","23:20:09",
Bot228,"Веня Мурманский (大熊)",1,Active,"Container Building","Container Building: Objective #1","1","23:20:14","N/A",
Bot233,"Aki-chan",6,Archived,"Big Red","Big Red: Objective #2","1","23:19:57","23:20:53",
Bot233,"Aki-chan",6,Archived,"Big Red","Big Red: Objective #3","1","23:20:59","23:21:07",
Bot233,"Aki-chan",6,Archived,"Big Red","Big Red: Objective #5","1","23:21:12","23:21:26",
Bot233,"Aki-chan",6,Archived,"Big Red","Big Red: Objective #4","1","23:21:31","23:21:38",
Bot235,"Веня Кот (Claus1978)",1,Completed,"Old Gas","Old Gas: Objective #1","1","23:19:58","23:20:02",
Bot235,"Веня Кот (Claus1978)",1,Failed,"Old Gas","Old Gas: Objective #2","1","23:20:07","23:21:22",
Bot236,"Леха Дотер (Boop)",1,Active,"Big Red","Big Red: Objective #4","1","23:20:16","N/A",
Bot238,"Ашот Сишарп (oroku)",1,Completed,"Dorms 3 Story","Dorms 3 Story: Objective #12","1","23:21:01","23:21:23",
Bot238,"Ашот Сишарп (oroku)",1,Pending,"Dorms 3 Story","Dorms 3 Story: Objective #7","1","23:21:28","N/A",
Bot240,"Сильвестр Полторашка (Waffle)",1,Completed,"Storage","Storage: Objective #5","1","23:21:09","23:21:12",
Bot240,"Сильвестр Полторашка (Waffle)",1,Completed,"Storage","Storage: Objective #4","1","23:21:17","23:21:27",
Bot240,"Сильвестр Полторашка (Waffle)",1,Active,"Storage","Storage: Objective #3","1","23:21:32","N/A",
