Bot Name,Bot Nickname,Bot Level,Assignment Status,Quest Name,Objective Name,Step Number,Start Time,End Time
Bot1,"Lave",5,Completed,"Glass Building","Glass Building: Objective #4","1","19:59:34","20:00:20",
Bot1,"Lave",5,Completed,"Glass Building","Glass Building: Objective #2","1","20:00:26","20:00:44",
Bot1,"Lave",5,Pending,"Glass Building","Glass Building: Objective #1","1","20:00:49","N/A",
Bot1,"Lave",5,Completed,"Glass Building","Glass Building: Objective #3","2","20:01:29","20:01:50",
Bot1,"Lave",5,Active,"Old Gas","Old Gas: Objective #2","1","20:01:56","N/A",
Bot2,"Colonel",1,Pending,"Container Building","Container Building: Objective #1","1","19:59:34","N/A",
Bot3,"Decompress",15,Completed,"Tigr Safari","Zone place_peacemaker_002_N2","1","19:59:35","20:07:38",
Bot3,"Decompress",15,Pending,"Tigr Safari","Zone place_peacemaker_002_N1","1","20:07:43","N/A",
Bot4,"TGDelta2455",10,Completed,"Scav Checkpoint","Scav Checkpoint: Objective #1","1","19:59:35","19:59:41",
Bot4,"TGDelta2455",10,Failed,"Scav Checkpoint","Scav Checkpoint: Objective #2","1","19:59:46","20:08:39",
Bot4,"TGDelta2455",10,Completed,"BP Depot","Zone fuel1","1","20:04:00","20:05:44",
Bot4,"TGDelta2455",10,Failed,"BP Depot","Zone fuel3","1","20:05:49","20:08:39",
Bot5,"EpiicBatkiller",5,Failed,"Checkpoint","Checkpoint: Objective #1","1","19:59:36","20:08:09",
Bot6,"RaiRaiTheRaichu",15,Completed,"Short Cut","Short Cut: Objective #1","1","19:59:36","20:00:02",
Bot6,"RaiRaiTheRaichu",15,Failed,"The Extortionist","Zone vremyan_case","1","20:00:07","20:00:23",
Bot6,"RaiRaiTheRaichu",15,Failed,"The Extortionist","Item Secure Folder 0048","1","20:00:28","20:01:00",
Bot6,"RaiRaiTheRaichu",15,Completed,"The Extortionist","Zone dead_posylni","1","20:01:05","20:05:18",
Bot6,"RaiRaiTheRaichu",15,Active,"Delivery From the Past","Item Secure Folder 0022","1","20:05:23","N/A",
Bot14,"Claus1978",9,Failed,"Shaking up the Teller","Item Bank case","1","19:59:40","20:07:52",
Bot15,"Maxwell the cat",1,Failed,"RUAF Checkpoint","RUAF Checkpoint: Objective #1","1","19:59:40","20:05:12",
Bot16,"Yakhmet",17,Failed,"BP Depot","Zone fuel2","1","19:59:41","20:04:41",
Bot41,"Dalamadur",2,Failed,"The Huntsman Path - Evil Watchman","Zone huntsman_020","1","20:06:15","20:10:39",
Bot43,"LayerOfBlubber",12,Completed,"Out of Curiosity","Zone gazel","1","20:06:16","20:12:36",
Bot43,"LayerOfBlubber",12,Completed,"Big Customer","Zone gazel","1","20:12:41","20:12:50",
Bot43,"LayerOfBlubber",12,Active,"Pharmacist","Zone vaz_feld","1","20:12:55","N/A",
Bot42,"Accidental2x",3,Pending,"Fortress","Fortress: Objective #4","1","20:06:16","N/A",
Bot44,"Bulld0z3r",22,Completed,"Short Cut","Short Cut: Objective #1","1","20:06:17","20:06:23",
Bot44,"Bulld0z3r",22,Pending,"Out of Curiosity","Zone gazel","1","20:06:28","N/A",
Bot45,"The2ndarbiter",17,Archived,"Short Cut","Short Cut: Objective #1","1","20:06:17","20:06:23",
Bot45,"The2ndarbiter",17,Failed,"Bad Rep Evidence","Item Secure Folder 0031","1","20:06:28","20:13:21",
Bot45,"The2ndarbiter",17,Completed,"Out of Curiosity","Zone gazel","1","20:13:26","20:15:02",
Bot45,"The2ndarbiter",17,Failed,"BP Depot","Zone fuel1","1","20:15:08","20:15:35",
Bot45,"The2ndarbiter",17,Completed,"BP Depot","Zone fuel3","1","20:15:40","20:19:01",
Bot45,"The2ndarbiter",17,Active,"BP Depot","Zone fuel2","1","20:19:06","N/A",
Bot46,"Helldiver",2,Completed,"Dorms 3 Story","Dorms 3 Story: Objective #12","1","20:06:23","20:06:44",
Bot46,"Helldiver",2,Completed,"Dorms 3 Story","Dorms 3 Story: Objective #7","2","20:06:49","20:09:38",
Bot46,"Helldiver",2,Completed,"Dorms 3 Story","Dorms 3 Story: Objective #13","1","20:09:43","20:09:43",
Bot46,"Helldiver",2,Active,"Dorms 3 Story","Dorms 3 Story: Objective #3","2","20:09:48","N/A",
Bot47,"Skwizzy",8,Active,"Golden Swag","Zone extraction_zone_zibbo","1","20:06:26","N/A",
Bot50,"Марат Тихий (YellowKeyCard)",1,Failed,"Dorms 3 Story","Dorms 3 Story: Objective #8","1","20:07:50","20:07:55",
Bot55,"Гриша Котофей (ThatGuyXIV)",1,Completed,"Old Gas","Old Gas: Objective #2","1","20:09:07","20:10:38",
Bot55,"Гриша Котофей (ThatGuyXIV)",1,Completed,"Old Gas","Old Gas: Objective #1","1","20:10:43","20:11:45",
Bot55,"Гриша Котофей (ThatGuyXIV)",1,Completed,"Fortress","Fortress: Objective #5","1","20:11:50","20:14:53",
Bot55,"Гриша Котофей (ThatGuyXIV)",1,Completed,"Fortress","Fortress: Objective #7","1","20:14:58","20:15:23",
Bot55,"Гриша Котофей (ThatGuyXIV)",1,Completed,"Fortress","Fortress: Objective #4","1","20:15:28","20:16:10",
Bot55,"Гриша Котофей (ThatGuyXIV)",1,Completed,"Fortress","Fortress: Objective #8","3","20:16:15","20:17:20",
Bot55,"Гриша Котофей (ThatGuyXIV)",1,Completed,"Fortress","Fortress: Objective #2","1","20:17:25","20:17:48",
Bot55,"Гриша Котофей (ThatGuyXIV)",1,Completed,"Fortress","Fortress: Objective #1","1","20:17:53","20:18:17",
Bot55,"Гриша Котофей (ThatGuyXIV)",1,Pending,"Fortress","Fortress: Objective #9","2","20:18:22","N/A",
Bot61,"Ilhsiek",22,Completed,"Tigr Safari","Zone place_peacemaker_002_N3","1","20:10:06","20:10:24",
Bot61,"Ilhsiek",22,Failed,"Tigr Safari","Zone place_peacemaker_002_N1","1","20:10:29","20:19:37",
Bot62,"Goewert",16,Failed,"Tigr Safari","Zone place_peacemaker_002_N3","1","20:10:07","20:10:49",
Bot63,"Mylu",17,Failed,"Tigr Safari","Zone place_peacemaker_002_N3","1","20:10:07","20:16:10",
Bot64,"Chameleon2310",6,Completed,"BP Depot","Zone fuel2","1","20:10:08","20:10:12",
Bot64,"Chameleon2310",6,Failed,"BP Depot","Zone fuel3","1","20:10:17","20:14:43",
Bot72,"PhantomInTime",17,Active,"Big Customer","Zone gazel","1","20:12:01","N/A",
Bot75,"Skeeze",23,Failed,"The Cult - Part 2","Zone place_peacemaker_007_N1","1","20:12:51","20:16:43",
Bot76,"ODT",21,Failed,"Shaking up the Teller","Zone room214","1","20:12:51","20:13:29",
Bot78,"GorlocktheDestroyer",2,Failed,"The Huntsman Path - Evil Watchman","Zone huntsman_020","1","20:12:51","20:13:37",
Bot77,"ixcetotis",5,Failed,"BP Depot","Zone fuel2","1","20:12:51","20:21:37",
Bot79,"Agnotology",5,Completed,"Garage","Garage: Objective #1","1","20:13:04","20:13:29",
Bot79,"Agnotology",5,Completed,"Garage","Garage: Objective #2","1","20:13:34","20:14:12",
Bot79,"Agnotology",5,Completed,"BP Depot","Zone fuel2","1","20:14:17","20:16:21",
Bot79,"Agnotology",5,Completed,"BP Depot","Zone fuel3","1","20:16:26","20:21:33",
Bot79,"Agnotology",5,Completed,"Substation","Substation: Objective #4","1","20:21:38","20:26:31",
Bot79,"Agnotology",5,Completed,"Substation","Substation: Objective #3","1","20:26:36","20:27:06",
Bot79,"Agnotology",5,Completed,"Substation","Substation: Objective #2","1","20:27:11","20:27:22",
Bot79,"Agnotology",5,Completed,"Substation","Substation: Objective #6","1","20:27:27","20:27:36",
Bot79,"Agnotology",5,Completed,"Substation","Substation: Objective #1","1","20:27:41","20:27:54",
Bot79,"Agnotology",5,Completed,"Substation","Substation: Objective #5","1","20:28:00","20:28:39",
Bot79,"Agnotology",5,Active,"Scav Checkpoint","Scav Checkpoint: Objective #1","1","20:28:44","N/A",
Bot80,"Nomad_420",1,Pending,"Crackhouse","Crackhouse: Objective #5","1","20:13:05","N/A",
Bot81,"Фома Нервный (老人)",1,Completed,"New Gas","New Gas: Objective #3","1","20:13:24","20:13:40",
Bot81,"Фома Нервный (老人)",1,Completed,"New Gas","New Gas: Objective #2","1","20:13:45","20:13:45",
Bot81,"Фома Нервный (老人)",1,Completed,"New Gas","New Gas: Objective #1","1","20:13:50","20:14:10",
Bot81,"Фома Нервный (老人)",1,Failed,"Dorms 2 Story","Dorms 2 Story: Objective #9","1","20:14:15","20:15:55",
Bot82,"Syra",18,Completed,"The Extortionist","Zone dead_posylni","1","20:13:52","20:14:02",
Bot82,"Syra",18,Failed,"The Extortionist","Item Secure Folder 0048","1","20:14:07","20:16:40",
Bot82,"Syra",18,Failed,"The Extortionist","Zone vremyan_case","1","20:16:45","20:16:45",
Bot82,"Syra",18,Failed,"Storage Building","Storage Building: Objective #2","1","20:16:50","20:16:50",
Bot82,"Syra",18,Failed,"Storage Building","Storage Building: Objective #1","1","20:16:55","20:16:55",
Bot82,"Syra",18,Completed,"Flash-Drive Van","Flash-Drive Van: Objective #1","1","20:17:00","20:19:38",
Bot82,"Syra",18,Active,"Short Cut","Short Cut: Objective #1","1","20:19:43","N/A",
Bot84,"Гурам Козий-сыр (R3)",1,Active,"Giving Tree","Giving Tree: Objective #1","1","20:14:40","N/A",
Bot92,"mighty_condor",13,Failed,"Shaking up the Teller","Item Bank case","1","20:15:14","20:21:45",
Bot92,"mighty_condor",13,Failed,"Shaking up the Teller","Zone room214","1","20:21:50","20:21:50",
Bot92,"mighty_condor",13,Failed,"Antenna","Antenna: Objective #1","1","20:21:56","20:23:17",
Bot92,"mighty_condor",13,Failed,"Dorms Camp 1","Dorms Camp 1: Objective #1","1","20:23:22","20:24:21",
Bot92,"mighty_condor",13,Failed,"Dorms 2 Story","Dorms 2 Story: Objective #7","1","20:24:26","20:26:24",
Bot92,"mighty_condor",13,Failed,"Dorms 2 Story","Dorms 2 Story: Objective #6","1","20:26:29","20:26:29",
Bot92,"mighty_condor",13,Failed,"Dorms 2 Story","Dorms 2 Story: Objective #5","1","20:26:34","20:26:47",
Bot92,"mighty_condor",13,Failed,"Dorms 2 Story","Dorms 2 Story: Objective #4","1","20:26:53","20:27:10",
Bot97,"Арчи Перегар (F1oridaMan)",1,Completed,"Dorms 3 Story","Dorms 3 Story: Objective #8","1","20:16:00","20:16:23",
Bot97,"Арчи Перегар (F1oridaMan)",1,Completed,"Dorms 3 Story","Dorms 3 Story: Objective #7","2","20:16:28","20:17:44",
Bot97,"Арчи Перегар (F1oridaMan)",1,Completed,"Dorms 3 Story","Dorms 3 Story: Objective #13","1","20:17:49","20:17:55",
Bot97,"Арчи Перегар (F1oridaMan)",1,Failed,"Dorms 3 Story","Dorms 3 Story: Objective #3","2","20:18:00","20:19:50",
Bot104,"Петька Херпроссы (Agnotology)",1,Active,"Giving Tree","Giving Tree: Objective #1","1","20:18:12","N/A",
Bot107,"Макс Шапито (Kaeno)",1,Pending,"Big Red Camping","Big Red Camping: Objective #1","1","20:18:25","N/A",
Bot108,"Тёма Денди (snapple)",1,Completed,"Crackhouse","Crackhouse: Objective #2","1","20:18:41","20:18:52",
Bot108,"Тёма Денди (snapple)",1,Completed,"Crackhouse","Crackhouse: Objective #4","1","20:18:57","20:19:07",
Bot108,"Тёма Денди (snapple)",1,Completed,"Crackhouse","Crackhouse: Objective #1","1","20:19:12","20:19:37",
Bot108,"Тёма Денди (snapple)",1,Pending,"Crackhouse","Crackhouse: Objective #5","1","20:19:42","N/A",
Bot108,"Тёма Денди (snapple)",1,Completed,"Crackhouse","Crackhouse: Objective #7","1","20:21:25","20:21:49",
Bot108,"Тёма Денди (snapple)",1,Completed,"Crackhouse","Crackhouse: Objective #3","1","20:21:54","20:22:31",
Bot108,"Тёма Денди (snapple)",1,Active,"Crackhouse","Crackhouse: Objective #6","1","20:22:36","N/A",
Bot111,"kmyuhkyuk",5,Completed,"Dorms 3 Story","Dorms 3 Story: Objective #7","2","20:19:13","20:27:50",
Bot111,"kmyuhkyuk",5,Completed,"Dorms 3 Story","Dorms 3 Story: Objective #8","1","20:27:55","20:28:33",
Bot111,"kmyuhkyuk",5,Completed,"Dorms 3 Story","Dorms 3 Story: Objective #13","1","20:28:38","20:28:41",
Bot112,"JustNU",2,Failed,"Dorms 2 Story","Dorms 2 Story: Objective #7","1","20:19:14","20:23:42",
Bot114,"Влад Рэмба (TonioX)",1,Active,"Bus Terminal","Bus Terminal: Objective #1","1","20:19:50","N/A",
Bot116,"aleves",10,Completed,"Fortress","Fortress: Objective #4","1","20:19:51","20:21:10",
Bot116,"aleves",10,Completed,"Fortress","Fortress: Objective #8","3","20:21:15","20:22:17",
Bot116,"aleves",10,Completed,"Fortress","Fortress: Objective #2","1","20:22:23","20:22:47",
Bot116,"aleves",10,Completed,"Fortress","Fortress: Objective #1","1","20:22:52","20:23:38",
Bot116,"aleves",10,Completed,"Fortress","Fortress: Objective #6","1","20:23:43","20:24:02",
Bot116,"aleves",10,Pending,"Fortress","Fortress: Objective #9","1","20:24:07","N/A",
Bot116,"aleves",10,Completed,"Fortress","Fortress: Objective #3","1","20:25:10","20:25:25",
Bot116,"aleves",10,Completed,"Fortress","Fortress: Objective #5","1","20:25:30","20:28:33",
Bot116,"aleves",10,Active,"Short Cut","Short Cut: Objective #1","1","20:28:38","N/A",
Bot117,"ShadowXtrex",15,Pending,"Fortress","Fortress: Objective #4","1","20:19:51","N/A",
Bot118,"umsirqualquerai",10,Active,"Substation","Substation: Objective #6","1","20:19:59","N/A",
Bot119,"aburiu",25,Completed,"Short Cut","Short Cut: Objective #1","1","20:20:01","20:20:41",
Bot119,"aburiu",25,Completed,"Substation","Substation: Objective #5","1","20:20:46","20:23:07",
Bot119,"aburiu",25,Completed,"Substation","Substation: Objective #3","1","20:23:12","20:23:26",
Bot119,"aburiu",25,Completed,"Substation","Substation: Objective #4","1","20:23:31","20:23:36",
Bot119,"aburiu",25,Completed,"Substation","Substation: Objective #2","1","20:23:41","20:23:50",
Bot119,"aburiu",25,Completed,"Substation","Substation: Objective #1","1","20:23:55","20:24:14",
Bot119,"aburiu",25,Completed,"Substation","Substation: Objective #6","1","20:24:19","20:24:39",
Bot119,"aburiu",25,Completed,"Train Car","Train Car: Objective #1","1","20:24:44","20:25:27",
Bot119,"aburiu",25,Pending,"Antenna","Antenna: Objective #1","1","20:25:32","N/A",
Bot119,"aburiu",25,Active,"Passage between Rocks","Passage between Rocks: Objective #1","1","20:26:03","N/A",
Bot121,"Props",21,Active,"Dorms 2 Story","Dorms 2 Story: Objective #4","1","20:20:24","N/A",
Bot124,"Мишган Окурок (laser50)",1,Failed,"Fortress","Fortress: Objective #3","1","20:20:35","20:22:42",
Bot125,"Саня Дристомет (InternalError_)",1,Failed,"Fortress","Fortress: Objective #3","1","20:20:36","20:23:22",
Bot129,"jonkler",3,Active,"South Shack by Big Red","South Shack by Big Red: Objective #1","1","20:20:48","N/A",
Bot130,"Waffle",23,Active,"Crackhouse","Crackhouse: Objective #7","1","20:20:49","N/A",
Bot131,"WillDaPope",7,Active,"Big Red Camping","Big Red Camping: Objective #2","1","20:20:49","N/A",
Bot132,"Пахомий Байзальбоп (Tariyihika)",1,Active,"Old Gas","Old Gas: Objective #2","1","20:21:04","N/A",
Bot134,"Вантуз Рэмба (NastyInc)",1,Completed,"Big Red","Big Red: Objective #4","1","20:21:28","20:21:35",
Bot134,"Вантуз Рэмба (NastyInc)",1,Pending,"Big Red","Big Red: Objective #1","1","20:21:40","N/A",
Bot137,"Аркадий Балалайка (Extrenz Arnautov)",1,Completed,"New Gas","New Gas: Objective #3","1","20:22:51","20:23:02",
Bot140,"Никита Инструктор (nohurry)",1,Failed,"Fortress","Fortress: Objective #4","1","20:23:27","20:26:16",
Bot141,"Рудик Козий-сыр (epidemicz)",1,Completed,"Fortress","Fortress: Objective #4","1","20:23:28","20:25:35",
Bot141,"Рудик Козий-сыр (epidemicz)",1,Failed,"Fortress","Fortress: Objective #8","3","20:25:40","20:27:00",
Bot142,"Стасик Семёра (Kiki)",1,Active,"Crackhouse","Crackhouse: Objective #7","1","20:23:48","N/A",
Bot144,"Шурик Викинг (Kobrakon)",1,Completed,"Warehouse 4","Warehouse 4: Objective #2","1","20:23:50","20:24:02",
Bot144,"Шурик Викинг (Kobrakon)",1,Completed,"Warehouse 4","Warehouse 4: Objective #3","1","20:24:07","20:24:28",
Bot144,"Шурик Викинг (Kobrakon)",1,Completed,"Warehouse 4","Warehouse 4: Objective #1","1","20:24:33","20:24:48",
Bot144,"Шурик Викинг (Kobrakon)",1,Active,"Fortress","Fortress: Objective #3","1","20:24:53","N/A",
Bot146,"Кися Микроб (Lua)",1,Failed,"Dorms 2 Story","Dorms 2 Story: Objective #7","1","20:24:06","20:24:36",
Bot147,"Радик Бух (ThatGuyXIV)",1,Active,"Big Red","Big Red: Objective #2","1","20:24:34","N/A",
Bot148,"Пуш Викинг (Hupfi)",1,Completed,"Repair Shop","Repair Shop: Objective #1","1","20:24:49","20:28:11",
Bot148,"Пуш Викинг (Hupfi)",1,Completed,"Repair Shop","Repair Shop: Objective #5","1","20:28:17","20:28:18",
Bot148,"Пуш Викинг (Hupfi)",1,Completed,"Repair Shop","Repair Shop: Objective #3","1","20:28:23","20:28:23",
Bot148,"Пуш Викинг (Hupfi)",1,Completed,"Repair Shop","Repair Shop: Objective #4","1","20:28:28","20:28:36",
Bot148,"Пуш Викинг (Hupfi)",1,Active,"Repair Shop","Repair Shop: Objective #9","1","20:28:41","N/A",
Bot151,"Shiro-chan",14,Pending,"Container near Dorms","Container near Dorms: Objective #1","1","20:25:56","N/A",
Bot150,"TheSparta",24,Pending,"Fortress Sniping","Fortress Sniping: Objective #3","1","20:25:56","N/A",
Bot150,"TheSparta",24,Active,"Fortress Sniping","Fortress Sniping: Objective #4","1","20:25:56","N/A",
Bot153,"Киса Пух (lualeet)",1,Completed,"Factory Shacks","Factory Shacks: Objective #1","1","20:26:12","20:26:26",
Bot153,"Киса Пух (lualeet)",1,Completed,"Dorms 2 Story","Dorms 2 Story: Objective #9","1","20:26:31","20:28:02",
Bot153,"Киса Пух (lualeet)",1,Completed,"Dorms 2 Story","Dorms 2 Story: Objective #3","1","20:28:07","20:28:10",
Bot153,"Киса Пух (lualeet)",1,Completed,"Dorms 2 Story","Dorms 2 Story: Objective #4","1","20:28:15","20:28:18",
Bot153,"Киса Пух (lualeet)",1,Pending,"Dorms 2 Story","Dorms 2 Story: Objective #1","1","20:28:23","N/A",
Bot154,"Эдик Макаронина (AssAssIn)",1,Active,"Dorms 3 Story","Dorms 3 Story: Objective #6","1","20:26:13","N/A",
Bot156,"DocYen",17,Active,"Passage between Rocks","Passage between Rocks: Objective #1","1","20:26:19","N/A",
Bot157,"wara",10,Completed,"Scav Checkpoint","Scav Checkpoint: Objective #2","1","20:26:20","20:26:30",
Bot157,"wara",10,Completed,"Scav Checkpoint","Scav Checkpoint: Objective #1","1","20:26:35","20:26:41",
Bot157,"wara",10,Active,"Flash-Drive Van","Flash-Drive Van: Objective #1","1","20:26:46","N/A",
Bot158,"NORVINSK_EVANGELION",21,Active,"Porta Potty","Porta Potty: Objective #1","1","20:26:32","N/A",
Bot161,"Гоша Ловелас (CouponBugDotCom)",1,Pending,"Fortress","Fortress: Objective #3","1","20:27:29","N/A",
Bot160,"Терентий Шнек (Bobitec)",1,Completed,"Factory Shacks","Factory Shacks: Objective #1","1","20:27:29","20:27:39",
Bot160,"Терентий Шнек (Bobitec)",1,Active,"Dorms 2 Story","Dorms 2 Story: Objective #9","1","20:27:44","N/A",
Bot163,"Сашок Дотер (SkyDoesTarkov)",1,Pending,"Fortress","Fortress: Objective #4","1","20:28:13","N/A",
Bot164,"Lacyway",1,Active,"Skeleton","Skeleton: Objective #2","1","20:28:32","N/A",
Bot165,"Nightingale",18,Pending,"Junk Bridge Crossing Camping","Junk Bridge Crossing Camping: Objective #1","1","20:28:32","N/A",
