Bot Name,Bot Nickname,Bot Level,Assignment Status,Quest Name,Objective Name,Step Number,Start Time,End Time
Bot336,"TechHappy",20,Completed,"Farming - Part 3","Item Package of graphics cards","1","20:57:48","21:00:48",
Bot336,"TechHappy",20,Completed,"Boss Hunter","Spawn Point (-17.2 0.0 -141.0)","1","21:00:53","21:02:11",
Bot336,"TechHappy",20,Completed,"Boss Hunter","Spawn Point (109.9 1.2 -109.8)","1","21:02:16","21:05:13",
Bot336,"TechHappy",20,Failed,"Boss Hunter","Spawn Point (107.1 16.2 -47.9)","1","21:05:18","21:07:26",
Bot336,"TechHappy",20,Completed,"The Extortionist","Zone dead_posylni","1","21:07:31","21:07:51",
Bot336,"TechHappy",20,Failed,"The Extortionist","Item Secure Folder 0048","1","21:07:56","21:10:44",
Bot336,"TechHappy",20,Failed,"The Extortionist","Zone vremyan_case","1","21:10:49","21:10:49",
Bot336,"TechHappy",20,Pending,"Cargo X - Part 2","Item Secure Folder 0013","1","21:10:55","N/A",
Bot336,"TechHappy",20,Failed,"Chemical - Part 1","Zone bomj_place","1","21:13:48","21:13:48",
Bot336,"TechHappy",20,Failed,"Chemical - Part 1","Item Secure Folder 0013","1","21:13:53","21:13:58",
Bot336,"TechHappy",20,Failed,"Big Customer","Zone gazel","1","21:14:03","21:14:14",
Bot336,"TechHappy",20,Failed,"Pharmacist","Zone vaz_feld","1","21:14:20","21:14:20",
Bot336,"TechHappy",20,Failed,"Pharmacist","Item Carbon case","1","21:14:25","21:14:37",
Bot337,"McDewgle",20,Completed,"The Extortionist","Zone dead_posylni","1","20:57:49","20:58:07",
Bot337,"McDewgle",20,Completed,"The Extortionist","Item Secure Folder 0048","1","20:58:12","21:03:46",
Bot337,"McDewgle",20,Active,"Short Cut","Short Cut: Objective #1","1","21:03:51","N/A",
Bot342,"pitAlex",11,Pending,"Golden Swag","Zone extraction_zone_zibbo","2","20:57:51","N/A",
Bot342,"pitAlex",11,Active,"Golden Swag","Item Golden Zibbo lighter","1","21:02:09","N/A",
Bot343,"7 TO 14 FERAL HOGS",12,Pending,"Golden Swag","Zone extraction_zone_zibbo","1","20:57:51","N/A",
Bot344,"Paulov",1,Completed,"Dorms 3 Story Rush","Dorms 3 Story Rush: Objective #1","1","20:57:52","20:58:09",
Bot344,"Paulov",1,Completed,"Dorms 2 Story Rush","Dorms 2 Story Rush: Objective #1","1","20:58:14","21:00:00",
Bot344,"Paulov",1,Failed,"Dorms Camp 2","Dorms Camp 2: Objective #1","1","21:00:05","21:00:13",
Bot345,"Kaeno",12,Failed,"Chemical - Part 2","Item Sliderkey Secure Flash drive","1","20:57:53","21:00:40",
Bot346,"civiciam",14,Failed,"Golden Swag","Item Golden Zibbo lighter","1","20:57:53","21:01:44",
Bot352,"reider123",20,Failed,"Chemical - Part 2","Item Sliderkey Secure Flash drive","1","21:00:04","21:01:19",
Bot353,"RMTdYourMom",8,Failed,"Operation Aquarius - Part 1","Zone room206_water","1","21:00:05","21:02:12",
Bot354,"crustyselenium_",9,Failed,"Golden Swag","Item Golden Zibbo lighter","1","21:00:05","21:01:25",
Bot367,"dushaoan",4,Failed,"Fortress","Fortress: Objective #9","1","21:03:51","21:15:05",
Bot369,"蘑菇汤",2,Completed,"Giving Tree","Giving Tree: Objective #1","1","21:04:06","21:07:00",
Bot369,"蘑菇汤",2,Completed,"Old Gas","Old Gas: Objective #1","1","21:07:05","21:08:28",
Bot369,"蘑菇汤",2,Completed,"Old Gas","Old Gas: Objective #2","1","21:08:33","21:08:56",
Bot369,"蘑菇汤",2,Active,"Fortress","Fortress: Objective #5","1","21:09:01","N/A",
Bot370,"PreyToLive",11,Pending,"Out of Curiosity","Zone gazel","1","21:04:06","N/A",
Bot371,"EpiicBatkiller",22,Pending,"Out of Curiosity","Zone gazel","1","21:04:07","N/A",
Bot372,"Nasc",6,Pending,"Bad Rep Evidence","Item Secure Folder 0031","1","21:04:07","N/A",
Bot376,"Trappussy",20,Completed,"Shaking up the Teller","Zone room214","1","21:04:39","21:05:11",
Bot376,"Trappussy",20,Failed,"Shaking up the Teller","Item Bank case","1","21:05:16","21:07:48",
Bot377,"StockUserName",13,Pending,"Shaking up the Teller","Zone room214","1","21:04:40","N/A",
Bot378,"Kilgor616",24,Completed,"Shaking up the Teller","Zone room214","1","21:04:41","21:07:54",
Bot378,"Kilgor616",24,Completed,"Shaking up the Teller","Item Bank case","1","21:07:59","21:10:55",
Bot378,"Kilgor616",24,Completed,"The Cult - Part 2","Zone place_peacemaker_007_N1","1","21:11:00","21:11:06",
Bot378,"Kilgor616",24,Completed,"Chemical - Part 2","Item Sliderkey Secure Flash drive","1","21:11:11","21:16:11",
Bot378,"Kilgor616",24,Active,"Dorms Camp 2","Dorms Camp 2: Objective #1","1","21:16:16","N/A",
Bot382,"Maxwell the cat",12,Completed,"Tigr Safari","Zone place_peacemaker_002_N3","1","21:05:46","21:05:58",
Bot382,"Maxwell the cat",12,Completed,"Tigr Safari","Zone place_peacemaker_002_N1","1","21:06:03","21:15:11",
Bot382,"Maxwell the cat",12,Completed,"New Gas","New Gas: Objective #1","1","21:15:16","21:16:27",
Bot382,"Maxwell the cat",12,Completed,"New Gas","New Gas: Objective #2","1","21:16:32","21:16:51",
Bot383,"MechanicMan396",21,Failed,"Tigr Safari","Zone place_peacemaker_002_N3","1","21:05:46","21:12:09",
Bot389,"Костян Беленький (DrakiaXYZ)",1,Completed,"Factory Shacks","Factory Shacks: Objective #1","1","21:07:56","21:08:33",
Bot389,"Костян Беленький (DrakiaXYZ)",1,Failed,"Container near Dorms","Container near Dorms: Objective #1","1","21:08:39","21:11:20",
Bot392,"Никанор Колпак (野猪)",1,Active,"Garage","Garage: Objective #1","1","21:08:21","N/A",
Bot393,"",10,Failed,"Chemical - Part 2","Item Sliderkey Secure Flash drive","1","21:08:45","21:11:27",
Bot394,"Гриша Ебучий (5o2)",1,Failed,"Dorms 2 Story","Dorms 2 Story: Objective #4","1","21:08:47","21:09:39",
Bot395,"Asian69Lover",8,Failed,"Operation Aquarius - Part 1","Zone room206_water","1","21:08:56","21:10:33",
Bot397,"Владик Ботан (3371)",1,Active,"Storage","Storage: Objective #1","1","21:09:17","N/A",
Bot398,"CouponBugDotCom",8,Failed,"The Extortionist","Zone vremyan_case","1","21:10:01","21:12:19",
Bot398,"CouponBugDotCom",8,Failed,"The Extortionist","Item Secure Folder 0048","1","21:12:24","21:12:24",
Bot398,"CouponBugDotCom",8,Failed,"The Extortionist","Zone dead_posylni","1","21:12:29","21:13:14",
Bot409,"Стасик Бородач (Tariyihika)",1,Completed,"Dorms 2 Story","Dorms 2 Story: Objective #9","1","21:12:30","21:16:01",
Bot409,"Стасик Бородач (Tariyihika)",1,Completed,"Dorms 2 Story","Dorms 2 Story: Objective #1","1","21:16:06","21:16:12",
Bot409,"Стасик Бородач (Tariyihika)",1,Completed,"Dorms 2 Story","Dorms 2 Story: Objective #4","1","21:16:17","21:16:17",
Bot409,"Стасик Бородач (Tariyihika)",1,Active,"Dorms 2 Story","Dorms 2 Story: Objective #5","1","21:16:22","N/A",
Bot410,"GGaulin",12,Completed,"Shaking up the Teller","Zone room214","1","21:12:50","21:13:52",
Bot410,"GGaulin",12,Completed,"Shaking up the Teller","Item Bank case","1","21:13:57","21:14:09",
Bot410,"GGaulin",12,Active,"Bad Rep Evidence","Item Secure Folder 0031","1","21:14:14","N/A",
Bot417,"KittehKun",19,Pending,"Warehouse 17","Warehouse 17: Objective #1","1","21:13:57","N/A",
Bot416,"Goose",19,Pending,"The Cult - Part 2","Zone place_peacemaker_007_N1","1","21:13:58","N/A",
Bot415,"PonderingTheOrb",24,Active,"Chemical - Part 2","Item Sliderkey Secure Flash drive","1","21:13:58","N/A",
Bot422,"waffentrageraufe100",4,Active,"Dorms 3 Story","Dorms 3 Story: Objective #4","1","21:15:39","N/A",
Bot423,"R3",24,Pending,"Dorms 3 Story","Dorms 3 Story: Objective #4","1","21:15:40","N/A",
