Quest Name,Objective,Steps,Min Level,Max Level,First Step Position
Big Sale,"Zone place_SALE_03_AVOKADO",1,15,35,"(-33.2, 27.2, 25.8)"
Big Sale,"Zone place_SALE_03_KOSTIN",1,15,35,"(-24.7, 27.1, -103.5)"
Big Sale,"Zone place_SALE_03_TREND",1,15,35,"(64.2, 27.1, -155.4)"
Big Sale,"Zone place_SALE_03_DINO",1,15,35,"(94.4, 27.1, -120.6)"
Big Sale,"Zone place_SALE_03_TOPBRAND",1,15,35,"(94.2, 27.1, 10.2)"
The Blood of War - Part 1,"Zone place_WARBLOOD_04_1",1,15,35,"(-208.4, 25.0, -74.4)"
The Blood of War - Part 1,"Zone place_WARBLOOD_04_2",1,15,35,"(274.3, 24.9, 14.5)"
The Blood of War - Part 1,"Zone place_WARBLOOD_04_3",1,15,35,"(-172.6, 25.0, -359.5)"
Database - Part 1,"Item Goshan cargo manifests",1,15,35,"(-76.5, 28.0, -157.5)"
Database - Part 1,"Item OLI cargo manifests",1,15,35,"(38.1, 27.1, 147.8)"
Database - Part 1,"Item IDEA cargo manifests",1,15,35,"(-1.5, 27.1, -292.9)"
Database - Part 2,"Item OLI cargo route documents",1,15,35,"(86.7, 27.1, 120.3)"
The Key to Success,"Item Clothes design handbook - Part 1",1,26,54,"(20.3, 36.7, -4.4)"
The Key to Success,"Item Clothes design handbook - Part 2",1,26,54,"(-30.9, 27.1, -136.2)"
Hot Delivery,"Zone place_merch_020_1",2,29,59,"(-49.8, 27.2, 24.6)"
Hot Delivery,"Zone place_merch_020_2",2,29,59,"(179.3, 21.4, -40.6)"
Minibus,"Zone place_merch_21_1",1,24,51,"(109.9, 23.5, 288.8)"
Minibus,"Zone place_merch_21_2",1,24,51,"(17.6, 23.6, -25.5)"
Minibus,"Zone place_merch_21_3",1,24,51,"(-49.8, 23.6, 59.0)"
Vitamins - Part 1,"Item Chemical container #2",1,22,48,"(19.8, 27.1, -106.5)"
Vitamins - Part 1,"Item Chemical container #3",1,22,48,"(24.1, 27.1, -80.8)"
Informed Means Armed,"Zone place_skier_11_3",2,24,51,"(7.8, 27.7, -36.5)"
Chumming,"Zone place_skier_12_1",2,24,51,"(-27.2, 27.1, 1.7)"
Provocation,"Zone quest_zone_keeper6_kiba_kill",2,35,70,"(-9.4, 21.4, -33.7)"
Provocation,"Zone quest_zone_keeper6_kiba_hide",2,35,70,"(-19.5, 28.1, -22.4)"
Provocation,"Zone quest_zone_keeper6_safe_hide",2,35,70,"(-49.3, 21.4, 44.3)"
Provocation,"Zone quest_zone_keeper6_cont_hide",2,35,70,"(138.8, 26.6, 274.4)"
Spawn Point Wander,"Spawn Point (-182.9 21.5 133.5)",1,0,99,"(-182.9, 21.5, 133.5)"
Spawn Point Wander,"Spawn Point (59.1 36.6 -87.4)",1,0,99,"(59.1, 36.6, -87.4)"
Spawn Point Wander,"Spawn Point (-337.7 21.5 261.5)",1,0,99,"(-337.7, 21.5, 261.5)"
Spawn Point Wander,"Spawn Point (-252.9 21.5 57.7)",1,0,99,"(-252.9, 21.5, 57.7)"
Spawn Point Wander,"Spawn Point (110.5 20.1 -353.2)",1,0,99,"(110.5, 20.1, -353.2)"
Spawn Point Wander,"Spawn Point (20.2 36.6 -80.6)",1,0,99,"(20.2, 36.6, -80.6)"
Spawn Point Wander,"Spawn Point (-156.9 27.1 -36.4)",1,0,99,"(-156.9, 27.1, -36.4)"
Spawn Point Wander,"Spawn Point (-203.9 21.5 -77.8)",1,0,99,"(-203.9, 21.5, -77.8)"
Spawn Point Wander,"Spawn Point (367.6 16.8 -188.9)",1,0,99,"(367.6, 16.8, -188.9)"
Spawn Point Wander,"Spawn Point (24.0 36.6 -38.1)",1,0,99,"(24.0, 36.6, -38.1)"
Spawn Point Wander,"Spawn Point (-87.5 27.1 140.0)",1,0,99,"(-87.5, 27.1, 140.0)"
Spawn Point Wander,"Spawn Point (234.2 19.8 -288.5)",1,0,99,"(234.2, 19.8, -288.5)"
Spawn Point Wander,"Spawn Point (109.5 19.9 -356.5)",1,0,99,"(109.5, 19.9, -356.5)"
Spawn Point Wander,"Spawn Point (298.8 21.7 -423.2)",1,0,99,"(298.8, 21.7, -423.2)"
Spawn Point Wander,"Spawn Point (-182.7 21.5 135.7)",1,0,99,"(-182.7, 21.5, 135.7)"
Spawn Point Wander,"Spawn Point (149.9 20.0 -412.3)",1,0,99,"(149.9, 20.0, -412.3)"
Spawn Point Wander,"Spawn Point (-163.3 21.4 161.0)",1,0,99,"(-163.3, 21.4, 161.0)"
Spawn Point Wander,"Spawn Point (149.5 19.5 -408.9)",1,0,99,"(149.5, 19.5, -408.9)"
Spawn Point Wander,"Spawn Point (-93.4 27.1 139.6)",1,0,99,"(-93.4, 27.1, 139.6)"
Spawn Point Wander,"Spawn Point (-207.4 21.4 -354.6)",1,0,99,"(-207.4, 21.4, -354.6)"
Spawn Point Wander,"Spawn Point (-198.6 25.1 273.9)",1,0,99,"(-198.6, 25.1, 273.9)"
Spawn Point Wander,"Spawn Point (108.1 20.1 -355.4)",1,0,99,"(108.1, 20.1, -355.4)"
Spawn Point Wander,"Spawn Point (70.8 27.1 170.9)",1,0,99,"(70.8, 27.1, 170.9)"
Spawn Point Wander,"Spawn Point (-78.7 22.7 289.0)",1,0,99,"(-78.7, 22.7, 289.0)"
Spawn Point Wander,"Spawn Point (-253.1 21.4 -378.6)",1,0,99,"(-253.1, 21.4, -378.6)"
Spawn Point Wander,"Spawn Point (-55.0 27.1 -200.5)",1,0,99,"(-55.0, 27.1, -200.5)"
Spawn Point Wander,"Spawn Point (278.4 21.4 333.0)",1,0,99,"(278.4, 21.4, 333.0)"
Spawn Point Wander,"Spawn Point (-185.8 21.5 134.5)",1,0,99,"(-185.8, 21.5, 134.5)"
Spawn Point Wander,"Spawn Point (279.9 21.5 -7.8)",1,0,99,"(279.9, 21.5, -7.8)"
Spawn Point Wander,"Spawn Point (314.9 17.0 -137.2)",1,0,99,"(314.9, 17.0, -137.2)"
Spawn Point Wander,"Spawn Point (-84.1 27.1 77.8)",1,0,99,"(-84.1, 27.1, 77.8)"
Spawn Point Wander,"Spawn Point (385.0 15.1 -295.0)",1,0,99,"(385.0, 15.1, -295.0)"
Spawn Point Wander,"Spawn Point (277.3 21.5 -8.3)",1,0,99,"(277.3, 21.5, -8.3)"
Spawn Point Wander,"Spawn Point (59.1 36.6 -90.9)",1,0,99,"(59.1, 36.6, -90.9)"
Spawn Point Wander,"Spawn Point (298.3 21.5 -420.6)",1,0,99,"(298.3, 21.5, -420.6)"
Spawn Point Wander,"Spawn Point (-158.8 27.1 -73.6)",1,0,99,"(-158.8, 27.1, -73.6)"
Spawn Point Wander,"Spawn Point (151.3 20.0 -411.6)",1,0,99,"(151.3, 20.0, -411.6)"
Spawn Point Wander,"Spawn Point (-338.0 21.4 263.9)",1,0,99,"(-338.0, 21.4, 263.9)"
Spawn Point Wander,"Spawn Point (-196.6 24.9 273.4)",1,0,99,"(-196.6, 24.9, 273.4)"
Spawn Point Wander,"Spawn Point (-203.1 21.5 -76.3)",1,0,99,"(-203.1, 21.5, -76.3)"
Spawn Point Wander,"Spawn Point (88.4 21.4 -168.6)",1,0,99,"(88.4, 21.4, -168.6)"
Spawn Point Wander,"Spawn Point (-206.0 21.5 -77.7)",1,0,99,"(-206.0, 21.5, -77.7)"
Spawn Point Wander,"Spawn Point (148.5 19.6 -411.1)",1,0,99,"(148.5, 19.6, -411.1)"
Spawn Point Wander,"Spawn Point (59.1 21.5 270.0)",1,0,99,"(59.1, 21.5, 270.0)"
Spawn Point Wander,"Spawn Point (-218.2 21.5 5.4)",1,0,99,"(-218.2, 21.5, 5.4)"
Spawn Point Wander,"Spawn Point (109.1 20.1 -353.1)",1,0,99,"(109.1, 20.1, -353.1)"
Spawn Point Wander,"Spawn Point (-320.8 23.4 143.0)",1,0,99,"(-320.8, 23.4, 143.0)"
Spawn Point Wander,"Spawn Point (60.8 21.5 270.1)",1,0,99,"(60.8, 21.5, 270.1)"
Spawn Point Wander,"Spawn Point (5.0 21.5 253.9)",1,0,99,"(5.0, 21.5, 253.9)"
Spawn Point Wander,"Spawn Point (-27.1 27.1 -2.1)",1,0,99,"(-27.1, 27.1, -2.1)"
Spawn Point Wander,"Spawn Point (90.4 21.5 -185.4)",1,0,99,"(90.4, 21.5, -185.4)"
Spawn Point Wander,"Spawn Point (-216.3 21.5 4.1)",1,0,99,"(-216.3, 21.5, 4.1)"
Spawn Point Wander,"Spawn Point (-134.9 27.2 199.6)",1,0,99,"(-134.9, 27.2, 199.6)"
Spawn Point Wander,"Spawn Point (-335.7 21.6 259.4)",1,0,99,"(-335.7, 21.6, 259.4)"
Spawn Point Wander,"Spawn Point (295.9 21.6 -422.7)",1,0,99,"(295.9, 21.6, -422.7)"
Spawn Point Wander,"Spawn Point (-167.0 21.5 -389.2)",1,0,99,"(-167.0, 21.5, -389.2)"
Spawn Point Wander,"Spawn Point (386.0 14.8 -292.3)",1,0,99,"(386.0, 14.8, -292.3)"
Spawn Point Wander,"Spawn Point (281.2 21.4 2.1)",1,0,99,"(281.2, 21.4, 2.1)"
Spawn Point Wander,"Spawn Point (382.6 15.3 -294.7)",1,0,99,"(382.6, 15.3, -294.7)"
Spawn Point Wander,"Spawn Point (-166.6 21.5 -391.8)",1,0,99,"(-166.6, 21.5, -391.8)"
Spawn Point Wander,"Spawn Point (386.4 14.8 -293.8)",1,0,99,"(386.4, 14.8, -293.8)"
Spawn Point Wander,"Spawn Point (-28.3 21.5 74.6)",1,0,99,"(-28.3, 21.5, 74.6)"
Spawn Point Wander,"Spawn Point (7.0 27.1 -238.9)",1,0,99,"(7.0, 27.1, -238.9)"
Spawn Point Wander,"Spawn Point (383.4 15.2 -292.1)",1,0,99,"(383.4, 15.2, -292.1)"
Spawn Point Wander,"Spawn Point (61.6 21.5 268.6)",1,0,99,"(61.6, 21.5, 268.6)"
Spawn Point Wander,"Spawn Point (279.6 21.5 -10.7)",1,0,99,"(279.6, 21.5, -10.7)"
Spawn Point Wander,"Spawn Point (-14.6 22.3 -402.5)",1,0,99,"(-14.6, 22.3, -402.5)"
Spawn Point Wander,"Spawn Point (60.0 36.6 -81.9)",1,0,99,"(60.0, 36.6, -81.9)"
Spawn Point Wander,"Spawn Point (-76.9 22.4 289.9)",1,0,99,"(-76.9, 22.4, 289.9)"
Spawn Point Wander,"Spawn Point (-241.9 21.4 -376.1)",1,0,99,"(-241.9, 21.4, -376.1)"
Spawn Point Wander,"Spawn Point (60.5 36.7 -29.3)",1,0,99,"(60.5, 36.7, -29.3)"
Spawn Point Wander,"Spawn Point (-318.5 22.4 145.8)",1,0,99,"(-318.5, 22.4, 145.8)"
Spawn Point Wander,"Spawn Point (-145.8 27.2 199.6)",1,0,99,"(-145.8, 27.2, 199.6)"
Spawn Point Wander,"Spawn Point (-75.5 22.8 287.2)",1,0,99,"(-75.5, 22.8, 287.2)"
Spawn Point Wander,"Spawn Point (-35.6 27.3 -194.6)",1,0,99,"(-35.6, 27.3, -194.6)"
Spawn Point Wander,"Spawn Point (232.4 19.8 -286.6)",1,0,99,"(232.4, 19.8, -286.6)"
Spawn Point Wander,"Spawn Point (-76.8 27.1 83.5)",1,0,99,"(-76.8, 27.1, 83.5)"
Spawn Point Wander,"Spawn Point (296.9 21.4 -420.5)",1,0,99,"(296.9, 21.4, -420.5)"
Spawn Point Wander,"Spawn Point (82.1 21.5 -205.7)",1,0,99,"(82.1, 21.5, -205.7)"
Spawn Point Wander,"Spawn Point (58.8 21.5 267.9)",1,0,99,"(58.8, 21.5, 267.9)"
Spawn Point Wander,"Spawn Point (274.7 21.4 339.2)",1,0,99,"(274.7, 21.4, 339.2)"
Spawn Point Wander,"Spawn Point (-207.8 21.5 -77.9)",1,0,99,"(-207.8, 21.5, -77.9)"
Spawn Point Wander,"Spawn Point (297.3 21.8 -423.8)",1,0,99,"(297.3, 21.8, -423.8)"
Spawn Point Wander,"Spawn Point (94.1 21.6 -412.1)",1,0,99,"(94.1, 21.6, -412.1)"
Spawn Point Wander,"Spawn Point (-199.9 25.3 275.2)",1,0,99,"(-199.9, 25.3, 275.2)"
Spawn Point Wander,"Spawn Point (-158.6 27.1 -84.1)",1,0,99,"(-158.6, 27.1, -84.1)"
Spawn Point Wander,"Spawn Point (-30.0 21.5 81.8)",1,0,99,"(-30.0, 21.5, 81.8)"
Spawn Point Wander,"Spawn Point (-323.9 23.6 143.8)",1,0,99,"(-323.9, 23.6, 143.8)"
Spawn Point Wander,"Spawn Point (167.4 23.0 385.5)",1,0,99,"(167.4, 23.0, 385.5)"
Spawn Point Wander,"Spawn Point (18.9 36.6 -81.7)",1,0,99,"(18.9, 36.6, -81.7)"
Spawn Point Wander,"Spawn Point (-144.0 27.2 200.5)",1,0,99,"(-144.0, 27.2, 200.5)"
Spawn Point Wander,"Spawn Point (58.4 21.5 265.7)",1,0,99,"(58.4, 21.5, 265.7)"
Spawn Point Wander,"Spawn Point (-318.9 22.6 147.4)",1,0,99,"(-318.9, 22.6, 147.4)"
Spawn Point Wander,"Spawn Point (231.2 19.6 -287.3)",1,0,99,"(231.2, 19.6, -287.3)"
Spawn Point Wander,"Spawn Point (-135.6 27.2 201.5)",1,0,99,"(-135.6, 27.2, 201.5)"
Spawn Point Wander,"Spawn Point (59.2 36.7 -28.9)",1,0,99,"(59.2, 36.7, -28.9)"
Spawn Point Wander,"Spawn Point (-250.6 21.5 59.6)",1,0,99,"(-250.6, 21.5, 59.6)"
Spawn Point Wander,"Spawn Point (315.7 17.3 -133.9)",1,0,99,"(315.7, 17.3, -133.9)"
Spawn Point Wander,"Spawn Point (-26.3 21.5 81.6)",1,0,99,"(-26.3, 21.5, 81.6)"
Spawn Point Wander,"Spawn Point (-321.5 23.1 146.2)",1,0,99,"(-321.5, 23.1, 146.2)"
Spawn Point Wander,"Spawn Point (276.4 21.4 336.6)",1,0,99,"(276.4, 21.4, 336.6)"
Spawn Point Wander,"Spawn Point (314.4 17.1 -134.9)",1,0,99,"(314.4, 17.1, -134.9)"
Spawn Point Wander,"Spawn Point (284.0 21.4 87.4)",1,0,99,"(284.0, 21.4, 87.4)"
Spawn Point Wander,"Spawn Point (94.5 21.7 -415.5)",1,0,99,"(94.5, 21.7, -415.5)"
Spawn Point Wander,"Spawn Point (233.5 19.9 -289.8)",1,0,99,"(233.5, 19.9, -289.8)"
Spawn Point Wander,"Spawn Point (93.0 21.6 -414.4)",1,0,99,"(93.0, 21.6, -414.4)"
Spawn Point Wander,"Spawn Point (314.8 16.9 -138.6)",1,0,99,"(314.8, 16.9, -138.6)"
Spawn Point Wander,"Spawn Point (-16.0 22.4 -403.2)",1,0,99,"(-16.0, 22.4, -403.2)"
Spawn Point Wander,"Spawn Point (-65.8 27.3 -275.6)",1,0,99,"(-65.8, 27.3, -275.6)"
Spawn Point Wander,"Spawn Point (82.8 21.4 -179.8)",1,0,99,"(82.8, 21.4, -179.8)"
Spawn Point Wander,"Spawn Point (281.0 21.4 28.1)",1,0,99,"(281.0, 21.4, 28.1)"
Spawn Point Wander,"Spawn Point (-131.1 21.4 130.5)",1,0,99,"(-131.1, 21.4, 130.5)"
Spawn Point Wander,"Spawn Point (280.1 21.4 340.6)",1,0,99,"(280.1, 21.4, 340.6)"
Spawn Point Wander,"Spawn Point (283.2 21.4 83.2)",1,0,99,"(283.2, 21.4, 83.2)"
Spawn Point Wander,"Spawn Point (367.0 16.7 -187.4)",1,0,99,"(367.0, 16.7, -187.4)"
Spawn Point Wander,"Spawn Point (-155.7 27.1 -36.6)",1,0,99,"(-155.7, 27.1, -36.6)"
Spawn Point Wander,"Spawn Point (-147.5 27.2 199.3)",1,0,99,"(-147.5, 27.2, 199.3)"
Spawn Point Wander,"Spawn Point (-249.8 21.5 58.1)",1,0,99,"(-249.8, 21.5, 58.1)"
Spawn Point Wander,"Spawn Point (-16.4 22.1 -399.8)",1,0,99,"(-16.4, 22.1, -399.8)"
Spawn Point Wander,"Spawn Point (-70.5 27.1 -286.8)",1,0,99,"(-70.5, 27.1, -286.8)"
Spawn Point Wander,"Spawn Point (231.6 19.8 -289.8)",1,0,99,"(231.6, 19.8, -289.8)"
Spawn Point Wander,"Spawn Point (-186.4 21.5 132.5)",1,0,99,"(-186.4, 21.5, 132.5)"
Spawn Point Wander,"Spawn Point (2.4 21.5 255.3)",1,0,99,"(2.4, 21.5, 255.3)"
Spawn Point Wander,"Spawn Point (-70.5 27.1 -261.7)",1,0,99,"(-70.5, 27.1, -261.7)"
Spawn Point Wander,"Spawn Point (-251.0 21.5 56.4)",1,0,99,"(-251.0, 21.5, 56.4)"
Spawn Point Wander,"Spawn Point (-218.0 21.5 3.4)",1,0,99,"(-218.0, 21.5, 3.4)"
Spawn Point Wander,"Spawn Point (-74.4 22.7 288.5)",1,0,99,"(-74.4, 22.7, 288.5)"
Spawn Point Wander,"Spawn Point (163.8 22.5 383.4)",1,0,99,"(163.8, 22.5, 383.4)"
Spawn Point Wander,"Spawn Point (0.6 21.5 254.4)",1,0,99,"(0.6, 21.5, 254.4)"
Spawn Point Wander,"Spawn Point (170.4 22.8 384.5)",1,0,99,"(170.4, 22.8, 384.5)"
Spawn Point Wander,"Spawn Point (-161.6 27.1 -84.6)",1,0,99,"(-161.6, 27.1, -84.6)"
Spawn Point Wander,"Spawn Point (273.9 21.4 342.2)",1,0,99,"(273.9, 21.4, 342.2)"
Spawn Point Wander,"Spawn Point (80.9 21.6 -167.8)",1,0,99,"(80.9, 21.6, -167.8)"
Spawn Point Wander,"Spawn Point (-198.1 25.2 276.1)",1,0,99,"(-198.1, 25.2, 276.1)"
Spawn Point Wander,"Spawn Point (110.9 19.9 -355.8)",1,0,99,"(110.9, 19.9, -355.8)"
Spawn Point Wander,"Spawn Point (-77.5 22.9 287.7)",1,0,99,"(-77.5, 22.9, 287.7)"
Spawn Point Wander,"Spawn Point (56.6 27.1 -11.1)",1,0,99,"(56.6, 27.1, -11.1)"
Spawn Point Wander,"Spawn Point (364.3 16.7 -187.7)",1,0,99,"(364.3, 16.7, -187.7)"
Spawn Point Wander,"Spawn Point (1.9 21.5 253.1)",1,0,99,"(1.9, 21.5, 253.1)"
Spawn Point Wander,"Spawn Point (-138.3 27.1 153.2)",1,0,99,"(-138.3, 27.1, 153.2)"
Spawn Point Wander,"Spawn Point (-169.5 21.5 -391.3)",1,0,99,"(-169.5, 21.5, -391.3)"
Spawn Point Wander,"Spawn Point (14.9 36.6 -81.9)",1,0,99,"(14.9, 36.6, -81.9)"
Spawn Point Wander,"Spawn Point (-26.6 21.5 75.5)",1,0,99,"(-26.6, 21.5, 75.5)"
Spawn Point Wander,"Spawn Point (252.9 21.5 15.6)",1,0,99,"(252.9, 21.5, 15.6)"
Spawn Point Wander,"Spawn Point (-251.9 21.4 -375.9)",1,0,99,"(-251.9, 21.4, -375.9)"
Spawn Point Wander,"Spawn Point (-168.0 21.5 -392.5)",1,0,99,"(-168.0, 21.5, -392.5)"
Spawn Point Wander,"Spawn Point (-26.5 21.5 81.7)",1,0,99,"(-26.5, 21.5, 81.7)"
Spawn Point Wander,"Spawn Point (3.9 21.5 252.6)",1,0,99,"(3.9, 21.5, 252.6)"
Spawn Point Wander,"Spawn Point (362.8 16.6 -185.5)",1,0,99,"(362.8, 16.6, -185.5)"
Spawn Point Wander,"Spawn Point (284.3 21.4 90.9)",1,0,99,"(284.3, 21.4, 90.9)"
Spawn Point Wander,"Spawn Point (-337.6 21.4 265.8)",1,0,99,"(-337.6, 21.4, 265.8)"
Spawn Point Wander,"Spawn Point (-335.9 22.1 256.9)",1,0,99,"(-335.9, 22.1, 256.9)"
Spawn Point Wander,"Spawn Point (-69.9 27.2 -26.6)",1,0,99,"(-69.9, 27.2, -26.6)"
Spawn Point Wander,"Spawn Point (150.9 19.6 -409.0)",1,0,99,"(150.9, 19.6, -409.0)"
Spawn Point Wander,"Spawn Point (315.9 16.8 -140.8)",1,0,99,"(315.9, 16.8, -140.8)"
Spawn Point Wander,"Spawn Point (-215.2 21.5 5.8)",1,0,99,"(-215.2, 21.5, 5.8)"
Spawn Point Wander,"Spawn Point (-157.4 27.1 -72.7)",1,0,99,"(-157.4, 27.1, -72.7)"
Spawn Point Wander,"Spawn Point (-185.1 21.5 131.1)",1,0,99,"(-185.1, 21.5, 131.1)"
Spawn Point Wander,"Spawn Point (284.0 21.4 85.4)",1,0,99,"(284.0, 21.4, 85.4)"
Spawn Point Wander,"Spawn Point (280.6 21.5 -9.2)",1,0,99,"(280.6, 21.5, -9.2)"
Spawn Point Wander,"Spawn Point (-201.0 21.5 -75.4)",1,0,99,"(-201.0, 21.5, -75.4)"
Spawn Point Wander,"Spawn Point (277.3 21.5 -9.7)",1,0,99,"(277.3, 21.5, -9.7)"
Spawn Point Wander,"Spawn Point (-17.5 22.6 -402.1)",1,0,99,"(-17.5, 22.6, -402.1)"
Spawn Point Wander,"Spawn Point (-83.2 27.1 140.1)",1,0,99,"(-83.2, 27.1, 140.1)"
Spawn Point Wander,"Spawn Point (73.6 27.1 170.9)",1,0,99,"(73.6, 27.1, 170.9)"
Spawn Point Wander,"Spawn Point (-195.5 24.9 274.7)",1,0,99,"(-195.5, 24.9, 274.7)"
Spawn Point Wander,"Spawn Point (-215.1 21.5 7.4)",1,0,99,"(-215.1, 21.5, 7.4)"
Spawn Point Wander,"Spawn Point (95.5 21.6 -412.2)",1,0,99,"(95.5, 21.6, -412.2)"
Spawn Point Wander,"Spawn Point (264.7 21.3 -1.2)",1,0,99,"(264.7, 21.3, -1.2)"
Spawn Point Wander,"Spawn Point (-252.6 21.5 55.7)",1,0,99,"(-252.6, 21.5, 55.7)"
Spawn Point Wander,"Spawn Point (-24.2 27.1 -0.7)",1,0,99,"(-24.2, 27.1, -0.7)"
Spawn Point Wander,"Spawn Point (-70.0 27.2 -27.9)",1,0,99,"(-70.0, 27.2, -27.9)"
Spawn Point Wander,"Spawn Point (174.3 22.9 384.2)",1,0,99,"(174.3, 22.9, 384.2)"
Spawn Point Wander,"Spawn Point (-15.0 21.8 -399.9)",1,0,99,"(-15.0, 21.8, -399.9)"
Spawn Point Wander,"Spawn Point (284.2 21.4 89.2)",1,0,99,"(284.2, 21.4, 89.2)"
Spawn Point Wander,"Spawn Point (-154.5 21.4 159.3)",1,0,99,"(-154.5, 21.4, 159.3)"
Spawn Point Wander,"Spawn Point (95.9 21.7 -414.8)",1,0,99,"(95.9, 21.7, -414.8)"
Spawn Point Wander,"Spawn Point (-168.4 21.5 -389.1)",1,0,99,"(-168.4, 21.5, -389.1)"
Spawn Point Wander,"Spawn Point (-69.6 27.2 -99.7)",1,0,99,"(-69.6, 27.2, -99.7)"
Spawn Point Wander,"Spawn Point (162.4 22.3 381.5)",1,0,99,"(162.4, 22.3, 381.5)"
Spawn Point Wander,"Spawn Point (-51.9 27.1 -204.1)",1,0,99,"(-51.9, 27.1, -204.1)"
Spawn Point Wander,"Spawn Point (364.1 16.8 -189.0)",1,0,99,"(364.1, 16.8, -189.0)"
Spawn Rush,"Spawn Rush: Objective #1",1,0,99,"(-185.8, 21.4, 134.5)"
Boss Hunter,"Spawn Point (-156.9 27.1 -36.4)",1,15,99,"(-156.9, 27.1, -36.4)"
Boss Hunter,"Spawn Point (-158.8 27.1 -73.6)",1,15,99,"(-158.8, 27.1, -73.6)"
Boss Hunter,"Spawn Point (-158.6 27.1 -84.1)",1,15,99,"(-158.6, 27.1, -84.1)"
Boss Hunter,"Spawn Point (-155.7 27.1 -36.6)",1,15,99,"(-155.7, 27.1, -36.6)"
Boss Hunter,"Spawn Point (-161.6 27.1 -84.6)",1,15,99,"(-161.6, 27.1, -84.6)"
Boss Hunter,"Spawn Point (-69.9 27.2 -26.6)",1,15,99,"(-69.9, 27.2, -26.6)"
Boss Hunter,"Spawn Point (-157.4 27.1 -72.7)",1,15,99,"(-157.4, 27.1, -72.7)"
Boss Hunter,"Spawn Point (-70.0 27.2 -27.9)",1,15,99,"(-70.0, 27.2, -27.9)"
Boss Hunter,"Spawn Point (-69.6 27.2 -99.7)",1,15,99,"(-69.6, 27.2, -99.7)"
Safe Room Area,"Safe Room Area: Objective #1",1,0,99,"(-73.3, 21.4, 56.2)"
Safe Room Area,"Safe Room Area: Objective #2",1,0,99,"(-51.3, 21.4, 56.0)"
Pharmacy,"Pharmacy: Objective #1",1,15,99,"(61.0, 21.5, -254.6)"
Techlight,"Techlight: Objective #1",3,0,99,"(96.8, 36.6, 48.9)"
Techlight,"Techlight: Objective #2",3,0,99,"(86.8, 36.6, 65.8)"
ULTRA Medical Storage,"ULTRA Medical Storage: Objective #1",1,15,99,"(65.5, 36.6, 39.5)"
KIBA Investigate,"KIBA Investigate: Objective #1",2,5,99,"(-13.1, 27.1, -31.6)"
KIBA,"KIBA: Objective #1",5,15,99,"(-13.1, 27.1, -31.6)"
Killa's Stash,"Killa's Stash: Objective #1",1,15,99,"(-59.3, 21.6, -291.1)"
21WS Container,"21WS Container: Objective #1",1,15,99,"(138.4, 24.0, 260.8)"
Power Station,"Power Station: Objective #1",3,0,99,"(-207.8, 21.4, -347.5)"
Power Station,"Power Station: Objective #2",2,0,99,"(-205.7, 21.5, -361.1)"
Goshan Food Spawns,"Goshan Food Spawns: Objective #1",4,0,99,"(-129.0, 27.1, -158.1)"
Goshan Food Spawns,"Goshan Food Spawns: Objective #2",4,0,99,"(-117.5, 27.1, -169.7)"
Goshan Food Spawns,"Goshan Food Spawns: Objective #3",4,0,99,"(-111.4, 27.1, -159.9)"
OLI Logistics Area,"OLI Logistics Area: Objective #1",1,0,99,"(64.6, 27.1, 125.5)"
OLI Logistics Area,"OLI Logistics Area: Objective #2",1,0,99,"(85.5, 27.1, 100.5)"
OLI Logistics Area,"OLI Logistics Area: Objective #3",1,0,99,"(76.7, 27.1, 120.2)"
OLI Logistics Area,"OLI Logistics Area: Objective #4",1,0,99,"(86.3, 27.1, 118.7)"
OLI Logistics Area,"OLI Logistics Area: Objective #5",1,0,99,"(87.1, 27.1, 127.7)"
OLI Logistics Area,"OLI Logistics Area: Objective #6",1,0,99,"(88.9, 27.1, 131.9)"
IDEA Office,"IDEA Office: Objective #1",2,0,99,"(10.6, 27.1, -300.2)"
IDEA Office,"IDEA Office: Objective #2",3,0,99,"(5.4, 27.1, -293.1)"
IDEA Office,"IDEA Office: Objective #3",1,0,99,"(-17.8, 27.1, -300.5)"
Emercom,"Emercom: Objective #1",1,15,99,"(11.5, 27.1, -108.7)"
Emercom,"Emercom: Objective #2",1,15,99,"(22.1, 27.1, -102.5)"
Emercom,"Emercom: Objective #3",1,15,99,"(31.5, 27.1, -102.5)"
Mantis,"Mantis: Objective #1",1,0,99,"(6.5, 27.1, -79.8)"
Mantis,"Mantis: Objective #2",1,0,99,"(29.6, 27.1, -77.0)"
Mantis,"Mantis: Objective #3",1,0,99,"(24.9, 27.2, -64.4)"
Mantis,"Mantis: Objective #4",1,0,99,"(5.9, 27.1, -66.4)"
Generic,"Generic: Objective #1",1,0,99,"(-14.2, 27.1, -10.3)"
Generic,"Generic: Objective #2",1,0,99,"(-26.5, 27.1, -7.3)"
Generic,"Generic: Objective #3",1,0,99,"(-35.0, 27.1, -0.1)"
East Wall Container,"East Wall Container: Objective #1",1,0,99,"(-210.6, 21.5, -153.8)"
Power Station Stashes,"Power Station Stashes: Objective #1",1,0,99,"(-254.8, 21.4, -256.5)"
Power Station Stashes,"Power Station Stashes: Objective #2",1,0,99,"(-249.9, 21.5, -293.7)"
Power Station Stashes,"Power Station Stashes: Objective #3",1,0,99,"(-245.4, 21.4, -303.9)"
Power Station Stashes,"Power Station Stashes: Objective #4",1,0,99,"(-221.5, 21.7, -271.5)"
Power Station West Shack,"Power Station West Shack: Objective #1",1,0,99,"(-153.0, 21.5, -353.0)"
IDEA North Bus,"IDEA North Bus: Objective #1",1,0,99,"(-12.3, 21.4, -331.6)"
North Construction Site,"North Construction Site: Objective #1",1,0,99,"(189.0, 19.4, -353.0)"
North Construction Site,"North Construction Site: Objective #2",1,0,99,"(165.6, 20.0, -347.1)"
North Construction Site,"North Construction Site: Objective #3",1,0,99,"(217.0, 19.1, -356.0)"
Railway Area,"Railway Area: Objective #1",1,0,99,"(388.5, 18.6, -410.6)"
Railway Area,"Railway Area: Objective #2",1,0,99,"(395.5, 19.2, -369.2)"
Railway Area,"Railway Area: Objective #3",1,0,99,"(449.0, 17.0, -375.1)"
Railway Area,"Railway Area: Objective #4",1,0,99,"(476.0, 18.4, -361.0)"
Railway Stashes,"Railway Stashes: Objective #1",1,0,99,"(524.2, 18.6, -297.1)"
Railway Stashes,"Railway Stashes: Objective #2",1,0,99,"(498.3, 18.4, -250.3)"
Railway Stashes,"Railway Stashes: Objective #3",1,0,99,"(435.4, 16.8, -244.9)"
Railway Stashes,"Railway Stashes: Objective #4",1,0,99,"(368.4, 18.7, -212.5)"
Railway Stashes,"Railway Stashes: Objective #5",1,0,99,"(340.7, 20.9, -159.9)"
Scav Camp Area,"Scav Camp Area: Objective #1",1,0,99,"(266.6, 21.4, -112.4)"
Scav Camp Area,"Scav Camp Area: Objective #2",1,0,99,"(280.7, 21.4, -80.7)"
Scav Camp Area,"Scav Camp Area: Objective #3",1,0,99,"(273.5, 21.4, -41.1)"
Scav Camp Area,"Scav Camp Area: Objective #4",1,0,99,"(261.1, 21.4, -2.3)"
Scav Camp Area,"Scav Camp Area: Objective #5",1,0,99,"(268.4, 21.5, 59.4)"
Emercom Camping Tent,"Emercom Camping Tent: Objective #1",2,0,99,"(-328.1, 21.4, 259.3)"
Emercom Camping Bushes,"Emercom Camping Bushes: Objective #1",2,0,99,"(-331.5, 21.8, 254.0)"
Emercom Camping Bushes 2,"Emercom Camping Bushes 2: Objective #1",2,0,99,"(-351.6, 24.2, 225.8)"
Emercom Camping Loading Dock,"Emercom Camping Loading Dock: Objective #1",2,0,99,"(-153.8, 27.1, 203.0)"
Hole in Fence Camping,"Hole in Fence Camping: Objective #1",2,0,99,"(-222.0, 21.4, -10.1)"
Hole in Fence Camping Garage,"Hole in Fence Camping Garage: Objective #1",2,0,99,"(-192.5, 21.4, -12.1)"
Emercom Tank,"Emercom Tank: Objective #1",1,0,99,"(-259.5, 21.4, 213.1)"
Emercom Extract North Entry,"Emercom Extract North Entry: Objective #1",1,0,99,"(-253.5, 21.4, 70.3)"
Emercom Extract North Entry,"Emercom Extract North Entry: Objective #2",1,0,99,"(-215.3, 21.4, -29.3)"
Collapsed Floor Underside,"Collapsed Floor Underside: Objective #1",1,0,99,"(1.5, 21.4, 14.3)"
Parking Main Stairs,"Parking Main Stairs: Objective #1",1,0,99,"(2.4, 21.4, -35.0)"
Parking Main Stairs,"Parking Main Stairs: Objective #2",1,0,99,"(0.9, 21.4, -75.5)"
Parking Tents,"Parking Tents: Objective #1",1,0,99,"(41.6, 21.4, -114.5)"
Parking Tents,"Parking Tents: Objective #2",1,0,99,"(34.2, 21.4, -129.5)"
IDEA Escalator Vestibules,"IDEA Escalator Vestibules: Objective #1",1,0,99,"(81.5, 21.5, -178.4)"
IDEA Escalator Vestibules,"IDEA Escalator Vestibules: Objective #2",1,0,99,"(90.1, 21.5, -205.4)"
OLI Loading Dock,"OLI Loading Dock: Objective #1",1,0,99,"(-156.6, 27.1, 175.6)"
OLI Loading Dock,"OLI Loading Dock: Objective #2",1,0,99,"(-156.9, 27.1, 146.5)"
OLI Loading Dock,"OLI Loading Dock: Objective #3",1,0,99,"(-156.7, 27.1, 107.8)"
OLI Loading Dock,"OLI Loading Dock: Objective #4",1,0,99,"(-169.5, 27.1, 86.7)"
OLI Loading Dock,"OLI Loading Dock: Objective #5",1,0,99,"(-192.4, 27.1, 86.3)"
OLI Loading Dock,"OLI Loading Dock: Objective #6",1,0,99,"(-196.0, 27.1, 53.4)"
OLI Loading Dock Stashes,"OLI Loading Dock Stashes: Objective #1",1,0,99,"(-174.5, 27.1, 64.1)"
OLI Loading Dock Stashes,"OLI Loading Dock Stashes: Objective #2",1,0,99,"(-160.1, 27.3, 60.1)"
OLI Loading Dock Stashes,"OLI Loading Dock Stashes: Objective #3",1,0,99,"(-137.4, 27.3, 66.7)"
OLI Loading Dock Stashes,"OLI Loading Dock Stashes: Objective #4",1,0,99,"(-139.7, 27.3, 64.1)"
OLI Loading Dock Stashes,"OLI Loading Dock Stashes: Objective #5",1,0,99,"(-133.8, 27.1, 50.4)"
Goshan Loading Corridor,"Goshan Loading Corridor: Objective #1",1,0,99,"(-176.9, 27.1, -7.6)"
Goshan Loading Corridor,"Goshan Loading Corridor: Objective #2",1,0,99,"(-178.5, 27.1, -27.7)"
Goshan Loading Corridor,"Goshan Loading Corridor: Objective #3",1,0,99,"(-168.3, 27.1, -62.4)"
Goshan Loading Corridor,"Goshan Loading Corridor: Objective #4",1,0,99,"(-155.0, 27.3, -57.3)"
Goshan Loading Corridor,"Goshan Loading Corridor: Objective #5",1,0,99,"(-174.5, 27.1, -108.0)"
Goshan Loading Corridor,"Goshan Loading Corridor: Objective #6",1,0,99,"(-162.4, 27.4, -164.7)"
Goshan Loading Corridor,"Goshan Loading Corridor: Objective #7",1,0,99,"(-138.5, 27.1, -153.2)"
Goshan Loading Corridor Stairs Top,"Goshan Loading Corridor Stairs Top: Objective #1",1,0,99,"(-192.0, 27.2, -53.1)"
Goshan Loading Corridor Stairs Bottom,"Goshan Loading Corridor Stairs Bottom: Objective #1",1,0,99,"(-194.6, 20.2, -57.7)"
Goshan Automotive Section,"Goshan Automotive Section: Objective #1",1,0,99,"(-142.4, 27.1, 32.9)"
Goshan Automotive Section,"Goshan Automotive Section: Objective #2",1,0,99,"(-139.4, 27.1, 25.0)"
Goshan Automotive Section,"Goshan Automotive Section: Objective #3",1,0,99,"(-152.6, 27.1, 16.3)"
Goshan Interior Tents,"Goshan Interior Tents: Objective #1",1,0,99,"(-113.6, 27.2, -125.7)"
Goshan Lockers,"Goshan Lockers: Objective #1",2,0,99,"(-65.1, 27.1, -0.1)"
Goshan South Office,"Goshan South Office: Objective #1",3,0,99,"(-76.7, 27.1, 42.4)"
Goshan South Office,"Goshan South Office: Objective #2",1,0,99,"(-66.6, 27.1, 51.7)"
Goshan North Office,"Goshan North Office: Objective #1",3,0,99,"(-77.3, 27.1, -150.1)"
Goshan North Office,"Goshan North Office: Objective #2",1,0,99,"(-66.0, 27.1, -160.4)"
IDEA Escalator Top Room,"IDEA Escalator Top Room: Objective #1",1,0,99,"(58.0, 27.1, -203.1)"
IDEA Lockers,"IDEA Lockers: Objective #1",1,0,99,"(89.8, 27.1, -236.5)"
OLI Loading Area,"OLI Loading Area: Objective #1",1,0,99,"(-108.5, 27.1, 77.9)"
OLI Loading Area,"OLI Loading Area: Objective #2",1,0,99,"(-111.7, 27.1, 118.8)"
OLI Loading Area,"OLI Loading Area: Objective #3",1,0,99,"(-94.6, 27.1, 190.1)"
OLI Loading Area,"OLI Loading Area: Objective #4",1,0,99,"(-76.8, 27.1, 184.0)"
OLI Loading Area,"OLI Loading Area: Objective #5",1,0,99,"(-86.7, 27.1, 177.9)"
OLI Back Storage,"OLI Back Storage: Objective #1",1,0,99,"(-93.2, 27.1, 141.3)"
OLI Back Storage,"OLI Back Storage: Objective #2",1,0,99,"(-80.0, 27.1, 167.1)"
OLI SE Office,"OLI SE Office: Objective #1",4,0,99,"(-99.2, 27.1, 123.1)"
OLI NE Office,"OLI NE Office: Objective #1",3,0,99,"(-98.7, 27.1, 112.4)"
OLI NW Office,"OLI NW Office: Objective #1",3,0,99,"(-87.2, 27.1, 97.3)"
OLI East Bathrooms,"OLI East Bathrooms: Objective #1",1,0,99,"(-77.3, 27.1, 82.5)"
OLI Showroom East,"OLI Showroom East: Objective #1",1,0,99,"(-47.3, 27.1, 129.1)"
OLI Showroom East,"OLI Showroom East: Objective #2",1,0,99,"(-38.6, 27.1, 157.0)"
OLI Showroom East,"OLI Showroom East: Objective #3",1,0,99,"(-60.0, 27.1, 174.8)"
OLI Showroom East,"OLI Showroom East: Objective #4",1,0,99,"(-68.1, 27.1, 189.5)"
OLI Showroom Center,"OLI Showroom Center: Objective #1",1,0,99,"(-42.6, 27.1, 112.0)"
OLI Showroom Center,"OLI Showroom Center: Objective #2",1,0,99,"(-26.7, 27.1, 111.3)"
OLI Showroom Center,"OLI Showroom Center: Objective #3",1,0,99,"(-2.4, 27.1, 107.2)"
OLI Showroom Center,"OLI Showroom Center: Objective #4",1,0,99,"(-19.1, 27.1, 148.1)"
OLI Showroom Center,"OLI Showroom Center: Objective #5",1,0,99,"(-4.8, 27.1, 188.6)"
OLI Showroom West,"OLI Showroom West: Objective #1",1,0,99,"(6.8, 27.1, 170.2)"
OLI Showroom West,"OLI Showroom West: Objective #2",1,0,99,"(22.4, 27.1, 112.1)"
OLI Showroom West,"OLI Showroom West: Objective #3",1,0,99,"(42.4, 27.1, 129.2)"
OLI Showroom West,"OLI Showroom West: Objective #4",1,0,99,"(18.9, 27.1, 166.6)"
OLI Showroom West,"OLI Showroom West: Objective #5",1,0,99,"(13.4, 27.4, 139.5)"
OLI Showroom West,"OLI Showroom West: Objective #6",1,0,99,"(54.6, 27.1, 119.8)"
OLI Showroom West,"OLI Showroom West: Objective #7",1,0,99,"(38.9, 27.1, 99.9)"
OLI Showroom West,"OLI Showroom West: Objective #8",1,0,99,"(47.1, 27.1, 146.0)"
OLI Showroom West,"OLI Showroom West: Objective #9",1,0,99,"(39.1, 27.1, 150.0)"
OLI Showroom West,"OLI Showroom West: Objective #10",1,0,99,"(39.3, 27.1, 183.5)"
OLI Showroom West,"OLI Showroom West: Objective #11",1,0,99,"(49.5, 27.1, 180.2)"
OLI Showroom West,"OLI Showroom West: Objective #12",1,0,99,"(58.7, 27.1, 167.7)"
OLI Showroom West,"OLI Showroom West: Objective #13",1,0,99,"(66.7, 27.1, 161.7)"
OLI Logistics Back Offices,"OLI Logistics Back Offices: Objective #1",1,0,99,"(74.2, 27.1, 157.6)"
OLI Logistics Back Offices,"OLI Logistics Back Offices: Objective #2",1,0,99,"(79.5, 27.1, 165.9)"
OLI Logistics Back Offices,"OLI Logistics Back Offices: Objective #3",1,0,99,"(83.5, 27.1, 159.2)"
OLI Logistics Back Offices,"OLI Logistics Back Offices: Objective #4",1,0,99,"(75.3, 27.1, 162.7)"
OLI North Lockers,"OLI North Lockers: Objective #1",1,0,99,"(-16.4, 27.1, 74.1)"
OLI Mall Entrance,"OLI Mall Entrance: Objective #1",1,0,99,"(15.5, 27.1, 64.2)"
OLI Mall Entrance,"OLI Mall Entrance: Objective #2",1,0,99,"(31.3, 27.1, 61.2)"
OLI Mall Entrance,"OLI Mall Entrance: Objective #3",1,0,99,"(46.7, 27.1, 56.3)"
DOM,"DOM: Objective #1",1,0,99,"(0.1, 27.3, 45.9)"
DOM,"DOM: Objective #2",1,0,99,"(28.8, 27.1, 54.9)"
DOM,"DOM: Objective #3",1,0,99,"(7.1, 27.1, 36.1)"
DOM,"DOM: Objective #4",1,0,99,"(1.3, 27.1, 36.4)"
DOM,"DOM: Objective #5",1,0,99,"(-14.1, 27.1, 37.3)"
TEXHO,"TEXHO: Objective #1",1,0,99,"(55.8, 27.2, 42.8)"
TEXHO,"TEXHO: Objective #2",1,0,99,"(71.3, 27.1, 46.6)"
Pharma,"Pharma: Objective #1",1,0,99,"(60.5, 36.6, -143.4)"
Pharma,"Pharma: Objective #2",1,0,99,"(60.2, 36.6, -132.4)"
MK,"MK: Objective #1",1,0,99,"(8.4, 36.6, -138.7)"
IDEA Showroom,"IDEA Showroom: Objective #1",1,0,99,"(-26.1, 27.3, -279.7)"
IDEA Showroom,"IDEA Showroom: Objective #2",1,0,99,"(-49.3, 27.3, -271.6)"
IDEA Showroom,"IDEA Showroom: Objective #3",1,0,99,"(-31.7, 27.3, -260.7)"
IDEA Showroom,"IDEA Showroom: Objective #4",1,0,99,"(-31.5, 27.3, -239.8)"
IDEA Showroom,"IDEA Showroom: Objective #5",1,0,99,"(-46.0, 27.3, -217.7)"
IDEA Showroom,"IDEA Showroom: Objective #6",1,0,99,"(-26.0, 27.3, -202.9)"
TTS,"TTS: Objective #1",1,0,99,"(9.7, 27.1, -139.8)"
TTS,"TTS: Objective #2",1,0,99,"(14.3, 27.1, -133.2)"
TTS,"TTS: Objective #3",1,0,99,"(23.6, 27.1, -128.9)"
TTS,"TTS: Objective #4",1,0,99,"(31.2, 27.1, -139.5)"
German,"German: Objective #1",1,0,99,"(-18.7, 27.1, -76.8)"
ADIK,"ADIK: Objective #1",1,0,99,"(13.5, 27.1, 0.8)"
ADIK,"ADIK: Objective #2",1,0,99,"(27.6, 27.1, -21.3)"
The National,"The National: Objective #1",2,0,99,"(66.7, 27.1, -29.5)"
The National,"The National: Objective #2",1,0,99,"(49.0, 27.1, -43.1)"
Rasmussen,"Rasmussen: Objective #1",1,0,99,"(28.0, 27.1, 30.4)"
Rasmussen,"Rasmussen: Objective #2",1,0,99,"(30.0, 27.1, 20.2)"
Rasmussen,"Rasmussen: Objective #3",1,0,99,"(17.0, 27.1, 20.8)"
Rasmussen,"Rasmussen: Objective #4",1,0,99,"(10.7, 27.1, 30.6)"
Power Station Roof,"Power Station Roof: Objective #1",2,0,99,"(-217.0, 30.4, -345.5)"
Power Station Roof,"Power Station Roof: Objective #2",2,0,99,"(-194.1, 30.4, -346.2)"
Power Station Roof,"Power Station Roof: Objective #3",2,0,99,"(-194.5, 30.4, -357.3)"
2nd Floor Sniping,"2nd Floor Sniping: Objective #1",2,0,99,"(105.4, 36.6, -46.3)"
2nd Floor Sniping,"2nd Floor Sniping: Objective #2",2,0,99,"(106.8, 36.6, -56.3)"
2nd Floor Sniping,"2nd Floor Sniping: Objective #3",2,0,99,"(105.2, 36.6, -63.9)"
OLI Loading Dock Sniping Spot,"OLI Loading Dock Sniping Spot: Objective #1",2,0,99,"(-133.9, 35.8, 93.6)"
SW Sniping Tower,"SW Sniping Tower: Objective #1",2,0,99,"(207.2, 31.5, 215.6)"
IDEA North Sniping Tower,"IDEA North Sniping Tower: Objective #1",2,0,99,"(48.8, 37.4, -371.6)"
IDEA 2nd Floor,"IDEA 2nd Floor: Objective #1",2,0,99,"(61.2, 32.2, -286.7)"
IDEA 2nd Floor,"IDEA 2nd Floor: Objective #2",2,0,99,"(77.4, 32.2, -286.5)"
OLI Utility Room,"OLI Utility Room: Objective #1",1,10,45,"(-104.4, 27.1, 77.0)"
IDEA Registers,"IDEA Registers: Objective #1",1,0,99,"(10.5, 27.1, -242.9)"
