Bot Name,Bot Nickname,Bot Level,Assignment Status,Quest Name,Objective Name,Step Number,Start Time,End Time
Bot291,"jfetko",21,Failed,"Database - Part 2","Item OLI cargo route documents","1","23:01:41","23:02:13",
Bot292,"K4_a",23,Completed,"Database - Part 1","Item IDEA cargo manifests","1","23:01:41","23:04:17",
Bot292,"K4_a",23,Completed,"Database - Part 1","Item Goshan cargo manifests","1","23:04:23","23:06:14",
Bot292,"K4_a",23,Failed,"Database - Part 1","Item OLI cargo manifests","1","23:06:19","23:14:19",
Bot293,"MMX",8,Failed,"Goshan Loading Corridor","Goshan Loading Corridor: Objective #6","1","23:01:41","23:13:41",
Bot294,"Alex",6,Completed,"Railway Stashes","Railway Stashes: Objective #5","1","23:01:42","23:02:18",
Bot294,"Alex",6,Completed,"Railway Stashes","Railway Stashes: Objective #4","1","23:02:23","23:02:38",
Bot294,"Alex",6,Completed,"Railway Stashes","Railway Stashes: Objective #3","1","23:02:43","23:03:26",
Bot294,"Alex",6,Completed,"Railway Stashes","Railway Stashes: Objective #2","1","23:03:31","23:04:04",
Bot294,"Alex",6,Completed,"Railway Stashes","Railway Stashes: Objective #1","1","23:04:09","23:04:32",
Bot294,"Alex",6,Active,"IDEA Office","IDEA Office: Objective #1","1","23:04:37","N/A",
Bot295,"白闲者",19,Pending,"KIBA Investigate","KIBA Investigate: Objective #1","1","23:01:42","N/A",
Bot295,"白闲者",19,Completed,"OLI Loading Dock Stashes","OLI Loading Dock Stashes: Objective #2","1","23:05:17","23:05:27",
Bot295,"白闲者",19,Completed,"OLI Loading Dock Stashes","OLI Loading Dock Stashes: Objective #1","1","23:05:32","23:05:53",
Bot295,"白闲者",19,Pending,"OLI Loading Dock Stashes","OLI Loading Dock Stashes: Objective #4","1","23:05:59","N/A",
Bot295,"白闲者",19,Completed,"OLI Loading Dock Stashes","OLI Loading Dock Stashes: Objective #5","1","23:07:05","23:07:20",
Bot295,"白闲者",19,Completed,"OLI Loading Dock Stashes","OLI Loading Dock Stashes: Objective #3","1","23:07:25","23:07:57",
Bot295,"白闲者",19,Active,"The Blood of War - Part 1","Zone place_WARBLOOD_04_1","1","23:08:02","N/A",
Bot296,"OkaMoez",11,Pending,"OLI Showroom Center","OLI Showroom Center: Objective #1","1","23:01:43","N/A",
Bot296,"OkaMoez",11,Pending,"OLI Showroom Center","OLI Showroom Center: Objective #2","1","23:17:44","N/A",
Bot296,"OkaMoez",11,Pending,"OLI Showroom Center","OLI Showroom Center: Objective #4","1","23:18:04","N/A",
Bot296,"OkaMoez",11,Completed,"OLI Showroom Center","OLI Showroom Center: Objective #3","1","23:18:24","23:19:17",
Bot296,"OkaMoez",11,Completed,"OLI Showroom Center","OLI Showroom Center: Objective #5","1","23:19:23","23:20:14",
Bot296,"OkaMoez",11,Completed,"OLI Showroom West","OLI Showroom West: Objective #1","1","23:20:19","23:20:38",
Bot296,"OkaMoez",11,Completed,"OLI Showroom West","OLI Showroom West: Objective #4","1","23:20:43","23:21:11",
Bot296,"OkaMoez",11,Completed,"OLI Showroom West","OLI Showroom West: Objective #10","1","23:21:16","23:21:41",
Bot296,"OkaMoez",11,Active,"OLI Showroom West","OLI Showroom West: Objective #12","1","23:21:46","N/A",
Bot297,"Lua",4,Failed,"Techlight","Techlight: Objective #2","1","23:01:43","23:14:22",
Bot297,"Lua",4,Failed,"Techlight","Techlight: Objective #1","1","23:11:29","23:14:22",
Bot301,"Props",10,Completed,"Railway Area","Railway Area: Objective #4","1","23:01:45","23:02:06",
Bot301,"Props",10,Completed,"Railway Area","Railway Area: Objective #3","1","23:02:11","23:03:27",
Bot301,"Props",10,Completed,"Railway Area","Railway Area: Objective #2","1","23:03:32","23:04:59",
Bot301,"Props",10,Completed,"Railway Area","Railway Area: Objective #1","1","23:05:04","23:05:19",
Bot301,"Props",10,Active,"Railway Stashes","Railway Stashes: Objective #3","1","23:05:25","N/A",
Bot302,"crustyselenium_",12,Pending,"Railway Stashes","Railway Stashes: Objective #2","1","23:01:45","N/A",
Bot335,"Pettan",27,Failed,"Big Sale","Zone place_SALE_03_TOPBRAND","1","23:06:49","23:10:18",
Bot334,"Ratthew",11,Failed,"OLI Mall Entrance","OLI Mall Entrance: Objective #3","1","23:06:49","23:10:31",
Bot345,"DrakiaXYZ",8,Completed,"OLI Showroom East","OLI Showroom East: Objective #1","1","23:08:02","23:08:25",
Bot345,"DrakiaXYZ",8,Completed,"OLI Showroom East","OLI Showroom East: Objective #2","1","23:08:30","23:08:45",
Bot345,"DrakiaXYZ",8,Completed,"OLI Showroom East","OLI Showroom East: Objective #3","1","23:08:50","23:09:35",
Bot345,"DrakiaXYZ",8,Active,"OLI Showroom East","OLI Showroom East: Objective #4","1","23:09:40","N/A",
Bot348,"Goose",15,Failed,"Big Sale","Zone place_SALE_03_AVOKADO","1","23:08:43","23:09:46",
Bot349,"Trainfriend",4,Completed,"OLI Loading Dock Stashes","OLI Loading Dock Stashes: Objective #5","1","23:08:44","23:10:10",
Bot349,"Trainfriend",4,Completed,"OLI Loading Dock Stashes","OLI Loading Dock Stashes: Objective #4","1","23:10:15","23:10:32",
Bot349,"Trainfriend",4,Active,"OLI Loading Dock Stashes","OLI Loading Dock Stashes: Objective #2","1","23:10:37","N/A",
Bot351,"Веня Хромой (ItsRenke)",1,Active,"Goshan Food Spawns","Goshan Food Spawns: Objective #3","1","23:09:07","N/A",
Bot357,"jfetko",18,Completed,"Big Sale","Zone place_SALE_03_AVOKADO","1","23:10:39","23:21:24",
Bot357,"jfetko",18,Failed,"Big Sale","Zone place_SALE_03_TOPBRAND","1","23:21:29","23:22:16",
Bot358,"Mr_Pudlik",14,Pending,"KIBA Investigate","KIBA Investigate: Objective #1","1","23:10:39","N/A",
Bot359,"Elektryczny9",26,Failed,"The Key to Success","Item Clothes design handbook - Part 1","1","23:10:40","23:21:44",
Bot360,"BuyingGF",7,Active,"KIBA Investigate","KIBA Investigate: Objective #1","1","23:10:40","N/A",
Bot361,"LayerOfBlubber",16,Pending,"Database - Part 2","Item OLI cargo route documents","1","23:10:42","N/A",
Bot363,"Сява Ебанько (NORVINSK_EVANGELION)",1,Completed,"Mantis","Mantis: Objective #1","1","23:10:49","23:11:17",
Bot363,"Сява Ебанько (NORVINSK_EVANGELION)",1,Completed,"Mantis","Mantis: Objective #4","1","23:11:22","23:11:35",
Bot363,"Сява Ебанько (NORVINSK_EVANGELION)",1,Completed,"Mantis","Mantis: Objective #3","1","23:11:40","23:11:55",
Bot363,"Сява Ебанько (NORVINSK_EVANGELION)",1,Completed,"The National","The National: Objective #2","1","23:12:00","23:12:14",
Bot363,"Сява Ебанько (NORVINSK_EVANGELION)",1,Completed,"The National","The National: Objective #1","2","23:12:20","23:12:43",
Bot363,"Сява Ебанько (NORVINSK_EVANGELION)",1,Failed,"OLI Showroom Center","OLI Showroom Center: Objective #3","1","23:12:48","23:13:54",
Bot368,"Петр Сизый (jonkler)",1,Active,"Techlight","Techlight: Objective #1","1","23:11:45","N/A",
Bot369,"Zersus",17,Pending,"Techlight","Techlight: Objective #1","1","23:11:46","N/A",
Bot376,"Skeeze",22,Active,"Vitamins - Part 1","Item Chemical container #2","1","23:13:01","N/A",
Bot377,"Гоги Вантуз (Chomp)",1,Completed,"Pharma","Pharma: Objective #1","1","23:13:09","23:13:10",
Bot377,"Гоги Вантуз (Chomp)",1,Pending,"Pharma","Pharma: Objective #2","1","23:13:15","N/A",
Bot383,"lukewarmpudding",26,Failed,"Big Sale","Zone place_SALE_03_KOSTIN","1","23:13:45","23:14:04",
Bot383,"lukewarmpudding",26,Pending,"Big Sale","Zone place_SALE_03_AVOKADO","1","23:14:09","N/A",
Bot384,"Borkel",1,Pending,"Goshan Food Spawns","Goshan Food Spawns: Objective #1","1","23:13:45","N/A",
Bot385,"SamSWAT",8,Completed,"Goshan Loading Corridor","Goshan Loading Corridor: Objective #4","1","23:14:03","23:14:33",
Bot385,"SamSWAT",8,Completed,"Goshan Loading Corridor","Goshan Loading Corridor: Objective #3","1","23:14:38","23:14:42",
Bot385,"SamSWAT",8,Failed,"Goshan Loading Corridor","Goshan Loading Corridor: Objective #2","1","23:14:47","23:14:56",
Bot388,"Maxwell the cat",10,Failed,"Goshan South Office","Goshan South Office: Objective #2","1","23:14:10","23:16:52",
Bot389,"Conqueror_Alex",20,Failed,"Database - Part 1","Item OLI cargo manifests","1","23:14:10","23:14:34",
Bot390,"Прохор Темный (IhanaMies)",1,Completed,"OLI Showroom Center","OLI Showroom Center: Objective #1","1","23:14:46","23:15:02",
Bot390,"Прохор Темный (IhanaMies)",1,Active,"OLI Showroom Center","OLI Showroom Center: Objective #2","1","23:15:07","N/A",
Bot397,"Mihai",7,Failed,"Safe Room Area","Safe Room Area: Objective #2","1","23:15:07","23:15:27",
Bot404,"Тима Питерский (lukewarmpudding)",1,Pending,"IDEA Office","IDEA Office: Objective #3","1","23:15:48","N/A",
Bot406,"Изя Знахарь (Refringe)",1,Active,"OLI Loading Dock Stashes","OLI Loading Dock Stashes: Objective #4","1","23:16:37","N/A",
Bot410,"Миха Седой (K4_a)",1,Completed,"TTS","TTS: Objective #4","1","23:18:05","23:18:39",
Bot410,"Миха Седой (K4_a)",1,Completed,"TTS","TTS: Objective #3","1","23:18:44","23:19:00",
Bot410,"Миха Седой (K4_a)",1,Completed,"TTS","TTS: Objective #2","1","23:19:05","23:19:09",
Bot410,"Миха Седой (K4_a)",1,Completed,"TTS","TTS: Objective #1","1","23:19:14","23:19:28",
Bot410,"Миха Седой (K4_a)",1,Active,"The National","The National: Objective #2","1","23:19:33","N/A",
Bot418,"Нойс Дотер (jennacide)",1,Completed,"IDEA Escalator Top Room","IDEA Escalator Top Room: Objective #1","1","23:19:08","23:19:13",
Bot418,"Нойс Дотер (jennacide)",1,Active,"Goshan Food Spawns","Goshan Food Spawns: Objective #3","1","23:19:18","N/A",
Bot422,"PudgeNubbins",7,Pending,"Mantis","Mantis: Objective #3","1","23:19:37","N/A",
Bot421,"NORVINSK_EVANGELION",18,Active,"KIBA Investigate","KIBA Investigate: Objective #1","1","23:19:37","N/A",
Bot424,"Мирослав Приставка (Echo55)",1,Active,"DOM","DOM: Objective #5","1","23:20:03","N/A",
Bot425,"Lennyrod",7,Failed,"Railway Stashes","Railway Stashes: Objective #5","1","23:20:11","23:21:55",
