Bot Name,Bot Nickname,Bot Level,Assignment Status,Quest Name,Objective Name,Step Number,Start Time,End Time
Bot1,"ObiOne",1,Completed,"BMP #1","BMP #1: Objective #1","1","21:27:30","21:27:48",
Bot1,"ObiOne",1,Completed,"White King","White King: Objective #3","1","21:27:53","21:30:09",
Bot1,"ObiOne",1,Failed,"White King","White King: Objective #11","1","21:30:14","21:37:42",
Bot1,"ObiOne",1,Completed,"White King","White King: Objective #13","1","21:31:03","21:31:03",
Bot1,"ObiOne",1,Completed,"White King","White King: Objective #4","1","21:31:09","21:31:44",
Bot1,"ObiOne",1,Completed,"White King","White King: Objective #9","1","21:31:49","21:34:21",
Bot1,"ObiOne",1,Completed,"White King","White King: Objective #10","1","21:34:26","21:34:58",
Bot1,"ObiOne",1,Completed,"White King","White King: Objective #15","1","21:35:03","21:35:33",
Bot1,"ObiOne",1,Failed,"Command Center","Command Center: Objective #1","1","21:35:38","21:37:42",
Bot1,"ObiOne",1,Completed,"Command Center","Command Center: Objective #2","1","21:36:33","21:36:42",
Bot1,"ObiOne",1,Failed,"Command Center","Command Center: Objective #4","1","21:36:47","21:37:42",
Bot2,"ImTheRickHere",13,Completed,"Black Bishop","Black Bishop: Objective #5","1","21:27:31","21:28:15",
Bot2,"ImTheRickHere",13,Completed,"Black Bishop","Black Bishop: Objective #1","1","21:28:20","21:28:34",
Bot2,"ImTheRickHere",13,Completed,"Black Bishop","Black Bishop: Objective #7","1","21:28:39","21:28:59",
Bot2,"ImTheRickHere",13,Completed,"Black Bishop","Black Bishop: Objective #4","1","21:29:04","21:29:43",
Bot2,"ImTheRickHere",13,Failed,"Black Bishop","Black Bishop: Objective #8","1","21:29:48","21:35:10",
Bot3,"bitwarrior",21,Pending,"The Bunker - Part 2","Zone prapor_025_area_3","1","21:27:31","N/A",
Bot4,"Karma",17,Failed,"The Bunker - Part 1","Zone prapor_024_area_2","1","21:27:32","21:33:16",
Bot5,"Jeo",12,Failed,"Command Center Rush","Command Center Rush: Objective #1","1","21:27:32","21:28:46",
Bot11,"Nasc",11,Failed,"Spawn Rush","Spawn Rush: Objective #1","1","21:27:34","21:30:19",
Bot12,"Cats",24,Completed,"Classified Technologies","Item T-90M Commander Control Panel","1","21:27:35","21:27:50",
Bot12,"Cats",24,Failed,"Surplus Goods","Item MBT Integrated Navigation System","1","21:30:19","21:30:38",
Bot15,"jennacide",9,Failed,"Dome Buildings","Dome Buildings: Objective #2","1","21:27:37","21:30:22",
Bot16,"大熊",26,Completed,"The Bunker - Part 2","Zone prapor_025_area_4","1","21:27:37","21:31:23",
Bot16,"大熊",26,Completed,"The Bunker - Part 2","Zone prapor_025_area_3","1","21:31:28","21:31:44",
Bot16,"大熊",26,Failed,"The Bunker - Part 2","Zone prapor_025_area_5","1","21:31:49","21:45:19",
Bot16,"大熊",26,Completed,"The Bunker - Part 2","Zone prapor_025_area_1","1","21:33:27","21:34:25",
Bot16,"大熊",26,Completed,"Command Center","Command Center: Objective #1","1","21:34:30","21:35:17",
Bot16,"大熊",26,Completed,"Command Center","Command Center: Objective #2","1","21:35:22","21:35:29",
Bot16,"大熊",26,Completed,"Command Center","Command Center: Objective #4","3","21:35:35","21:36:10",
Bot16,"大熊",26,Failed,"Command Center","Command Center: Objective #5","1","21:36:15","21:45:19",
Bot16,"大熊",26,Completed,"Command Center","Command Center: Objective #7","2","21:36:46","21:38:21",
Bot16,"大熊",26,Completed,"Command Center","Command Center: Objective #6","2","21:38:26","21:40:27",
Bot16,"大熊",26,Completed,"Inventory Check","Zone baraholshik_dejurniy_area_2","1","21:40:32","21:41:10",
Bot16,"大熊",26,Completed,"Inventory Check","Zone baraholshik_arsenal_area_3","1","21:41:15","21:41:43",
Bot16,"大熊",26,Failed,"Inventory Check","Zone baraholshik_arsenal_area_1","1","21:41:48","21:45:19",
Bot30,"MedDeatH",17,Completed,"Classified Technologies","Item T-90M Commander Control Panel","1","21:32:03","21:32:08",
Bot30,"MedDeatH",17,Failed,"Back Door","Zone mechanik_exit_area_1","1","21:32:13","21:32:13",
Bot30,"MedDeatH",17,Completed,"The Bunker - Part 2","Zone prapor_025_area_4","1","21:32:18","21:49:14",
Bot32,"Claus1978",8,Failed,"Black Bishop Tech Room","Black Bishop Tech Room: Objective #1","1","21:32:35","21:34:40",
Bot31,"ODT",14,Failed,"The Bunker - Part 1","Zone prapor_024_area_2","1","21:32:35","21:34:54",
Bot33,"Morgan",7,Failed,"Black Bishop","Black Bishop: Objective #1","1","21:32:36","21:34:28",
Bot35,"Моня Кепка (Zurugula)",1,Pending,"RB-ST","RB-ST: Objective #1","1","21:32:57","N/A",
Bot36,"OutsiderH",24,Active,"White Rook Barracks","White Rook Barracks: Objective #2","1","21:33:29","N/A",
Bot38,"Virtual",20,Failed,"Classified Technologies","Item T-90M Commander Control Panel","1","21:34:03","21:34:38",
Bot49,"odin_4",19,Completed,"The Bunker - Part 2","Zone prapor_025_area_1","1","21:36:34","21:37:37",
Bot49,"odin_4",19,Failed,"The Bunker - Part 2","Zone prapor_025_area_5","1","21:37:42","21:39:52",
Bot49,"odin_4",19,Failed,"The Bunker - Part 2","Zone prapor_025_area_4","1","21:38:35","21:39:52",
Bot58,"Pycak",17,Failed,"Black Bishop Underground","Black Bishop Underground: Objective #6","1","21:37:44","21:39:01",
Bot56,"Aethas",8,Failed,"White Pawn","White Pawn: Objective #6","1","21:37:44","21:39:23",
Bot57,"Virtual",20,Completed,"The Bunker - Part 1","Zone prapor_024_area_1","1","21:37:44","21:39:45",
Bot57,"Virtual",20,Failed,"The Bunker - Part 1","Zone prapor_024_area_2","1","21:39:50","21:40:14",
Bot59,"Родион Заяц (crustyselenium_)",1,Failed,"D2 from Dome","D2 from Dome: Objective #2","1","21:37:54","21:38:36",
Bot59,"Родион Заяц (crustyselenium_)",1,Failed,"D2 from Dome","D2 from Dome: Objective #1","1","21:38:41","21:38:49",
Bot59,"Родион Заяц (crustyselenium_)",1,Failed,"D2 from Dome","D2 from Dome: Objective #3","1","21:38:54","21:39:06",
Bot59,"Родион Заяц (crustyselenium_)",1,Completed,"Dome Buildings","Dome Buildings: Objective #2","3","21:39:11","21:39:28",
Bot59,"Родион Заяц (crustyselenium_)",1,Completed,"Dome Buildings","Dome Buildings: Objective #6","1","21:39:33","21:39:37",
Bot59,"Родион Заяц (crustyselenium_)",1,Pending,"Dome Buildings","Dome Buildings: Objective #8","1","21:39:42","N/A",
Bot59,"Родион Заяц (crustyselenium_)",1,Completed,"Dome Buildings","Dome Buildings: Objective #5","1","21:40:39","21:40:39",
Bot59,"Родион Заяц (crustyselenium_)",1,Completed,"Dome Buildings","Dome Buildings: Objective #3","1","21:40:44","21:41:24",
Bot59,"Родион Заяц (crustyselenium_)",1,Completed,"Dome Buildings","Dome Buildings: Objective #7","1","21:41:29","21:42:06",
Bot62,"Костыль Шустрила (TimmyGG)",1,Completed,"D2 from Dome","D2 from Dome: Objective #2","1","21:39:07","21:39:20",
Bot62,"Костыль Шустрила (TimmyGG)",1,Completed,"D2 from Dome","D2 from Dome: Objective #3","1","21:39:26","21:39:40",
Bot62,"Костыль Шустрила (TimmyGG)",1,Completed,"D2 from Dome","D2 from Dome: Objective #1","1","21:39:46","21:39:58",
Bot62,"Костыль Шустрила (TimmyGG)",1,Completed,"Dome Buildings","Dome Buildings: Objective #1","3","21:40:03","21:41:50",
Bot62,"Костыль Шустрила (TimmyGG)",1,Completed,"Dome Buildings","Dome Buildings: Objective #2","3","21:41:55","21:42:26",
Bot62,"Костыль Шустрила (TimmyGG)",1,Pending,"Dome Buildings","Dome Buildings: Objective #6","1","21:42:31","N/A",
Bot64,"Авксентий Грузин (BlackKeyCard)",1,Completed,"Scav Lands North Building","Scav Lands North Building: Objective #1","1","21:39:37","21:39:48",
Bot66,"Созон Ситуация (Life)",1,Active,"Black Bishop Tech Room","Black Bishop Tech Room: Objective #1","1","21:39:57","N/A",
Bot70,"Гриша Ветчина (Goewert)",1,Active,"Dome Buildings","Dome Buildings: Objective #8","1","21:40:21","N/A",
Bot73,"hughz001",6,Pending,"White Rook","White Rook: Objective #1","1","21:40:29","N/A",
Bot72,"Aki-chan",8,Active,"White Rook","White Rook: Objective #1","1","21:40:29","N/A",
Bot81,"toaddsworth",17,Completed,"Disease History","Item Medical record #2","1","21:41:56","21:44:04",
Bot81,"toaddsworth",17,Completed,"Disease History","Item Medical record #1","1","21:44:09","21:44:26",
Bot81,"toaddsworth",17,Pending,"Hermetic Alarm Patrol","Hermetic Alarm Patrol: Objective #3","2","21:44:31","N/A",
Bot81,"toaddsworth",17,Pending,"Hermetic Alarm Patrol","Hermetic Alarm Patrol: Objective #2","2","21:45:36","N/A",
Bot81,"toaddsworth",17,Completed,"Hermetic Alarm Patrol","Hermetic Alarm Patrol: Objective #1","2","21:47:24","21:51:31",
Bot81,"toaddsworth",17,Active,"Hermetic Alarm Patrol","Hermetic Alarm Patrol: Objective #4","1","21:51:36","N/A",
Bot82,"Security-Sama",22,Completed,"Black Bishop","Black Bishop: Objective #8","1","21:41:57","21:57:06",
Bot82,"Security-Sama",22,Completed,"Black Bishop","Black Bishop: Objective #6","1","21:57:11","21:57:21",
Bot82,"Security-Sama",22,Completed,"Black Bishop","Black Bishop: Objective #7","1","21:57:26","21:57:45",
Bot82,"Security-Sama",22,Failed,"Black Bishop","Black Bishop: Objective #1","1","21:57:50","22:01:12",
Bot83,"Faupi",17,Completed,"Classified Technologies","Item T-90M Commander Control Panel","1","21:42:03","21:42:07",
Bot83,"Faupi",17,Completed,"Dome Buildings","Dome Buildings: Objective #2","3","21:42:12","21:44:21",
Bot83,"Faupi",17,Failed,"Dome Buildings","Dome Buildings: Objective #1","1","21:44:26","21:46:16",
Bot84,"ThatGuyXIV",5,Failed,"Command Center","Command Center: Objective #9","1","21:42:04","21:52:44",
Bot85,"kova",21,Failed,"Documents","Item Military documents #3","1","21:42:06","21:44:50",
Bot86,"nektoNick",22,Failed,"The Bunker - Part 2","Zone prapor_025_area_3","1","21:42:06","21:47:49",
Bot87,"zicoman",11,Failed,"Black Bishop Tech Room","Black Bishop Tech Room: Objective #1","1","21:42:07","21:42:49",
Bot89,"Петр Торец (Wrecker)",1,Failed,"Command Center","Command Center: Objective #9","1","21:42:10","21:44:36",
Bot95,"Матвей Рыжий (BroCC)",1,Failed,"Dome Buildings","Dome Buildings: Objective #8","1","21:43:56","21:45:05",
Bot98,"Влад Киба (kwebber321)",1,Completed,"Black Bishop","Black Bishop: Objective #8","1","21:44:01","21:45:33",
Bot98,"Влад Киба (kwebber321)",1,Pending,"Black Bishop","Black Bishop: Objective #6","1","21:45:38","N/A",
Bot101,"Юлиан Денди (Kronzky)",1,Completed,"Knight Garages","Knight Garages: Objective #2","1","21:44:11","21:44:15",
Bot101,"Юлиан Денди (Kronzky)",1,Active,"Knight Garages","Knight Garages: Objective #1","1","21:44:20","N/A",
Bot107,"Дэнчик Вереск (MrFandor1n)",1,Failed,"Dome Buildings","Dome Buildings: Objective #2","1","21:45:32","21:51:05",
Bot108,"Tobi",23,Failed,"D2 from Dome","D2 from Dome: Objective #3","1","21:45:33","21:50:27",
Bot111,"Beagle",5,Completed,"BMP #1","BMP #1: Objective #1","1","21:45:42","21:45:46",
Bot111,"Beagle",5,Active,"Train Yard","Train Yard: Objective #2","1","21:45:51","N/A",
Bot114,"jonkler",21,Pending,"Command Center","Command Center: Objective #8","1","21:46:01","N/A",
Bot113,"aleves",10,Failed,"Black Pawn","Black Pawn: Objective #3","1","21:46:01","21:47:17",
Bot115,"jbs4bmx",15,Failed,"White King","White King: Objective #2","1","21:46:03","21:48:20",
Bot117,"Герчик Пипетка (GGaulin)",1,Completed,"White King","White King: Objective #6","1","21:46:33","21:47:23",
Bot117,"Герчик Пипетка (GGaulin)",1,Pending,"White King","White King: Objective #5","1","21:47:28","N/A",
Bot132,"Максим Пуэрщик (Chomp)",1,Completed,"Scav Lands North Building","Scav Lands North Building: Objective #1","1","21:48:40","21:48:50",
Bot132,"Максим Пуэрщик (Chomp)",1,Pending,"BMP #1","BMP #1: Objective #1","1","21:48:55","N/A",
Bot135,"Pettan",20,Completed,"D2 Area","D2 Area: Objective #3","1","21:49:00","21:54:30",
Bot135,"Pettan",20,Active,"D2 Area","D2 Area: Objective #4","1","21:54:35","N/A",
Bot136,"bandit",18,Failed,"White Pawn","White Pawn: Objective #1","1","21:49:00","22:00:53",
Bot139,"Ваха Мятый (SUPERBUBU3000)",1,Completed,"Black Knight","Black Knight: Objective #7","1","21:49:27","21:49:29",
Bot139,"Ваха Мятый (SUPERBUBU3000)",1,Pending,"Black Knight","Black Knight: Objective #4","1","21:49:34","N/A",
Bot140,"MadDutch",2,Completed,"D2 Area","D2 Area: Objective #5","1","21:50:05","21:50:08",
Bot140,"MadDutch",2,Failed,"D2 Area","D2 Area: Objective #2","1","21:50:13","21:52:39",
Bot145,"captainfoam",6,Completed,"White Bishop","White Bishop: Objective #4","1","21:50:59","21:51:26",
Bot145,"captainfoam",6,Completed,"White Bishop","White Bishop: Objective #9","1","21:51:31","21:52:09",
Bot145,"captainfoam",6,Completed,"White Bishop","White Bishop: Objective #5","1","21:52:14","21:52:14",
Bot145,"captainfoam",6,Completed,"White Bishop","White Bishop: Objective #8","1","21:52:19","21:55:05",
Bot145,"captainfoam",6,Completed,"White Bishop","White Bishop: Objective #2","1","21:55:10","21:55:27",
Bot145,"captainfoam",6,Completed,"White Bishop","White Bishop: Objective #7","1","21:55:32","21:56:08",
Bot145,"captainfoam",6,Completed,"White Bishop","White Bishop: Objective #6","1","21:56:13","21:56:58",
Bot145,"captainfoam",6,Completed,"Black Bishop","Black Bishop: Objective #3","1","21:57:03","21:58:06",
Bot145,"captainfoam",6,Completed,"Black Bishop","Black Bishop: Objective #2","1","21:58:11","21:59:59",
Bot145,"captainfoam",6,Completed,"Black Bishop","Black Bishop: Objective #8","1","22:00:04","22:00:53",
Bot145,"captainfoam",6,Pending,"Black Bishop","Black Bishop: Objective #6","1","22:00:58","N/A",
Bot148,"JustNU",7,Active,"Scav Lands South Building","Scav Lands South Building: Objective #1","1","21:51:14","N/A",
Bot149,"jiblet",12,Failed,"White King","White King: Objective #3","1","21:51:15","21:56:08",
Bot150,"YoMamaBinShoppin",27,Pending,"Hermetic Alarm Patrol","Hermetic Alarm Patrol: Objective #2","1","21:51:16","N/A",
Bot151,"Вовчик Программист (蘑菇汤)",1,Completed,"BMP #1","BMP #1: Objective #1","1","21:51:21","21:51:25",
Bot151,"Вовчик Программист (蘑菇汤)",1,Pending,"Scav Lands North Building","Scav Lands North Building: Objective #1","1","21:51:30","N/A",
Bot154,"Самуил Бывалый (jiblet)",1,Completed,"Black Bishop Underground","Black Bishop Underground: Objective #4","1","21:52:01","21:54:03",
Bot154,"Самуил Бывалый (jiblet)",1,Completed,"Black Bishop Underground","Black Bishop Underground: Objective #2","1","21:54:08","21:54:37",
Bot154,"Самуил Бывалый (jiblet)",1,Completed,"Black Bishop Underground","Black Bishop Underground: Objective #3","1","21:54:42","21:55:59",
Bot154,"Самуил Бывалый (jiblet)",1,Active,"Black Bishop Underground","Black Bishop Underground: Objective #6","1","21:56:04","N/A",
Bot155,"Андрюха Питерский (ixcetotis)",1,Completed,"Command Center","Command Center: Objective #8","3","21:52:34","21:53:57",
Bot155,"Андрюха Питерский (ixcetotis)",1,Completed,"Command Center","Command Center: Objective #6","2","21:54:02","21:54:43",
Bot155,"Андрюха Питерский (ixcetotis)",1,Completed,"Command Center","Command Center: Objective #7","2","21:54:48","21:56:27",
Bot155,"Андрюха Питерский (ixcetotis)",1,Pending,"Command Center","Command Center: Objective #5","1","21:56:32","N/A",
Bot155,"Андрюха Питерский (ixcetotis)",1,Completed,"Command Center","Command Center: Objective #4","3","21:57:31","21:59:10",
Bot155,"Андрюха Питерский (ixcetotis)",1,Pending,"Helicopter Platform Crawl Space","Helicopter Platform Crawl Space: Objective #1","1","21:59:15","N/A",
Bot156,"Микола Батон (jonkler)",1,Pending,"SW Tank","SW Tank: Objective #1","1","21:52:34","N/A",
Bot158,"Кот Винторез (Gamenator)",1,Active,"Trenches","Trenches: Objective #2","1","21:52:53","N/A",
Bot159,"Леха Московский (Clerance)",1,Completed,"Trenches","Trenches: Objective #1","1","21:53:02","21:54:58",
Bot159,"Леха Московский (Clerance)",1,Completed,"Trenches","Trenches: Objective #2","1","21:55:03","21:55:26",
Bot159,"Леха Московский (Clerance)",1,Failed,"White King","White King: Objective #6","1","21:55:31","21:56:43",
Bot162,"Феликс Петросян (CharlieMike)",1,Active,"Black Knight","Black Knight: Objective #1","1","21:53:33","N/A",
Bot168,"Олежа Затвор (lukewarmpudding)",1,Completed,"Black Bishop Underground","Black Bishop Underground: Objective #4","1","21:54:05","21:54:26",
Bot168,"Олежа Затвор (lukewarmpudding)",1,Completed,"Black Bishop Underground","Black Bishop Underground: Objective #2","1","21:54:31","21:55:16",
Bot168,"Олежа Затвор (lukewarmpudding)",1,Completed,"Black Bishop Underground","Black Bishop Underground: Objective #3","1","21:55:21","21:55:36",
Bot168,"Олежа Затвор (lukewarmpudding)",1,Pending,"Black Bishop Underground","Black Bishop Underground: Objective #6","1","21:55:41","N/A",
Bot169,"Эдик Ебучий (jiblet)",1,Pending,"White King","White King: Objective #2","1","21:54:06","N/A",
Bot170,"Bepis",19,Completed,"D2 from Dome","D2 from Dome: Objective #3","1","21:54:30","21:54:49",
Bot170,"Bepis",19,Failed,"D2 from Dome","D2 from Dome: Objective #2","1","21:54:54","21:56:34",
Bot171,"Hupfi",22,Failed,"Command Center","Command Center: Objective #9","1","21:54:31","21:56:53",
Bot178,"Гена Слоупок (Nasc)",1,Completed,"BMP #1","BMP #1: Objective #1","1","21:55:38","21:55:43",
Bot178,"Гена Слоупок (Nasc)",1,Pending,"Scav Lands South Building","Scav Lands South Building: Objective #1","1","21:55:48","N/A",
Bot179,"Яков Сова (Z3R0)",1,Completed,"BMP #1","BMP #1: Objective #1","1","21:55:40","21:55:45",
Bot179,"Яков Сова (Z3R0)",1,Active,"Hermetic Depot","Hermetic Depot: Objective #6","1","21:55:50","N/A",
Bot181,"Федя Стакан (Jeo)",1,Pending,"Dome Buildings","Dome Buildings: Objective #5","1","21:56:22","N/A",
Bot183,"Ромчик Джейк (Capataina)",1,Completed,"Knight Garages","Knight Garages: Objective #2","1","21:56:49","21:56:52",
Bot183,"Ромчик Джейк (Capataina)",1,Pending,"Knight Garages","Knight Garages: Objective #1","1","21:56:57","N/A",
Bot184,"Пахомий Крест (YoMamaBinShoppin)",1,Active,"White Rook","White Rook: Objective #1","1","21:57:02","N/A",
Bot185,"Колька Горелый (Logical Solutions)",1,Pending,"Black Bishop Tech Room","Black Bishop Tech Room: Objective #1","1","21:57:03","N/A",
Bot185,"Колька Горелый (Logical Solutions)",1,Pending,"Command Center","Command Center: Objective #9","1","21:57:41","N/A",
Bot185,"Колька Горелый (Logical Solutions)",1,Completed,"Command Center","Command Center: Objective #8","3","21:58:33","21:59:45",
Bot185,"Колька Горелый (Logical Solutions)",1,Pending,"Command Center","Command Center: Objective #6","2","21:59:50","N/A",
Bot186,"Josh33",3,Completed,"Train Yard","Train Yard: Objective #2","1","21:57:31","21:57:49",
Bot187,"JustAShepard",3,Pending,"Command Center","Command Center: Objective #1","1","21:57:35","N/A",
Bot187,"JustAShepard",3,Completed,"Command Center","Command Center: Objective #5","2","21:58:49","21:59:21",
Bot187,"JustAShepard",3,Completed,"Command Center","Command Center: Objective #7","2","21:59:26","22:01:03",
Bot187,"JustAShepard",3,Active,"Command Center","Command Center: Objective #6","1","22:01:08","N/A",
Bot188,"Z3R0",7,Failed,"Black Pawn","Black Pawn: Objective #3","1","21:57:42","21:57:59",
Bot189,"Paulov",5,Completed,"Black Bishop","Black Bishop: Objective #8","1","21:57:44","21:59:01",
Bot189,"Paulov",5,Completed,"Black Bishop","Black Bishop: Objective #6","1","21:59:06","21:59:12",
Bot189,"Paulov",5,Completed,"Black Bishop","Black Bishop: Objective #7","1","21:59:17","21:59:37",
Bot189,"Paulov",5,Completed,"Black Bishop","Black Bishop: Objective #1","1","21:59:42","22:00:32",
Bot190,"Самуил Мавр (Nomad_420)",1,Completed,"Dome Buildings","Dome Buildings: Objective #5","1","21:58:43","21:58:48",
Bot190,"Самуил Мавр (Nomad_420)",1,Pending,"Dome Buildings","Dome Buildings: Objective #9","1","21:58:53","N/A",
Bot190,"Самуил Мавр (Nomad_420)",1,Completed,"Dome Buildings","Dome Buildings: Objective #3","1","21:59:27","21:59:50",
Bot190,"Самуил Мавр (Nomad_420)",1,Completed,"Dome Buildings","Dome Buildings: Objective #6","1","21:59:55","22:00:16",
Bot190,"Самуил Мавр (Nomad_420)",1,Completed,"Dome Buildings","Dome Buildings: Objective #8","1","22:00:21","22:00:50",
Bot190,"Самуил Мавр (Nomad_420)",1,Pending,"Dome Buildings","Dome Buildings: Objective #4","1","22:00:55","N/A",
Bot192,"Шурик Копченый (Sanote)",1,Failed,"Command Center","Command Center: Objective #9","1","21:58:44","21:59:56",
Bot194,"Юрец Герой (Tobi)",1,Pending,"Command Center","Command Center: Objective #1","1","21:58:52","N/A",
Bot196,"Леоня Саратовский (冰淇淋)",1,Completed,"White Bishop","White Bishop: Objective #5","1","21:58:54","21:58:55",
Bot196,"Леоня Саратовский (冰淇淋)",1,Completed,"White Bishop","White Bishop: Objective #2","1","21:59:00","21:59:05",
Bot196,"Леоня Саратовский (冰淇淋)",1,Active,"White Bishop","White Bishop: Objective #7","1","21:59:11","N/A",
Bot197,"Helldiver",26,Active,"SW Tank","SW Tank: Objective #1","1","21:59:04","N/A",
Bot198,"Anthal",15,Pending,"Black Bishop Underground","Black Bishop Underground: Objective #6","1","21:59:05","N/A",
Bot201,"Вано Фармацевт (MrFandor1n)",1,Active,"White King","White King: Objective #6","1","21:59:28","N/A",
Bot204,"Святополк Кафтан (DanW)",1,Active,"White Knight","White Knight: Objective #3","1","22:00:13","N/A",
Bot207,"snapple",26,Pending,"White King","White King: Objective #6","1","22:00:22","N/A",
Bot206,"halik92",24,Active,"White King","White King: Objective #6","1","22:00:23","N/A",
Bot208,"Валя Танкист (JaydanCan)",1,Pending,"Black Pawn","Black Pawn: Objective #5","1","22:00:37","N/A",
