Quest Name,Objective,Steps,Min Level,Max Level,First Step Position
Reserve,"Zone huntsman_029",1,20,45,"(78.8, -12.1, -117.1)"
The Bunker - Part 1,"Zone prapor_024_area_2",1,10,25,"(-114.9, -14.5, 34.5)"
The Bunker - Part 1,"Zone prapor_024_area_1",1,10,25,"(-116.8, -14.5, 31.7)"
The Bunker - Part 2,"Zone prapor_025_area_1",1,15,35,"(-90.3, -14.3, -5.1)"
The Bunker - Part 2,"Zone prapor_025_area_3",1,15,35,"(-149.4, -10.5, 50.0)"
The Bunker - Part 2,"Zone prapor_025_area_4",1,15,35,"(-107.0, -10.5, 77.5)"
The Bunker - Part 2,"Zone prapor_025_area_5",1,15,35,"(-73.0, -10.7, 30.0)"
Revision - Reserve,"Zone tadeush_bmp2_area_check_2",1,14,33,"(-102.2, -5.0, -154.7)"
Revision - Reserve,"Zone tadeush_bmp2_area_mark_2",1,14,33,"(-100.6, -3.5, -156.5)"
Revision - Reserve,"Zone tadeush_bmp2_area_check_11",1,14,33,"(78.9, -5.1, -31.2)"
Revision - Reserve,"Zone tadeush_bmp2_area_mark_11",1,14,33,"(78.9, -5.1, -31.2)"
Revision - Reserve,"Zone tadeush_bmp2_area_check_12",1,14,33,"(103.8, -5.3, 63.9)"
Revision - Reserve,"Zone tadeush_bmp2_area_mark_12",1,14,33,"(101.7, -4.9, 64.4)"
Revision - Reserve,"Zone tadeush_bmp2_area_check_13",1,14,33,"(53.8, -3.4, 122.0)"
Revision - Reserve,"Zone tadeush_bmp2_area_mark_13",1,14,33,"(53.6, -3.2, 122.7)"
Revision - Reserve,"Zone tadeush_stryker_area_check_3",1,14,33,"(40.5, -0.8, -195.4)"
Revision - Reserve,"Zone tadeush_stryker_area_mark_3",1,14,33,"(41.8, 1.2, -194.6)"
Revision - Reserve,"Zone tadeush_stryker_area_check_4",1,14,33,"(-108.8, -6.9, -67.3)"
Revision - Reserve,"Zone tadeush_t90_area_check_1",1,14,33,"(-160.6, -3.4, -117.6)"
Classified Technologies,"Item T-90M Commander Control Panel",1,14,33,"(-88.8, -19.5, 151.8)"
Documents,"Item Military documents #1",1,19,43,"(-114.5, -14.5, 26.9)"
Documents,"Item Military documents #2",1,19,43,"(-114.2, -14.5, 40.5)"
Documents,"Item Military documents #3",1,19,43,"(-121.5, -14.5, 39.1)"
Disease History,"Item Medical record #1",1,15,35,"(-59.6, -3.8, -35.9)"
Disease History,"Item Medical record #2",1,15,35,"(-79.9, -3.8, -30.9)"
Surplus Goods,"Item MBT Integrated Navigation System",1,14,33,"(99.3, -6.9, 59.5)"
Back Door,"Zone mechanik_exit_area_1",1,14,33,"(-119.8, -18.4, 171.8)"
Inventory Check,"Zone baraholshik_arsenal_area_1",1,15,35,"(-167.4, 2.4, 31.4)"
Inventory Check,"Zone baraholshik_dejurniy_area_2",1,15,35,"(-165.0, -0.5, 34.5)"
Inventory Check,"Zone baraholshik_arsenal_area_3",1,15,35,"(-167.4, -3.3, 31.4)"
Inventory Check,"Zone baraholshik_arsenal_area_4",1,15,35,"(-125.5, 2.5, 95.7)"
Inventory Check,"Zone baraholshik_arsenal_area_5",1,15,35,"(-125.5, -3.4, 95.7)"
A Fuel Matter,"Zone baraholshik_fuel_area_2",1,15,35,"(11.9, -6.9, 73.8)"
A Fuel Matter,"Zone baraholshik_fuel_area_3",1,15,35,"(170.0, -6.8, -97.9)"
Pest Control,"Zone eger_barracks_area_1",1,20,45,"(-102.9, -6.3, 92.5)"
Pest Control,"Zone eger_barracks_area_2",1,20,45,"(-163.7, -9.2, 55.9)"
Snatch,"Zone tadeush_bmp2_area_mark_12",2,35,70,"(101.7, -4.9, 64.4)"
Snatch,"Item Lightkeeper intelligence",1,35,70,"(102.5, -6.9, 66.2)"
Spawn Point Wander,"Spawn Point (148.7 -10.8 38.1)",1,0,99,"(148.7, -10.8, 38.1)"
Spawn Point Wander,"Spawn Point (141.0 -6.5 -223.1)",1,0,99,"(141.0, -6.5, -223.1)"
Spawn Point Wander,"Spawn Point (-85.1 -14.5 36.9)",1,0,99,"(-85.1, -14.5, 36.9)"
Spawn Point Wander,"Spawn Point (-118.6 -6.9 -3.0)",1,0,99,"(-118.6, -6.9, -3.0)"
Spawn Point Wander,"Spawn Point (-261.4 -10.8 -64.0)",1,0,99,"(-261.4, -10.8, -64.0)"
Spawn Point Wander,"Spawn Point (-94.9 -14.8 3.4)",1,0,99,"(-94.9, -14.8, 3.4)"
Spawn Point Wander,"Spawn Point (62.3 -6.9 -174.5)",1,0,99,"(62.3, -6.9, -174.5)"
Spawn Point Wander,"Spawn Point (65.8 -6.8 -39.2)",1,0,99,"(65.8, -6.8, -39.2)"
Spawn Point Wander,"Spawn Point (233.9 -10.8 -2.0)",1,0,99,"(233.9, -10.8, -2.0)"
Spawn Point Wander,"Spawn Point (60.7 -6.7 63.8)",1,0,99,"(60.7, -6.7, 63.8)"
Spawn Point Wander,"Spawn Point (142.9 -10.8 40.5)",1,0,99,"(142.9, -10.8, 40.5)"
Spawn Point Wander,"Spawn Point (-218.1 -10.9 51.1)",1,0,99,"(-218.1, -10.9, 51.1)"
Spawn Point Wander,"Spawn Point (164.5 -6.8 -234.9)",1,0,99,"(164.5, -6.8, -234.9)"
Spawn Point Wander,"Spawn Point (-140.2 -7.0 -35.5)",1,0,99,"(-140.2, -7.0, -35.5)"
Spawn Point Wander,"Spawn Point (147.1 -10.8 34.6)",1,0,99,"(147.1, -10.8, 34.6)"
Spawn Point Wander,"Spawn Point (148.8 -10.8 36.2)",1,0,99,"(148.8, -10.8, 36.2)"
Spawn Point Wander,"Spawn Point (189.6 -6.8 -101.5)",1,0,99,"(189.6, -6.8, -101.5)"
Spawn Point Wander,"Spawn Point (217.3 -6.9 -172.0)",1,0,99,"(217.3, -6.9, -172.0)"
Spawn Point Wander,"Spawn Point (164.8 -5.2 -161.4)",1,0,99,"(164.8, -5.2, -161.4)"
Spawn Point Wander,"Spawn Point (219.2 -6.9 -174.0)",1,0,99,"(219.2, -6.9, -174.0)"
Spawn Point Wander,"Spawn Point (-99.9 -14.5 17.4)",1,0,99,"(-99.9, -14.5, 17.4)"
Spawn Point Wander,"Spawn Point (-219.4 -10.9 50.4)",1,0,99,"(-219.4, -10.9, 50.4)"
Spawn Point Wander,"Spawn Point (73.4 -15.5 -38.3)",1,0,99,"(73.4, -15.5, -38.3)"
Spawn Point Wander,"Spawn Point (-132.3 -11.7 80.7)",1,0,99,"(-132.3, -11.7, 80.7)"
Spawn Point Wander,"Spawn Point (63.1 -6.9 -172.0)",1,0,99,"(63.1, -6.9, -172.0)"
Spawn Point Wander,"Spawn Point (-267.8 -10.9 -75.0)",1,0,99,"(-267.8, -10.9, -75.0)"
Spawn Point Wander,"Spawn Point (-29.7 -6.8 -12.5)",1,0,99,"(-29.7, -6.8, -12.5)"
Spawn Point Wander,"Spawn Point (-213.8 -10.9 50.9)",1,0,99,"(-213.8, -10.9, 50.9)"
Spawn Point Wander,"Spawn Point (-79.0 21.3 193.8)",1,0,99,"(-79.0, 21.3, 193.8)"
Spawn Point Wander,"Spawn Point (171.6 -5.2 -167.7)",1,0,99,"(171.6, -5.2, -167.7)"
Spawn Point Wander,"Spawn Point (58.4 -12.2 -155.2)",1,0,99,"(58.4, -12.2, -155.2)"
Spawn Point Wander,"Spawn Point (38.6 -0.5 -184.2)",1,0,99,"(38.6, -0.5, -184.2)"
Spawn Point Wander,"Spawn Point (156.5 -6.8 -234.9)",1,0,99,"(156.5, -6.8, -234.9)"
Spawn Point Wander,"Spawn Point (-215.4 -10.9 50.9)",1,0,99,"(-215.4, -10.9, 50.9)"
Spawn Point Wander,"Spawn Point (243.1 -7.1 -88.1)",1,0,99,"(243.1, -7.1, -88.1)"
Spawn Point Wander,"Spawn Point (41.4 -12.2 -110.2)",1,0,99,"(41.4, -12.2, -110.2)"
Spawn Point Wander,"Spawn Point (57.9 -6.7 64.8)",1,0,99,"(57.9, -6.7, 64.8)"
Spawn Point Wander,"Spawn Point (186.8 -6.8 -105.0)",1,0,99,"(186.8, -6.8, -105.0)"
Spawn Point Wander,"Spawn Point (-27.9 12.6 184.2)",1,0,99,"(-27.9, 12.6, 184.2)"
Spawn Point Wander,"Spawn Point (-105.6 -14.5 21.8)",1,0,99,"(-105.6, -14.5, 21.8)"
Spawn Point Wander,"Spawn Point (-145.4 -6.9 53.3)",1,0,99,"(-145.4, -6.9, 53.3)"
Spawn Point Wander,"Spawn Point (-154.1 -6.2 -9.2)",1,0,99,"(-154.1, -6.2, -9.2)"
Spawn Point Wander,"Spawn Point (23.6 -6.9 8.2)",1,0,99,"(23.6, -6.9, 8.2)"
Spawn Point Wander,"Spawn Point (-74.1 -6.8 27.0)",1,0,99,"(-74.1, -6.8, 27.0)"
Spawn Point Wander,"Spawn Point (-37.5 -6.8 -172.3)",1,0,99,"(-37.5, -6.8, -172.3)"
Spawn Point Wander,"Spawn Point (-117.6 -14.6 58.7)",1,0,99,"(-117.6, -14.6, 58.7)"
Spawn Point Wander,"Spawn Point (56.7 -6.7 66.7)",1,0,99,"(56.7, -6.7, 66.7)"
Spawn Point Wander,"Spawn Point (-90.4 -14.5 14.5)",1,0,99,"(-90.4, -14.5, 14.5)"
Spawn Point Wander,"Spawn Point (-27.9 12.6 181.6)",1,0,99,"(-27.9, 12.6, 181.6)"
Spawn Point Wander,"Spawn Point (-266.8 -6.2 23.1)",1,0,99,"(-266.8, -6.2, 23.1)"
Spawn Point Wander,"Spawn Point (32.5 -6.8 -11.5)",1,0,99,"(32.5, -6.8, -11.5)"
Spawn Point Wander,"Spawn Point (168.4 -6.8 -234.9)",1,0,99,"(168.4, -6.8, -234.9)"
Spawn Point Wander,"Spawn Point (43.1 -6.8 -32.7)",1,0,99,"(43.1, -6.8, -32.7)"
Spawn Point Wander,"Spawn Point (-83.9 -6.8 44.9)",1,0,99,"(-83.9, -6.8, 44.9)"
Spawn Point Wander,"Spawn Point (126.4 -6.8 45.4)",1,0,99,"(126.4, -6.8, 45.4)"
Spawn Point Wander,"Spawn Point (160.2 -5.1 -168.1)",1,0,99,"(160.2, -5.1, -168.1)"
Spawn Point Wander,"Spawn Point (138.8 -6.8 -229.3)",1,0,99,"(138.8, -6.8, -229.3)"
Spawn Point Wander,"Spawn Point (102.7 -6.9 -5.5)",1,0,99,"(102.7, -6.9, -5.5)"
Spawn Point Wander,"Spawn Point (-135.1 -6.7 -130.0)",1,0,99,"(-135.1, -6.7, -130.0)"
Spawn Point Wander,"Spawn Point (249.1 -6.4 -28.2)",1,0,99,"(249.1, -6.4, -28.2)"
Spawn Point Wander,"Spawn Point (-262.9 -10.9 -67.3)",1,0,99,"(-262.9, -10.9, -67.3)"
Spawn Point Wander,"Spawn Point (25.9 -6.9 7.2)",1,0,99,"(25.9, -6.9, 7.2)"
Spawn Point Wander,"Spawn Point (141.4 -10.8 41.1)",1,0,99,"(141.4, -10.8, 41.1)"
Spawn Point Wander,"Spawn Point (-6.0 -7.0 -182.4)",1,0,99,"(-6.0, -7.0, -182.4)"
Spawn Point Wander,"Spawn Point (174.0 -5.2 -166.8)",1,0,99,"(174.0, -5.2, -166.8)"
Spawn Point Wander,"Spawn Point (188.8 -6.8 -106.4)",1,0,99,"(188.8, -6.8, -106.4)"
Spawn Point Wander,"Spawn Point (-50.7 -6.5 15.7)",1,0,99,"(-50.7, -6.5, 15.7)"
Spawn Point Wander,"Spawn Point (-82.4 -14.3 28.9)",1,0,99,"(-82.4, -14.3, 28.9)"
Spawn Point Wander,"Spawn Point (-138.0 -7.1 -130.0)",1,0,99,"(-138.0, -7.1, -130.0)"
Spawn Point Wander,"Spawn Point (23.5 -5.1 -128.3)",1,0,99,"(23.5, -5.1, -128.3)"
Spawn Point Wander,"Spawn Point (-36.4 -7.0 -167.0)",1,0,99,"(-36.4, -7.0, -167.0)"
Spawn Point Wander,"Spawn Point (22.7 -6.9 5.2)",1,0,99,"(22.7, -6.9, 5.2)"
Spawn Point Wander,"Spawn Point (23.2 -6.9 6.6)",1,0,99,"(23.2, -6.9, 6.6)"
Spawn Point Wander,"Spawn Point (189.5 -6.8 -96.3)",1,0,99,"(189.5, -6.8, -96.3)"
Spawn Point Wander,"Spawn Point (55.9 -6.7 65.1)",1,0,99,"(55.9, -6.7, 65.1)"
Spawn Point Wander,"Spawn Point (-86.1 -14.4 21.4)",1,0,99,"(-86.1, -14.4, 21.4)"
Spawn Point Wander,"Spawn Point (-265.5 -5.5 13.1)",1,0,99,"(-265.5, -5.5, 13.1)"
Spawn Point Wander,"Spawn Point (-266.1 -10.9 -76.9)",1,0,99,"(-266.1, -10.9, -76.9)"
Spawn Point Wander,"Spawn Point (225.1 -6.8 -123.0)",1,0,99,"(225.1, -6.8, -123.0)"
Spawn Point Wander,"Spawn Point (234.1 -10.8 -3.3)",1,0,99,"(234.1, -10.8, -3.3)"
Spawn Point Wander,"Spawn Point (63.7 -6.9 -168.2)",1,0,99,"(63.7, -6.9, -168.2)"
Spawn Point Wander,"Spawn Point (-264.5 -5.2 11.5)",1,0,99,"(-264.5, -5.2, 11.5)"
Spawn Point Wander,"Spawn Point (-71.5 21.4 193.8)",1,0,99,"(-71.5, 21.4, 193.8)"
Spawn Point Wander,"Spawn Point (-62.3 -7.0 37.9)",1,0,99,"(-62.3, -7.0, 37.9)"
Spawn Point Wander,"Spawn Point (-252.8 -5.4 -0.7)",1,0,99,"(-252.8, -5.4, -0.7)"
Spawn Point Wander,"Spawn Point (96.7 -7.0 -16.2)",1,0,99,"(96.7, -7.0, -16.2)"
Spawn Point Wander,"Spawn Point (-49.3 -6.5 18.1)",1,0,99,"(-49.3, -6.5, 18.1)"
Spawn Point Wander,"Spawn Point (233.8 -10.8 -0.6)",1,0,99,"(233.8, -10.8, -0.6)"
Spawn Point Wander,"Spawn Point (-32.9 -7.0 -154.5)",1,0,99,"(-32.9, -7.0, -154.5)"
Spawn Point Wander,"Spawn Point (-216.8 -10.9 51.0)",1,0,99,"(-216.8, -10.9, 51.0)"
Spawn Point Wander,"Spawn Point (30.7 -12.2 -153.9)",1,0,99,"(30.7, -12.2, -153.9)"
Spawn Point Wander,"Spawn Point (25.7 -6.9 4.9)",1,0,99,"(25.7, -6.9, 4.9)"
Spawn Point Wander,"Spawn Point (248.3 -6.5 -32.9)",1,0,99,"(248.3, -6.5, -32.9)"
Spawn Point Wander,"Spawn Point (-136.4 -14.6 41.6)",1,0,99,"(-136.4, -14.6, 41.6)"
Spawn Point Wander,"Spawn Point (-10.3 -7.0 -186.0)",1,0,99,"(-10.3, -7.0, -186.0)"
Spawn Point Wander,"Spawn Point (192.4 -6.8 -97.5)",1,0,99,"(192.4, -6.8, -97.5)"
Spawn Point Wander,"Spawn Point (230.4 -6.8 -117.5)",1,0,99,"(230.4, -6.8, -117.5)"
Spawn Point Wander,"Spawn Point (248.8 -6.0 -18.0)",1,0,99,"(248.8, -6.0, -18.0)"
Spawn Point Wander,"Spawn Point (-33.7 -7.0 -156.9)",1,0,99,"(-33.7, -7.0, -156.9)"
Spawn Point Wander,"Spawn Point (104.8 -7.0 12.9)",1,0,99,"(104.8, -7.0, 12.9)"
Spawn Point Wander,"Spawn Point (160.2 -6.8 -234.9)",1,0,99,"(160.2, -6.8, -234.9)"
Spawn Point Wander,"Spawn Point (-34.9 -7.0 -169.2)",1,0,99,"(-34.9, -7.0, -169.2)"
Spawn Point Wander,"Spawn Point (-6.0 -7.0 -180.0)",1,0,99,"(-6.0, -7.0, -180.0)"
Spawn Point Wander,"Spawn Point (1.8 -6.9 -40.0)",1,0,99,"(1.8, -6.9, -40.0)"
Spawn Point Wander,"Spawn Point (-104.2 -14.5 33.8)",1,0,99,"(-104.2, -14.5, 33.8)"
Spawn Point Wander,"Spawn Point (-89.8 -14.5 17.2)",1,0,99,"(-89.8, -14.5, 17.2)"
Spawn Point Wander,"Spawn Point (-53.0 -6.8 40.6)",1,0,99,"(-53.0, -6.8, 40.6)"
Spawn Point Wander,"Spawn Point (-76.0 21.4 194.0)",1,0,99,"(-76.0, 21.4, 194.0)"
Spawn Point Wander,"Spawn Point (-78.7 21.1 191.1)",1,0,99,"(-78.7, 21.1, 191.1)"
Spawn Point Wander,"Spawn Point (62.8 -6.7 63.1)",1,0,99,"(62.8, -6.7, 63.1)"
Spawn Point Wander,"Spawn Point (-163.1 -6.2 -6.8)",1,0,99,"(-163.1, -6.2, -6.8)"
Spawn Point Wander,"Spawn Point (83.2 -12.2 -123.1)",1,0,99,"(83.2, -12.2, -123.1)"
Spawn Point Wander,"Spawn Point (-130.3 -11.7 80.3)",1,0,99,"(-130.3, -11.7, 80.3)"
Spawn Point Wander,"Spawn Point (45.4 -0.8 -196.3)",1,0,99,"(45.4, -0.8, -196.3)"
Spawn Point Wander,"Spawn Point (-48.3 -6.5 15.1)",1,0,99,"(-48.3, -6.5, 15.1)"
Spawn Point Wander,"Spawn Point (170.4 -6.8 -234.9)",1,0,99,"(170.4, -6.8, -234.9)"
Spawn Point Wander,"Spawn Point (197.1 -6.3 42.0)",1,0,99,"(197.1, -6.3, 42.0)"
Spawn Point Wander,"Spawn Point (33.4 -12.2 -142.6)",1,0,99,"(33.4, -12.2, -142.6)"
Spawn Point Wander,"Spawn Point (-7.3 -7.0 -183.4)",1,0,99,"(-7.3, -7.0, -183.4)"
Spawn Point Wander,"Spawn Point (-35.4 -7.0 -34.1)",1,0,99,"(-35.4, -7.0, -34.1)"
Spawn Point Wander,"Spawn Point (61.5 -6.9 -177.2)",1,0,99,"(61.5, -6.9, -177.2)"
Spawn Point Wander,"Spawn Point (-263.0 -10.9 -64.7)",1,0,99,"(-263.0, -10.9, -64.7)"
Spawn Point Wander,"Spawn Point (-126.8 -10.5 79.1)",1,0,99,"(-126.8, -10.5, 79.1)"
Spawn Point Wander,"Spawn Point (39.7 -0.2 -188.6)",1,0,99,"(39.7, -0.2, -188.6)"
Spawn Point Wander,"Spawn Point (137.2 -6.5 -232.0)",1,0,99,"(137.2, -6.5, -232.0)"
Spawn Point Wander,"Spawn Point (216.7 -6.9 -176.9)",1,0,99,"(216.7, -6.9, -176.9)"
Spawn Point Wander,"Spawn Point (234.4 -10.8 -4.8)",1,0,99,"(234.4, -10.8, -4.8)"
Spawn Point Wander,"Spawn Point (102.4 -7.0 3.1)",1,0,99,"(102.4, -7.0, 3.1)"
Spawn Point Wander,"Spawn Point (240.9 -7.1 -94.9)",1,0,99,"(240.9, -7.1, -94.9)"
Spawn Point Wander,"Spawn Point (-149.9 -6.2 -10.4)",1,0,99,"(-149.9, -6.2, -10.4)"
Spawn Point Wander,"Spawn Point (-118.3 -10.5 77.5)",1,0,99,"(-118.3, -10.5, 77.5)"
Spawn Point Wander,"Spawn Point (234.3 -10.8 -6.7)",1,0,99,"(234.3, -10.8, -6.7)"
Spawn Point Wander,"Spawn Point (35.9 -0.3 -189.7)",1,0,99,"(35.9, -0.3, -189.7)"
Spawn Point Wander,"Spawn Point (-74.3 21.4 192.0)",1,0,99,"(-74.3, 21.4, 192.0)"
Spawn Point Wander,"Spawn Point (31.5 -12.2 -146.8)",1,0,99,"(31.5, -12.2, -146.8)"
Spawn Point Wander,"Spawn Point (146.0 -6.8 -230.5)",1,0,99,"(146.0, -6.8, -230.5)"
Spawn Point Wander,"Spawn Point (-6.5 -6.7 -19.2)",1,0,99,"(-6.5, -6.7, -19.2)"
Spawn Point Wander,"Spawn Point (67.8 -7.3 -168.2)",1,0,99,"(67.8, -7.3, -168.2)"
Spawn Point Wander,"Spawn Point (-28.3 12.6 182.9)",1,0,99,"(-28.3, 12.6, 182.9)"
Spawn Point Wander,"Spawn Point (-47.3 -6.5 18.7)",1,0,99,"(-47.3, -6.5, 18.7)"
Spawn Point Wander,"Spawn Point (47.3 -12.1 -93.3)",1,0,99,"(47.3, -12.1, -93.3)"
Spawn Point Wander,"Spawn Point (255.1 -6.4 -42.1)",1,0,99,"(255.1, -6.4, -42.1)"
Spawn Point Wander,"Spawn Point (-135.1 -6.7 -130.0)",1,0,99,"(-135.1, -6.7, -130.0)"
Spawn Point Wander,"Spawn Point (-135.5 -6.7 -130.0)",1,0,99,"(-135.5, -6.7, -130.0)"
Spawn Point Wander,"Spawn Point (226.3 -6.8 31.4)",1,0,99,"(226.3, -6.8, 31.4)"
Spawn Point Wander,"Spawn Point (-174.1 -6.9 1.2)",1,0,99,"(-174.1, -6.9, 1.2)"
Spawn Point Wander,"Spawn Point (-120.8 -10.5 78.1)",1,0,99,"(-120.8, -10.5, 78.1)"
Spawn Point Wander,"Spawn Point (173.8 -5.2 -169.2)",1,0,99,"(173.8, -5.2, -169.2)"
Spawn Point Wander,"Spawn Point (-136.0 -6.7 -130.0)",1,0,99,"(-136.0, -6.7, -130.0)"
Spawn Point Wander,"Spawn Point (122.0 -12.2 -120.3)",1,0,99,"(122.0, -12.2, -120.3)"
Spawn Point Wander,"Spawn Point (-26.8 12.6 182.8)",1,0,99,"(-26.8, 12.6, 182.8)"
Spawn Point Wander,"Spawn Point (-47.3 -6.5 14.3)",1,0,99,"(-47.3, -6.5, 14.3)"
Spawn Point Wander,"Spawn Point (176.3 -5.9 40.8)",1,0,99,"(176.3, -5.9, 40.8)"
Spawn Point Wander,"Spawn Point (60.5 -6.9 -56.2)",1,0,99,"(60.5, -6.9, -56.2)"
Spawn Point Wander,"Spawn Point (218.0 -6.9 -175.7)",1,0,99,"(218.0, -6.9, -175.7)"
Spawn Rush,"Spawn Rush: Objective #1",1,0,99,"(-71.5, 21.5, 193.8)"
Boss Hunter,"Spawn Point (141.0 -6.5 -223.1)",1,15,99,"(141.0, -6.5, -223.1)"
Boss Hunter,"Spawn Point (-85.1 -14.5 36.9)",1,15,99,"(-85.1, -14.5, 36.9)"
Boss Hunter,"Spawn Point (-118.6 -6.9 -3.0)",1,15,99,"(-118.6, -6.9, -3.0)"
Boss Hunter,"Spawn Point (-94.9 -14.8 3.4)",1,15,99,"(-94.9, -14.8, 3.4)"
Boss Hunter,"Spawn Point (-140.2 -7.0 -35.5)",1,15,99,"(-140.2, -7.0, -35.5)"
Boss Hunter,"Spawn Point (217.3 -6.9 -172.0)",1,15,99,"(217.3, -6.9, -172.0)"
Boss Hunter,"Spawn Point (219.2 -6.9 -174.0)",1,15,99,"(219.2, -6.9, -174.0)"
Boss Hunter,"Spawn Point (-99.9 -14.5 17.4)",1,15,99,"(-99.9, -14.5, 17.4)"
Boss Hunter,"Spawn Point (38.6 -0.5 -184.2)",1,15,99,"(38.6, -0.5, -184.2)"
Boss Hunter,"Spawn Point (243.1 -7.1 -88.1)",1,15,99,"(243.1, -7.1, -88.1)"
Boss Hunter,"Spawn Point (-105.6 -14.5 21.8)",1,15,99,"(-105.6, -14.5, 21.8)"
Boss Hunter,"Spawn Point (-145.4 -6.9 53.3)",1,15,99,"(-145.4, -6.9, 53.3)"
Boss Hunter,"Spawn Point (-154.1 -6.2 -9.2)",1,15,99,"(-154.1, -6.2, -9.2)"
Boss Hunter,"Spawn Point (-74.1 -6.8 27.0)",1,15,99,"(-74.1, -6.8, 27.0)"
Boss Hunter,"Spawn Point (-117.6 -14.6 58.7)",1,15,99,"(-117.6, -14.6, 58.7)"
Boss Hunter,"Spawn Point (-90.4 -14.5 14.5)",1,15,99,"(-90.4, -14.5, 14.5)"
Boss Hunter,"Spawn Point (-266.8 -6.2 23.1)",1,15,99,"(-266.8, -6.2, 23.1)"
Boss Hunter,"Spawn Point (-83.9 -6.8 44.9)",1,15,99,"(-83.9, -6.8, 44.9)"
Boss Hunter,"Spawn Point (138.8 -6.8 -229.3)",1,15,99,"(138.8, -6.8, -229.3)"
Boss Hunter,"Spawn Point (-6.0 -7.0 -182.4)",1,15,99,"(-6.0, -7.0, -182.4)"
Boss Hunter,"Spawn Point (-82.4 -14.3 28.9)",1,15,99,"(-82.4, -14.3, 28.9)"
Boss Hunter,"Spawn Point (23.5 -5.1 -128.3)",1,15,99,"(23.5, -5.1, -128.3)"
Boss Hunter,"Spawn Point (-86.1 -14.4 21.4)",1,15,99,"(-86.1, -14.4, 21.4)"
Boss Hunter,"Spawn Point (-265.5 -5.5 13.1)",1,15,99,"(-265.5, -5.5, 13.1)"
Boss Hunter,"Spawn Point (225.1 -6.8 -123.0)",1,15,99,"(225.1, -6.8, -123.0)"
Boss Hunter,"Spawn Point (-264.5 -5.2 11.5)",1,15,99,"(-264.5, -5.2, 11.5)"
Boss Hunter,"Spawn Point (-62.3 -7.0 37.9)",1,15,99,"(-62.3, -7.0, 37.9)"
Boss Hunter,"Spawn Point (-252.8 -5.4 -0.7)",1,15,99,"(-252.8, -5.4, -0.7)"
Boss Hunter,"Spawn Point (-136.4 -14.6 41.6)",1,15,99,"(-136.4, -14.6, 41.6)"
Boss Hunter,"Spawn Point (-10.3 -7.0 -186.0)",1,15,99,"(-10.3, -7.0, -186.0)"
Boss Hunter,"Spawn Point (230.4 -6.8 -117.5)",1,15,99,"(230.4, -6.8, -117.5)"
Boss Hunter,"Spawn Point (-6.0 -7.0 -180.0)",1,15,99,"(-6.0, -7.0, -180.0)"
Boss Hunter,"Spawn Point (-104.2 -14.5 33.8)",1,15,99,"(-104.2, -14.5, 33.8)"
Boss Hunter,"Spawn Point (-89.8 -14.5 17.2)",1,15,99,"(-89.8, -14.5, 17.2)"
Boss Hunter,"Spawn Point (-53.0 -6.8 40.6)",1,15,99,"(-53.0, -6.8, 40.6)"
Boss Hunter,"Spawn Point (-163.1 -6.2 -6.8)",1,15,99,"(-163.1, -6.2, -6.8)"
Boss Hunter,"Spawn Point (45.4 -0.8 -196.3)",1,15,99,"(45.4, -0.8, -196.3)"
Boss Hunter,"Spawn Point (-7.3 -7.0 -183.4)",1,15,99,"(-7.3, -7.0, -183.4)"
Boss Hunter,"Spawn Point (39.7 -0.2 -188.6)",1,15,99,"(39.7, -0.2, -188.6)"
Boss Hunter,"Spawn Point (137.2 -6.5 -232.0)",1,15,99,"(137.2, -6.5, -232.0)"
Boss Hunter,"Spawn Point (216.7 -6.9 -176.9)",1,15,99,"(216.7, -6.9, -176.9)"
Boss Hunter,"Spawn Point (240.9 -7.1 -94.9)",1,15,99,"(240.9, -7.1, -94.9)"
Boss Hunter,"Spawn Point (-149.9 -6.2 -10.4)",1,15,99,"(-149.9, -6.2, -10.4)"
Boss Hunter,"Spawn Point (35.9 -0.3 -189.7)",1,15,99,"(35.9, -0.3, -189.7)"
Boss Hunter,"Spawn Point (146.0 -6.8 -230.5)",1,15,99,"(146.0, -6.8, -230.5)"
Boss Hunter,"Spawn Point (-174.1 -6.9 1.2)",1,15,99,"(-174.1, -6.9, 1.2)"
Boss Hunter,"Spawn Point (218.0 -6.9 -175.7)",1,15,99,"(218.0, -6.9, -175.7)"
Hermetic Alarm Patrol,"Hermetic Alarm Patrol: Objective #1",2,15,99,"(-81.4, -6.9, 22.4)"
Hermetic Alarm Patrol,"Hermetic Alarm Patrol: Objective #2",2,15,99,"(-63.6, -6.9, -10.7)"
Hermetic Alarm Patrol,"Hermetic Alarm Patrol: Objective #3",2,15,99,"(-28.2, -6.9, -24.7)"
Hermetic Alarm Patrol,"Hermetic Alarm Patrol: Objective #4",2,15,99,"(-23.8, -5.1, -120.5)"
Hermetic Alarm Patrol,"Hermetic Alarm Patrol: Objective #5",2,15,99,"(77.3, -5.5, -147.1)"
D2 Area,"D2 Area: Objective #1",1,0,99,"(-56.1, -14.7, 140.4)"
D2 Area,"D2 Area: Objective #2",1,0,99,"(-61.2, -14.7, 132.5)"
D2 Area,"D2 Area: Objective #3",1,0,99,"(-42.6, -14.7, 131.7)"
D2 Area,"D2 Area: Objective #4",1,0,99,"(-52.2, -18.6, 132.6)"
D2 Area,"D2 Area: Objective #5",1,0,99,"(-103.3, -18.4, 159.0)"
Command Center Rush,"Command Center Rush: Objective #1",1,10,99,"(-83.9, -14.4, 19.2)"
Command Center Rush,"Command Center Rush: Objective #2",1,10,99,"(-120.2, -14.5, 36.6)"
Black Bishop Tech Room,"Black Bishop Tech Room: Objective #1",3,0,99,"(-133.5, -0.1, -8.3)"
RB-ST,"RB-ST: Objective #1",4,0,99,"(97.9, -6.9, 51.2)"
Hermetic Depot,"Hermetic Depot: Objective #1",1,0,99,"(66.3, -12.2, -152.1)"
Hermetic Depot,"Hermetic Depot: Objective #2",1,0,99,"(42.4, -12.2, -125.7)"
Hermetic Depot,"Hermetic Depot: Objective #3",1,0,99,"(85.1, -12.2, -111.0)"
Hermetic Depot,"Hermetic Depot: Objective #4",1,0,99,"(59.7, -12.2, -124.0)"
Hermetic Depot,"Hermetic Depot: Objective #5",1,0,99,"(55.0, -12.2, -79.4)"
Hermetic Depot,"Hermetic Depot: Objective #6",1,0,99,"(40.7, -12.2, -145.3)"
Hermetic Depot,"Hermetic Depot: Objective #7",1,0,99,"(75.7, -12.2, -136.8)"
Hermetic Depot,"Hermetic Depot: Objective #8",1,0,99,"(87.6, -12.2, -87.8)"
White Knight,"White Knight: Objective #1",3,0,99,"(78.5, -6.8, -34.8)"
White Knight,"White Knight: Objective #2",3,0,99,"(78.7, -6.8, -16.3)"
White Knight,"White Knight: Objective #3",2,0,99,"(87.5, -0.9, -17.3)"
Black Knight,"Black Knight: Objective #1",1,0,99,"(20.2, -6.8, -28.2)"
Black Knight,"Black Knight: Objective #2",1,0,99,"(10.9, -6.8, -27.4)"
Black Knight,"Black Knight: Objective #3",1,0,99,"(4.3, -6.8, -16.2)"
Black Knight,"Black Knight: Objective #4",1,0,99,"(6.9, -6.8, -5.7)"
Black Knight,"Black Knight: Objective #5",1,0,99,"(11.0, -3.9, -26.3)"
Black Knight,"Black Knight: Objective #6",1,0,99,"(6.5, -4.0, -14.5)"
Black Knight,"Black Knight: Objective #7",1,0,99,"(8.6, -4.0, -3.1)"
Black Knight,"Black Knight: Objective #8",1,0,99,"(3.9, -1.0, -23.2)"
Black Knight,"Black Knight: Objective #9",1,0,99,"(11.5, -1.0, -27.2)"
Dome Buildings,"Dome Buildings: Objective #1",3,0,99,"(-43.0, 18.6, 180.7)"
Dome Buildings,"Dome Buildings: Objective #2",3,0,99,"(-40.6, 18.6, 169.4)"
Dome Buildings,"Dome Buildings: Objective #3",1,0,99,"(-6.3, 19.0, 170.9)"
Dome Buildings,"Dome Buildings: Objective #4",1,0,99,"(-5.0, 19.0, 195.6)"
Dome Buildings,"Dome Buildings: Objective #5",1,0,99,"(-8.5, 22.4, 173.4)"
Dome Buildings,"Dome Buildings: Objective #6",1,0,99,"(-14.6, 22.4, 174.1)"
Dome Buildings,"Dome Buildings: Objective #7",1,0,99,"(-5.3, 22.4, 193.3)"
Dome Buildings,"Dome Buildings: Objective #8",1,0,99,"(-6.5, 25.9, 191.7)"
Dome Buildings,"Dome Buildings: Objective #9",1,0,99,"(-3.5, 32.8, 168.8)"
Dome Upper Sniping,"Dome Upper Sniping: Objective #1",2,5,99,"(-9.5, 32.7, 167.4)"
Dome Upper Sniping,"Dome Upper Sniping: Objective #2",2,5,99,"(-1.5, 29.6, 165.9)"
Dome Upper Sniping,"Dome Upper Sniping: Objective #3",2,5,99,"(-13.1, 29.6, 165.9)"
Black Bishop,"Black Bishop: Objective #1",1,0,99,"(-156.7, -6.2, -3.1)"
Black Bishop,"Black Bishop: Objective #2",1,0,99,"(-128.9, -6.2, -20.8)"
Black Bishop,"Black Bishop: Objective #3",1,0,99,"(-125.5, -3.2, -10.8)"
Black Bishop,"Black Bishop: Objective #4",1,0,99,"(-155.6, -3.2, -13.9)"
Black Bishop,"Black Bishop: Objective #5",1,0,99,"(-167.4, -3.2, -0.3)"
Black Bishop,"Black Bishop: Objective #6",1,0,99,"(-143.0, -0.2, -6.7)"
Black Bishop,"Black Bishop: Objective #7",1,0,99,"(-148.1, -0.2, -5.7)"
Black Bishop,"Black Bishop: Objective #8",1,0,99,"(-143.0, -0.1, -16.5)"
Black Bishop Underground,"Black Bishop Underground: Objective #1",1,0,99,"(-119.9, -5.4, -12.9)"
Black Bishop Underground,"Black Bishop Underground: Objective #2",1,0,99,"(-148.5, -9.1, -26.0)"
Black Bishop Underground,"Black Bishop Underground: Objective #3",1,0,99,"(-165.8, -9.2, -21.5)"
Black Bishop Underground,"Black Bishop Underground: Objective #4",1,0,99,"(-142.4, -9.4, -16.9)"
Black Bishop Underground,"Black Bishop Underground: Objective #5",1,0,99,"(-119.3, -9.4, -13.4)"
Black Bishop Underground,"Black Bishop Underground: Objective #6",1,0,99,"(-167.8, -9.3, -0.6)"
White Bishop,"White Bishop: Objective #1",1,0,99,"(-80.1, -7.0, -22.4)"
White Bishop,"White Bishop: Objective #2",1,0,99,"(-62.0, -7.0, -28.4)"
White Bishop,"White Bishop: Objective #3",1,0,99,"(-50.4, -7.0, -30.9)"
White Bishop,"White Bishop: Objective #4",1,0,99,"(-83.2, -7.0, -31.7)"
White Bishop,"White Bishop: Objective #5",1,0,99,"(-79.7, -3.8, -33.6)"
White Bishop,"White Bishop: Objective #6",1,0,99,"(-60.7, -3.7, -38.1)"
White Bishop,"White Bishop: Objective #7",1,0,99,"(-55.4, -9.8, -29.2)"
White Bishop,"White Bishop: Objective #8",1,0,99,"(-78.7, -9.9, -23.0)"
White Bishop,"White Bishop: Objective #9",1,0,99,"(-81.9, -9.8, -31.5)"
White King,"White King: Objective #1",1,0,99,"(-71.7, -6.5, 16.8)"
White King,"White King: Objective #2",1,0,99,"(-74.5, -6.5, 8.9)"
White King,"White King: Objective #3",1,0,99,"(-51.0, -6.7, -8.0)"
White King,"White King: Objective #4",1,0,99,"(-52.8, -3.9, 17.8)"
White King,"White King: Objective #5",1,0,99,"(-30.7, -6.5, 13.8)"
White King,"White King: Objective #6",1,0,99,"(-25.3, -6.5, 26.5)"
White King,"White King: Objective #7",1,0,99,"(-37.7, -4.1, 7.2)"
White King,"White King: Objective #8",1,0,99,"(-65.2, -3.6, 5.7)"
White King,"White King: Objective #9",1,0,99,"(-57.6, -3.5, 20.2)"
White King,"White King: Objective #10",1,0,99,"(-68.0, -3.6, 28.1)"
White King,"White King: Objective #11",1,0,99,"(-64.2, -0.7, 4.8)"
White King,"White King: Objective #12",1,0,99,"(-53.3, -0.7, 34.3)"
White King,"White King: Objective #13",1,0,99,"(-48.2, -0.7, 19.1)"
White King,"White King: Objective #14",1,0,99,"(-69.8, -10.8, 22.4)"
White King,"White King: Objective #15",1,0,99,"(-64.0, -10.8, 31.9)"
Command Center,"Command Center: Objective #1",1,0,99,"(-82.1, -14.4, 24.9)"
Command Center,"Command Center: Objective #2",1,0,99,"(-95.1, -14.5, 39.3)"
Command Center,"Command Center: Objective #3",3,0,99,"(-108.8, -14.5, 42.4)"
Command Center,"Command Center: Objective #4",3,0,99,"(-102.0, -14.5, 30.2)"
Command Center,"Command Center: Objective #5",2,0,99,"(-109.4, -14.5, 24.0)"
Command Center,"Command Center: Objective #6",2,0,99,"(-119.2, -14.5, 32.4)"
Command Center,"Command Center: Objective #7",2,0,99,"(-118.8, -14.5, 28.8)"
Command Center,"Command Center: Objective #8",3,0,99,"(-122.2, -14.5, 27.8)"
Command Center,"Command Center: Objective #9",1,0,99,"(-130.4, -14.6, 51.4)"
Black Pawn,"Black Pawn: Objective #1",1,0,99,"(-154.1, -9.2, 72.5)"
Black Pawn,"Black Pawn: Objective #2",1,0,99,"(-164.9, -9.2, 70.9)"
Black Pawn,"Black Pawn: Objective #3",1,0,99,"(-164.8, -9.2, 31.6)"
Black Pawn,"Black Pawn: Objective #4",1,0,99,"(-165.5, -6.3, 34.2)"
Black Pawn,"Black Pawn: Objective #5",1,0,99,"(-153.1, -6.3, 74.9)"
Black Pawn,"Black Pawn: Objective #6",1,0,99,"(-155.1, -3.4, 71.5)"
Black Pawn,"Black Pawn: Objective #7",1,0,99,"(-169.4, -3.4, 47.6)"
Black Pawn,"Black Pawn: Objective #8",1,0,99,"(-166.9, -3.3, 31.5)"
Black Pawn,"Black Pawn: Objective #9",1,0,99,"(-167.8, -0.4, 31.8)"
Black Pawn,"Black Pawn: Objective #10",1,0,99,"(-163.8, -0.5, 35.1)"
Black Pawn,"Black Pawn: Objective #11",1,0,99,"(-167.3, 2.4, 31.4)"
BMP #1,"BMP #1: Objective #1",1,0,99,"(-97.8, -5.2, -149.9)"
BMP #1 Tower,"BMP #1 Tower: Objective #1",2,0,99,"(-115.9, 2.9, -152.2)"
South Hill Tower,"South Hill Tower: Objective #1",2,0,99,"(-2.3, 2.2, -203.7)"
Gas Station Building,"Gas Station Building: Objective #1",1,0,99,"(21.3, -6.8, 34.8)"
Scav Lands North Building,"Scav Lands North Building: Objective #1",1,0,99,"(-105.9, -6.2, -96.3)"
Scav Lands South Building,"Scav Lands South Building: Objective #1",1,0,99,"(-136.0, -3.8, -136.5)"
Scav Lands South Building,"Scav Lands South Building: Objective #2",1,0,99,"(-144.7, -7.1, -130.8)"
SW Bunker,"SW Bunker: Objective #1",1,0,99,"(-266.4, -10.9, -76.1)"
SW Tank,"SW Tank: Objective #1",1,0,99,"(-243.1, -5.3, -0.5)"
Black Pawn Back Bunker,"Black Pawn Back Bunker: Objective #1",1,0,99,"(-216.2, -10.8, 48.6)"
Helicopter,"Helicopter: Objective #1",1,0,99,"(-125.1, -5.3, 34.0)"
Helicopter Platform Crawl Space,"Helicopter Platform Crawl Space: Objective #1",1,0,99,"(-91.9, -6.9, 36.3)"
Trenches,"Trenches: Objective #1",1,0,99,"(-16.7, -6.9, 18.4)"
Trenches,"Trenches: Objective #2",1,0,99,"(-3.9, -6.9, 14.3)"
Sewer Manhole Building,"Sewer Manhole Building: Objective #1",1,0,99,"(59.2, -6.7, 64.0)"
Sewer Manhole Building,"Sewer Manhole Building: Objective #2",1,0,99,"(71.0, -6.7, 63.1)"
Knight Garages,"Knight Garages: Objective #1",1,0,99,"(100.8, -6.9, 20.6)"
Knight Garages,"Knight Garages: Objective #2",1,0,99,"(88.8, -6.9, 3.2)"
NW Bunkers,"NW Bunkers: Objective #1",1,0,99,"(144.7, -10.8, 40.3)"
NW Bunkers,"NW Bunkers: Objective #2",1,0,99,"(145.9, -7.0, -1.6)"
NW Bunkers,"NW Bunkers: Objective #3",1,0,99,"(189.9, -5.0, 25.8)"
NW Bunkers,"NW Bunkers: Objective #4",1,0,99,"(233.9, -10.8, -4.1)"
NW Bunkers,"NW Bunkers: Objective #5",1,0,99,"(223.0, -5.3, -54.3)"
Train Yard,"Train Yard: Objective #1",1,0,99,"(39.4, -5.1, -128.9)"
Train Yard,"Train Yard: Objective #2",1,0,99,"(2.2, -5.1, -118.1)"
Train Yard,"Train Yard: Objective #3",1,0,99,"(2.3, -5.1, -96.6)"
Train Yard,"Train Yard: Objective #4",1,0,99,"(60.1, -5.0, -113.3)"
Train Yard,"Train Yard: Objective #5",1,0,99,"(43.9, -5.1, -85.8)"
Train Yard,"Train Yard: Objective #6",1,0,99,"(8.7, -4.9, -74.6)"
Train Yard Bunker Entrance,"Train Yard Bunker Entrance: Objective #1",1,0,99,"(118.6, -6.9, -84.6)"
Train Yard Bunker Entrance,"Train Yard Bunker Entrance: Objective #2",1,0,99,"(119.9, -0.4, -85.0)"
White Rook,"White Rook: Objective #1",1,0,99,"(178.4, -6.6, -138.7)"
White Rook,"White Rook: Objective #2",1,0,99,"(179.4, -1.3, -165.7)"
White Rook,"White Rook: Objective #3",1,0,99,"(157.4, -5.2, -167.0)"
White Rook,"White Rook: Objective #4",1,0,99,"(170.3, -5.2, -170.9)"
White Rook Roof,"White Rook Roof: Objective #1",1,0,99,"(145.5, 1.9, -154.4)"
White Rook North Tank,"White Rook North Tank: Objective #1",1,0,99,"(212.3, -6.9, -89.1)"
White Rook Barracks,"White Rook Barracks: Objective #1",1,0,99,"(191.3, -6.8, -226.0)"
White Rook Barracks,"White Rook Barracks: Objective #2",1,0,99,"(197.5, -6.8, -202.5)"
White Rook Barracks,"White Rook Barracks: Objective #3",1,0,99,"(148.9, -6.8, -236.6)"
South Hill Sniping,"South Hill Sniping: Objective #1",2,0,99,"(129.3, -0.2, -179.9)"
South Hill Sniping,"South Hill Sniping: Objective #2",2,0,99,"(99.0, -0.1, -172.4)"
South Hill Sniping,"South Hill Sniping: Objective #3",2,0,99,"(67.3, -0.2, -163.7)"
South Hill Sniping,"South Hill Sniping: Objective #4",2,0,99,"(35.0, -0.2, -155.1)"
Hermetic,"Hermetic: Objective #1",1,0,99,"(42.7, -6.7, -156.6)"
Hermetic,"Hermetic: Objective #2",1,0,99,"(27.1, -6.9, -179.0)"
Hermetic,"Hermetic: Objective #3",1,0,99,"(57.3, -6.9, -160.9)"
Hermetic,"Hermetic: Objective #4",1,0,99,"(60.3, -6.9, -187.3)"
White Knight Roof,"White Knight Roof: Objective #1",1,0,99,"(91.9, -1.0, -35.3)"
White Knight Roof,"White Knight Roof: Objective #2",2,0,99,"(88.9, -0.9, -48.6)"
White Knight Roof,"White Knight Roof: Objective #3",2,0,99,"(72.2, -1.0, -38.7)"
White Knight Roof,"White Knight Roof: Objective #4",3,0,99,"(92.4, 2.3, -22.9)"
White Knight Roof,"White Knight Roof: Objective #5",2,0,99,"(78.0, 2.3, -20.3)"
White Knight Roof,"White Knight Roof: Objective #6",2,0,99,"(84.0, 2.3, -16.1)"
White Knight RB-MP22,"White Knight RB-MP22: Objective #1",1,15,99,"(90.3, -4.0, -41.0)"
White Knight Rear Drop-Down,"White Knight Rear Drop-Down: Objective #1",1,0,99,"(89.1, -6.8, -42.0)"
Black Knight Roof,"Black Knight Roof: Objective #1",2,0,99,"(24.8, -1.0, -12.8)"
Black Knight Roof,"Black Knight Roof: Objective #2",2,0,99,"(19.7, -1.0, 1.5)"
Black Knight Roof,"Black Knight Roof: Objective #3",2,0,99,"(7.0, -1.0, -2.0)"
Checkpoint,"Checkpoint: Objective #1",1,0,99,"(59.0, -6.3, 104.2)"
Dome Lower Sniping,"Dome Lower Sniping: Objective #1",2,5,99,"(0.9, 7.6, 140.5)"
Dome Lower Sniping,"Dome Lower Sniping: Objective #2",2,5,99,"(-31.4, 5.0, 128.0)"
Dome Lower Sniping,"Dome Lower Sniping: Objective #3",2,5,99,"(-60.0, 8.7, 143.7)"
Dome Lower Sniping,"Dome Lower Sniping: Objective #4",2,5,99,"(-33.4, 18.9, 163.8)"
Dome Lower Sniping,"Dome Lower Sniping: Objective #5",2,5,99,"(8.8, 11.1, 156.5)"
Dome Lower Sniping,"Dome Lower Sniping: Objective #6",2,5,99,"(-82.2, 10.1, 150.8)"
D2 from Dome,"D2 from Dome: Objective #1",1,0,99,"(-62.2, -15.9, 181.7)"
D2 from Dome,"D2 from Dome: Objective #2",1,0,99,"(-56.0, -15.9, 160.0)"
D2 from Dome,"D2 from Dome: Objective #3",1,0,99,"(-77.9, -15.9, 164.3)"
Black Bishop Roof,"Black Bishop Roof: Objective #1",2,0,99,"(-118.3, -1.3, -32.8)"
Black Bishop Roof,"Black Bishop Roof: Objective #2",2,0,99,"(-110.6, -1.3, -13.9)"
White Bishop Roof,"White Bishop Roof: Objective #1",2,0,99,"(-52.1, -0.5, -41.2)"
White Bishop Roof,"White Bishop Roof: Objective #2",2,0,99,"(-82.9, -0.6, -32.6)"
White Bishop Roof,"White Bishop Roof: Objective #3",2,0,99,"(-81.5, -0.6, -23.8)"
White Bishop Roof,"White Bishop Roof: Objective #4",2,0,99,"(-51.1, -0.6, -29.1)"
White King Roof,"White King Roof: Objective #1",2,0,99,"(-55.9, 2.2, 36.8)"
White King Roof,"White King Roof: Objective #2",2,0,99,"(-68.8, 2.2, 29.3)"
White King Roof,"White King Roof: Objective #3",2,0,99,"(-74.0, 2.2, 8.9)"
White King Roof,"White King Roof: Objective #4",2,0,99,"(-61.8, 2.2, 3.2)"
White King Roof,"White King Roof: Objective #5",2,0,99,"(-52.2, 4.3, 24.6)"
White King Roof,"White King Roof: Objective #6",2,0,99,"(-61.5, -1.4, -4.3)"
White King Roof,"White King Roof: Objective #7",2,0,99,"(-22.1, 2.9, 28.0)"
White King Roof,"White King Roof: Objective #8",2,0,99,"(-26.8, 2.9, 7.7)"
White King Roof,"White King Roof: Objective #9",2,0,99,"(-43.7, -1.4, -11.1)"
White King Roof,"White King Roof: Objective #10",2,0,99,"(-34.3, -1.4, 4.1)"
Black Pawn Roof,"Black Pawn Roof: Objective #1",2,0,99,"(-172.1, 5.3, 32.3)"
Black Pawn Roof,"Black Pawn Roof: Objective #2",2,0,99,"(-159.9, 5.3, 46.8)"
Black Pawn Roof,"Black Pawn Roof: Objective #3",2,0,99,"(-156.3, 5.3, 76.3)"
White Pawn,"White Pawn: Objective #1",1,0,99,"(-83.1, -9.2, 82.9)"
White Pawn,"White Pawn: Objective #2",1,0,99,"(-114.1, -9.2, 95.5)"
White Pawn,"White Pawn: Objective #3",1,0,99,"(-125.3, -3.4, 96.2)"
White Pawn,"White Pawn: Objective #4",1,0,99,"(-98.9, -3.4, 91.5)"
White Pawn,"White Pawn: Objective #5",1,0,99,"(-93.5, -0.4, 84.8)"
White Pawn,"White Pawn: Objective #6",1,0,99,"(-125.7, 2.4, 93.9)"
White Pawn Roof,"White Pawn Roof: Objective #1",1,0,99,"(-110.3, 5.3, 91.6)"
White Pawn Roof,"White Pawn Roof: Objective #2",1,0,99,"(-97.7, 5.3, 95.2)"
White Pawn Roof,"White Pawn Roof: Objective #3",1,0,99,"(-125.4, 5.3, 93.7)"
White Pawn Roof,"White Pawn Roof: Objective #4",2,0,99,"(-83.5, 5.5, 81.1)"
