Bot Name,Bot Nickname,Bot Level,Assignment Status,Quest Name,Objective Name,Step Number,Start Time,End Time
Bot45,"Cheese",9,Completed,"BMP #1","BMP #1: Objective #1","1","21:25:43","21:25:55",
Bot45,"Cheese",9,Completed,"White Bishop","White Bishop: Objective #5","1","21:26:00","21:28:55",
Bot45,"Cheese",9,Completed,"White Bishop","White Bishop: Objective #2","1","21:29:00","21:30:55",
Bot45,"Cheese",9,Completed,"White Bishop","White Bishop: Objective #6","1","21:31:00","21:31:36",
Bot45,"Cheese",9,Completed,"White Bishop","White Bishop: Objective #3","1","21:31:41","21:33:08",
Bot45,"Cheese",9,Completed,"White Bishop","White Bishop: Objective #7","1","21:33:13","21:33:59",
Bot45,"Cheese",9,Completed,"Black Bishop Underground","Black Bishop Underground: Objective #5","1","21:34:04","21:36:00",
Bot45,"Cheese",9,Failed,"Black Bishop Underground","Black Bishop Underground: Objective #1","1","21:36:05","21:37:55",
Bot46,"jfetko",15,Failed,"Revision - Reserve","Zone tadeush_stryker_area_check_4","1","21:25:43","21:29:10",
Bot47,"notGreg",14,Failed,"Back Door","Zone mechanik_exit_area_1","1","21:25:43","21:25:43",
Bot47,"notGreg",14,Active,"Classified Technologies","Item T-90M Commander Control Panel","1","21:25:49","N/A",
Bot48,"reider123",5,Completed,"RB-ST","RB-ST: Objective #1","4","21:25:44","21:27:57",
Bot49,"F1oridaMan",6,Completed,"RB-ST","RB-ST: Objective #1","4","21:25:44","21:29:05",
Bot49,"F1oridaMan",6,Pending,"White Knight","White Knight: Objective #3","1","21:29:10","N/A",
Bot49,"F1oridaMan",6,Pending,"White Knight","White Knight: Objective #2","3","21:29:56","N/A",
Bot49,"F1oridaMan",6,Active,"White Knight","White Knight: Objective #1","2","21:32:22","N/A",
Bot50,"laser50",2,Failed,"White Pawn","White Pawn: Objective #3","1","21:25:44","21:36:39",
Bot50,"laser50",2,Failed,"White Pawn","White Pawn: Objective #6","1","21:26:08","21:36:39",
Bot50,"laser50",2,Failed,"White Pawn","White Pawn: Objective #2","1","21:26:28","21:36:39",
Bot50,"laser50",2,Completed,"White Pawn","White Pawn: Objective #4","1","21:26:58","21:27:09",
Bot50,"laser50",2,Completed,"White Pawn","White Pawn: Objective #5","1","21:27:14","21:28:00",
Bot50,"laser50",2,Failed,"White Pawn","White Pawn: Objective #1","1","21:28:05","21:36:39",
Bot51,"ViolentAmbush",1,Completed,"Dome Buildings","Dome Buildings: Objective #3","1","21:25:45","21:29:25",
Bot51,"ViolentAmbush",1,Completed,"Dome Buildings","Dome Buildings: Objective #5","1","21:29:30","21:29:30",
Bot51,"ViolentAmbush",1,Completed,"Dome Buildings","Dome Buildings: Objective #6","1","21:29:35","21:29:35",
Bot51,"ViolentAmbush",1,Failed,"Dome Buildings","Dome Buildings: Objective #9","1","21:29:40","21:41:51",
Bot51,"ViolentAmbush",1,Failed,"D2 Area","D2 Area: Objective #3","1","21:38:28","21:41:51",
Bot52,"Skeeze",14,Failed,"Revision - Reserve","Zone tadeush_bmp2_area_mark_13","1","21:25:46","21:43:47",
Bot57,"Serakym",4,Pending,"South Hill Sniping","South Hill Sniping: Objective #4","1","21:25:48","N/A",
Bot57,"Serakym",4,Pending,"South Hill Sniping","South Hill Sniping: Objective #3","1","21:25:48","N/A",
Bot57,"Serakym",4,Pending,"South Hill Sniping","South Hill Sniping: Objective #2","1","21:26:16","N/A",
Bot57,"Serakym",4,Pending,"South Hill Sniping","South Hill Sniping: Objective #1","1","21:26:36","N/A",
Bot57,"Serakym",4,Completed,"Hermetic Depot","Hermetic Depot: Objective #1","1","21:27:06","21:27:11",
Bot57,"Serakym",4,Active,"Hermetic Depot","Hermetic Depot: Objective #7","1","21:27:17","N/A",
Bot58,"AcidPhantasm",2,Pending,"South Hill Sniping","South Hill Sniping: Objective #4","1","21:25:48","N/A",
Bot65,"大熊",13,Completed,"The Bunker - Part 1","Zone prapor_024_area_1","1","21:27:50","21:28:19",
Bot65,"大熊",13,Failed,"White King","White King: Objective #2","1","21:28:24","21:30:09",
Bot66,"CWX",14,Failed,"Revision - Reserve","Zone tadeush_stryker_area_check_4","1","21:27:51","21:28:53",
Bot67,"SamSWAT",13,Failed,"The Bunker - Part 1","Zone prapor_024_area_1","1","21:27:51","21:28:48",
Bot76,"PonderingTheOrb",1,Archived,"White Knight Rear Drop-Down","White Knight Rear Drop-Down: Objective #1","1","21:30:55","21:31:22",
Bot76,"PonderingTheOrb",1,Completed,"White Knight","White Knight: Objective #1","3","21:31:27","21:34:21",
Bot76,"PonderingTheOrb",1,Completed,"White Knight","White Knight: Objective #3","2","21:34:26","21:35:10",
Bot76,"PonderingTheOrb",1,Pending,"White Knight","White Knight: Objective #2","3","21:35:15","N/A",
Bot76,"PonderingTheOrb",1,Active,"White Knight Roof","White Knight Roof: Objective #6","2","21:37:42","N/A",
Bot84,"RainbowPC",9,Completed,"White Pawn","White Pawn: Objective #6","1","21:32:36","21:34:26",
Bot84,"RainbowPC",9,Completed,"White Pawn","White Pawn: Objective #3","1","21:34:31","21:34:31",
Bot84,"RainbowPC",9,Failed,"White Pawn","White Pawn: Objective #2","1","21:34:36","21:36:50",
Bot91,"Bulld0z3r",9,Failed,"White Pawn","White Pawn: Objective #2","1","21:34:30","21:40:56",
Bot101,"Bulld0z3r",13,Completed,"Dome Buildings","Dome Buildings: Objective #2","3","21:36:21","21:37:44",
Bot101,"Bulld0z3r",13,Completed,"Dome Buildings","Dome Buildings: Objective #6","1","21:37:49","21:37:50",
Bot101,"Bulld0z3r",13,Completed,"Dome Buildings","Dome Buildings: Objective #5","1","21:37:56","21:39:34",
Bot101,"Bulld0z3r",13,Failed,"Dome Buildings","Dome Buildings: Objective #3","1","21:39:39","21:43:43",
Bot102,"Lavax",17,Failed,"A Fuel Matter","Zone baraholshik_fuel_area_2","1","21:36:22","21:41:33",
Bot105,"Shiro-chan",13,Completed,"The Bunker - Part 1","Zone prapor_024_area_1","1","21:37:34","21:42:45",
Bot105,"Shiro-chan",13,Failed,"White King Roof","White King Roof: Objective #2","1","21:42:50","21:44:50",
Bot106,"Давид Ебалай (Junko Space Mommy)",1,Completed,"White Rook Barracks","White Rook Barracks: Objective #1","1","21:37:36","21:37:38",
Bot106,"Давид Ебалай (Junko Space Mommy)",1,Pending,"White Rook Barracks","White Rook Barracks: Objective #2","1","21:37:43","N/A",
Bot109,"DSpider",8,Completed,"White King","White King: Objective #10","1","21:37:54","21:39:46",
Bot109,"DSpider",8,Completed,"White King","White King: Objective #15","1","21:39:51","21:39:51",
Bot109,"DSpider",8,Failed,"White King","White King: Objective #9","1","21:39:57","21:42:27",
Bot110,"Aethas",1,Failed,"White Pawn","White Pawn: Objective #6","1","21:37:54","21:38:52",
Bot112,"Queen-Goddess",13,Failed,"The Bunker - Part 1","Zone prapor_024_area_2","1","21:38:40","21:46:51",
Bot112,"Queen-Goddess",13,Failed,"The Bunker - Part 1","Zone prapor_024_area_1","1","21:43:28","21:46:51",
Bot113,"NikitaWaifu",14,Completed,"Back Door","Zone mechanik_exit_area_1","1","21:38:41","21:38:41",
Bot113,"NikitaWaifu",14,Failed,"Classified Technologies","Item T-90M Commander Control Panel","1","21:38:46","21:39:11",
Bot118,"Митяй Стамеска (TR_LEOPAR)",1,Completed,"Black Pawn","Black Pawn: Objective #3","1","21:39:56","21:41:08",
Bot118,"Митяй Стамеска (TR_LEOPAR)",1,Completed,"Black Pawn","Black Pawn: Objective #8","1","21:41:13","21:41:46",
Bot118,"Митяй Стамеска (TR_LEOPAR)",1,Completed,"Black Pawn","Black Pawn: Objective #10","1","21:41:52","21:42:31",
Bot118,"Митяй Стамеска (TR_LEOPAR)",1,Completed,"Black Pawn","Black Pawn: Objective #11","1","21:42:37","21:43:27",
Bot118,"Митяй Стамеска (TR_LEOPAR)",1,Completed,"Black Pawn","Black Pawn: Objective #4","1","21:43:32","21:43:58",
Bot118,"Митяй Стамеска (TR_LEOPAR)",1,Completed,"Black Pawn","Black Pawn: Objective #9","1","21:44:03","21:44:40",
Bot118,"Митяй Стамеска (TR_LEOPAR)",1,Completed,"Black Pawn","Black Pawn: Objective #7","1","21:44:45","21:45:22",
Bot118,"Митяй Стамеска (TR_LEOPAR)",1,Completed,"Black Pawn","Black Pawn: Objective #2","1","21:45:27","21:45:37",
Bot118,"Митяй Стамеска (TR_LEOPAR)",1,Completed,"Black Pawn","Black Pawn: Objective #6","1","21:45:42","21:46:02",
Bot118,"Митяй Стамеска (TR_LEOPAR)",1,Completed,"Black Pawn","Black Pawn: Objective #1","1","21:46:07","21:46:10",
Bot118,"Митяй Стамеска (TR_LEOPAR)",1,Failed,"Helicopter Platform Crawl Space","Helicopter Platform Crawl Space: Objective #1","1","21:46:15","21:47:59",
Bot120,"Coolbugfactes",3,Completed,"Black Bishop","Black Bishop: Objective #8","1","21:40:08","21:41:23",
Bot120,"Coolbugfactes",3,Pending,"Black Bishop","Black Bishop: Objective #6","1","21:41:28","N/A",
Bot120,"Coolbugfactes",3,Active,"Black Bishop","Black Bishop: Objective #3","1","21:44:31","N/A",
Bot121,"igorir3",4,Pending,"Black Bishop","Black Bishop: Objective #8","1","21:40:08","N/A",
Bot126,"Conqueror_Alex",14,Completed,"Surplus Goods","Item MBT Integrated Navigation System","1","21:41:34","21:41:40",
Bot126,"Conqueror_Alex",14,Completed,"Sewer Manhole Building","Sewer Manhole Building: Objective #2","1","21:41:45","21:42:01",
Bot126,"Conqueror_Alex",14,Pending,"Sewer Manhole Building","Sewer Manhole Building: Objective #1","1","21:42:06","N/A",
Bot127,"odin_4",13,Failed,"Black Pawn","Black Pawn: Objective #7","1","21:42:02","21:45:25",
Bot128,"SkyDoesTarkov",5,Failed,"Black Pawn Roof","Black Pawn Roof: Objective #2","1","21:42:03","21:42:40",
Bot129,"NotJojo",6,Failed,"Command Center","Command Center: Objective #9","1","21:42:03","21:47:34",
Bot130,"Ашот Револьвер (Faupi)",1,Completed,"White King","White King: Objective #2","1","21:42:26","21:43:14",
Bot130,"Ашот Револьвер (Faupi)",1,Completed,"White King","White King: Objective #1","1","21:43:19","21:43:30",
Bot130,"Ашот Револьвер (Faupi)",1,Completed,"White King","White King: Objective #14","1","21:43:35","21:43:40",
Bot130,"Ашот Револьвер (Faupi)",1,Completed,"White King","White King: Objective #10","1","21:43:45","21:44:07",
Bot130,"Ашот Револьвер (Faupi)",1,Completed,"White King","White King: Objective #15","1","21:44:12","21:44:43",
Bot130,"Ашот Револьвер (Faupi)",1,Completed,"White King","White King: Objective #12","1","21:44:48","21:45:17",
Bot130,"Ашот Револьвер (Faupi)",1,Completed,"White King","White King: Objective #13","1","21:45:22","21:46:07",
Bot130,"Ашот Револьвер (Faupi)",1,Completed,"White King","White King: Objective #9","1","21:46:13","21:47:34",
Bot130,"Ашот Револьвер (Faupi)",1,Completed,"White King","White King: Objective #4","1","21:47:40","21:49:10",
Bot130,"Ашот Револьвер (Faupi)",1,Failed,"Trenches","Trenches: Objective #1","1","21:49:15","21:49:45",
Bot135,"Kattomine",6,Failed,"Command Center","Command Center: Objective #9","1","21:42:44","21:52:09",
Bot135,"Kattomine",6,Failed,"Command Center","Command Center: Objective #2","1","21:50:57","21:52:09",
Bot136,"Borkel",5,Failed,"Dome Buildings","Dome Buildings: Objective #1","1","21:42:45","21:51:59",
Bot138,"YoMamaBinShoppin",3,Pending,"Black Bishop","Black Bishop: Objective #3","1","21:43:15","N/A",
Bot139,"Platinum",10,Failed,"Black Pawn","Black Pawn: Objective #3","1","21:43:15","21:47:43",
Bot140,"PudgeNubbins",14,Active,"Black Bishop Tech Room","Black Bishop Tech Room: Objective #1","1","21:43:16","N/A",
Bot146,"Кондратий Ловелас (Tabi)",1,Failed,"Command Center","Command Center: Objective #9","1","21:45:25","21:49:52",
Bot148,"Тарас Терминатор (Skwizzy)",1,Failed,"White Pawn","White Pawn: Objective #2","1","21:45:26","21:46:46",
Bot151,"Федя Любитель (crustyselenium_)",1,Pending,"White King","White King: Objective #3","1","21:46:10","N/A",
Bot153,"Hicchy",12,Pending,"Command Center","Command Center: Objective #8","1","21:46:14","N/A",
Bot152,"Bright",18,Active,"White Bishop","White Bishop: Objective #4","1","21:46:15","N/A",
Bot154,"nidhoeggr",10,Pending,"Black Bishop","Black Bishop: Objective #8","1","21:46:15","N/A",
Bot155,"CouponBugDotCom",10,Failed,"Dome Buildings","Dome Buildings: Objective #2","1","21:46:18","21:46:44",
Bot156,"Belette",14,Failed,"White Pawn Roof","White Pawn Roof: Objective #2","1","21:46:18","21:50:38",
Bot157,"TheRedCap",1,Completed,"Trenches","Trenches: Objective #2","1","21:46:39","21:46:42",
Bot157,"TheRedCap",1,Active,"Trenches","Trenches: Objective #1","1","21:46:48","N/A",
Bot158,"Crackbone",1,Failed,"Black Bishop Tech Room","Black Bishop Tech Room: Objective #1","1","21:46:55","21:57:29",
Bot160,"pitAlex",8,Failed,"Command Center","Command Center: Objective #9","1","21:46:55","22:02:37",
Bot159,"Dalamadur",2,Active,"Command Center","Command Center: Objective #9","1","21:46:56","N/A",
Bot167,"Гриша Оператор (hacker228)",1,Failed,"White Pawn","White Pawn: Objective #2","1","21:48:07","21:54:42",
Bot169,"IcyClawz",6,Completed,"White King","White King: Objective #3","1","21:49:25","21:50:20",
Bot169,"IcyClawz",6,Completed,"White King","White King: Objective #7","1","21:50:25","21:50:53",
Bot169,"IcyClawz",6,Pending,"White King","White King: Objective #5","1","21:50:58","N/A",
Bot170,"alias",1,Pending,"White Bishop Roof","White Bishop Roof: Objective #4","1","21:49:25","N/A",
Bot178,"Karma",16,Failed,"D2 from Dome","D2 from Dome: Objective #3","1","21:50:45","21:55:52",
Bot179,"TGDelta2455",7,Failed,"Black Bishop Tech Room","Black Bishop Tech Room: Objective #1","1","21:50:45","21:55:57",
Bot179,"TGDelta2455",7,Failed,"D2 from Dome","D2 from Dome: Objective #3","1","21:56:02","21:56:02",
Bot179,"TGDelta2455",7,Failed,"D2 from Dome","D2 from Dome: Objective #1","1","21:56:07","21:56:07",
Bot179,"TGDelta2455",7,Failed,"D2 from Dome","D2 from Dome: Objective #2","1","21:56:13","21:56:13",
Bot179,"TGDelta2455",7,Failed,"Command Center","Command Center: Objective #9","1","21:56:18","21:56:18",
Bot179,"TGDelta2455",7,Failed,"Command Center","Command Center: Objective #3","1","21:56:23","21:56:23",
Bot179,"TGDelta2455",7,Failed,"Command Center","Command Center: Objective #2","1","21:56:28","21:56:28",
Bot179,"TGDelta2455",7,Failed,"Command Center","Command Center: Objective #6","1","21:56:33","21:56:33",
Bot180,"Рауль Палач (Pherik)",1,Completed,"Black Pawn","Black Pawn: Objective #5","1","21:51:41","21:51:49",
Bot180,"Рауль Палач (Pherik)",1,Pending,"Black Pawn","Black Pawn: Objective #1","1","21:51:54","N/A",
Bot186,"Kiobu",10,Completed,"White Knight","White Knight: Objective #2","3","21:51:57","21:52:49",
Bot186,"Kiobu",10,Pending,"White Knight","White Knight: Objective #3","1","21:52:54","N/A",
Bot186,"Kiobu",10,Completed,"White Knight","White Knight: Objective #1","3","21:55:19","21:57:45",
Bot186,"Kiobu",10,Pending,"White Knight Roof","White Knight Roof: Objective #1","1","21:57:50","N/A",
Bot186,"Kiobu",10,Active,"White Knight Roof","White Knight Roof: Objective #4","1","21:58:35","N/A",
Bot189,"Waffle",2,Completed,"Command Center","Command Center: Objective #9","1","21:52:26","21:53:03",
Bot189,"Waffle",2,Completed,"Command Center","Command Center: Objective #3","3","21:53:08","21:54:12",
Bot189,"Waffle",2,Completed,"Command Center","Command Center: Objective #6","2","21:54:17","21:54:56",
Bot189,"Waffle",2,Active,"Command Center","Command Center: Objective #8","3","21:55:01","N/A",
Bot195,"Слава Беспредельщик (bllt)",1,Completed,"White Bishop","White Bishop: Objective #6","1","21:55:30","21:55:30",
Bot195,"Слава Беспредельщик (bllt)",1,Completed,"White Bishop","White Bishop: Objective #2","1","21:55:35","21:56:05",
Bot195,"Слава Беспредельщик (bllt)",1,Completed,"White Bishop","White Bishop: Objective #3","1","21:56:10","21:56:47",
Bot195,"Слава Беспредельщик (bllt)",1,Completed,"White Bishop","White Bishop: Objective #7","1","21:56:52","21:57:25",
Bot195,"Слава Беспредельщик (bllt)",1,Completed,"White Bishop","White Bishop: Objective #5","1","21:57:31","21:58:55",
Bot195,"Слава Беспредельщик (bllt)",1,Pending,"White Bishop","White Bishop: Objective #4","1","21:59:00","N/A",
Bot198,"Васян Сладкоежка (Accidental2x)",1,Completed,"White King","White King: Objective #13","1","21:55:54","21:55:54",
Bot198,"Васян Сладкоежка (Accidental2x)",1,Completed,"White King","White King: Objective #4","1","21:55:59","22:00:16",
Bot198,"Васян Сладкоежка (Accidental2x)",1,Completed,"White King","White King: Objective #9","1","22:00:22","22:00:55",
Bot199,"YellowKeyCard",18,Failed,"Hermetic Alarm Patrol","Hermetic Alarm Patrol: Objective #1","1","21:56:39","21:58:32",
Bot199,"YellowKeyCard",18,Failed,"Hermetic Alarm Patrol","Hermetic Alarm Patrol: Objective #2","1","21:57:51","21:58:32",
Bot201,"Сеня Жмурик (CheekiBreeki)",1,Pending,"White Rook Barracks","White Rook Barracks: Objective #1","1","21:56:43","N/A",
Bot200,"Федя Гудинщик (ViolentAmbush)",1,Active,"Hermetic Depot","Hermetic Depot: Objective #1","1","21:56:43","N/A",
Bot202,"Сява Резаный (Ilhsiek)",1,Pending,"Black Knight","Black Knight: Objective #8","1","21:57:04","N/A",
Bot204,"Анатолий Пикатиний (Fontaine)",1,Pending,"White Bishop","White Bishop: Objective #4","1","21:57:35","N/A",
Bot205,"Валера Макака (lukewarmpudding)",1,Pending,"White King","White King: Objective #2","1","21:57:38","N/A",
Bot207,"NukeSkywalker",14,Pending,"Black Knight Roof","Black Knight Roof: Objective #3","1","21:57:45","N/A",
Bot206,"Biohazard6165",2,Active,"White Bishop","White Bishop: Objective #3","1","21:57:46","N/A",
Bot208,"Flamber",17,Pending,"Black Pawn Roof","Black Pawn Roof: Objective #2","2","21:57:55","N/A",
Bot208,"Flamber",17,Completed,"Black Pawn Roof","Black Pawn Roof: Objective #1","2","21:58:33","22:02:15",
Bot208,"Flamber",17,Active,"Black Pawn Roof","Black Pawn Roof: Objective #3","2","22:02:21","N/A",
Bot209,"Ваха Абуза (Stako)",1,Completed,"Black Bishop","Black Bishop: Objective #8","1","21:59:16","21:59:46",
Bot209,"Ваха Абуза (Stako)",1,Completed,"Black Bishop","Black Bishop: Objective #6","1","21:59:51","22:00:32",
Bot211,"Trappussy",3,Active,"Command Center","Command Center: Objective #9","1","21:59:50","N/A",
Bot212,"ANIME",11,Pending,"Black Pawn","Black Pawn: Objective #5","1","21:59:50","N/A",
Bot213,"Герчик Темный (ShadowXtrex)",1,Completed,"White Rook Barracks","White Rook Barracks: Objective #1","1","21:59:53","21:59:55",
Bot213,"Герчик Темный (ShadowXtrex)",1,Completed,"White Rook Barracks","White Rook Barracks: Objective #2","1","22:00:01","22:00:38",
Bot213,"Герчик Темный (ShadowXtrex)",1,Completed,"White Rook Barracks","White Rook Barracks: Objective #3","1","22:00:44","22:01:28",
Bot214,"Семён Хлыст (TheSparta)",1,Pending,"Black Bishop Tech Room","Black Bishop Tech Room: Objective #1","1","22:00:09","N/A",
