Bot Name,Bot Nickname,Bot Level,Assignment Status,Quest Name,Objective Name,Step Number,Start Time,End Time
Bot302,"itsMickle",3,Failed,"Luxurious Life","Item Bottle of Le Jean wine","1","20:39:36","20:40:04",
Bot303,"EpiicBatkiller",11,Pending,"Shooting Cans","Zone Sandbox_2_Kord_exploration","1","20:39:36","N/A",
Bot303,"EpiicBatkiller",11,Active,"Shooting Cans","Zone Sandbox_2_AGS_exploration","1","20:47:06","N/A",
Bot305,"GeorgRavioli",19,Completed,"Saving the Mole","Zone Sandbox_5_Laborant_exploration","1","20:39:37","20:39:44",
Bot305,"GeorgRavioli",19,Completed,"Saving the Mole","Zone Sandbox_5_Office_exploration","1","20:39:49","20:40:20",
Bot305,"GeorgRavioli",19,Completed,"Saving the Mole","Zone Sandbox_5_DeadGroup_exploration","1","20:40:26","20:41:07",
Bot305,"GeorgRavioli",19,Completed,"Saving the Mole","Item TerraGroup scientist's hard drive","1","20:41:12","20:41:47",
Bot305,"GeorgRavioli",19,Active,"Boss Hunter","Spawn Point (72.7 14.1 30.0)","1","20:41:52","N/A",
Bot304,"",1,Pending,"Shooting Cans","Zone Sandbox_2_Kord_exploration","1","20:39:38","N/A",
Bot306,"AlfaRenegade",20,Completed,"Boss Hunter","Spawn Point (36.1 22.7 334.7)","1","20:39:38","20:39:58",
Bot306,"AlfaRenegade",20,Completed,"Boss Hunter","Spawn Point (99.6 28.1 314.2)","1","20:40:04","20:40:41",
Bot306,"AlfaRenegade",20,Completed,"Boss Hunter","Spawn Point (133.7 23.5 268.6)","1","20:40:46","20:41:24",
Bot306,"AlfaRenegade",20,Active,"Boss Hunter","Spawn Point (112.2 22.7 220.9)","1","20:41:29","N/A",
Bot307,"PhantomInTime",24,Pending,"Boss Hunter","Spawn Point (36.1 22.7 334.7)","1","20:39:38","N/A",
Bot308,"Skwizzy",11,Completed,"Shooting Cans","Zone Sandbox_2_AGS_exploration","1","20:39:39","20:40:55",
Bot308,"Skwizzy",11,Failed,"Shooting Cans","Zone Sandbox_2_Kord_exploration","1","20:41:00","20:42:35",
Bot308,"Skwizzy",11,Completed,"Capital Insight","Capital Insight: Objective #1","1","20:42:40","20:42:40",
Bot308,"Skwizzy",11,Completed,"Capital Insight","Capital Insight: Objective #3","1","20:42:45","20:42:45",
Bot308,"Skwizzy",11,Failed,"Capital Insight","Capital Insight: Objective #4","2","20:42:50","20:42:55",
Bot308,"Skwizzy",11,Failed,"Capital Insight","Capital Insight: Objective #2","1","20:43:00","20:43:00",
Bot308,"Skwizzy",11,Failed,"Capital Insight Quest Room Camping","Capital Insight Quest Room Camping: Objective #1","1","20:43:05","20:43:22",
Bot309,"agavalda",9,Pending,"Capital Insight","Capital Insight: Objective #2","1","20:39:39","N/A",
Bot313,"GeorgRavioli",24,Failed,"Tarbank Upstairs","Tarbank Upstairs: Objective #4","1","20:41:27","20:44:52",
Bot314,"kikirio",10,Failed,"Shooting Cans","Zone Sandbox_2_Kord_exploration","1","20:41:28","20:44:52",
Bot320,"野猪",19,Failed,"First in Line","Zone Sandbox_1_MedicalArea_exploration","1","20:44:40","20:46:11",
Bot321,"Fiaf",8,Pending,"First in Line","Zone Sandbox_1_MedicalArea_exploration","1","20:44:41","N/A",
Bot322,"Zersus",7,Active,"First in Line","Zone Sandbox_1_MedicalArea_exploration","1","20:44:41","N/A",
Bot323,"Fontaine",22,Pending,"Underground Utility Room","Underground Utility Room: Objective #1","1","20:44:42","N/A",
Bot324,"btdc00",21,Pending,"Shooting Cans","Zone Sandbox_2_AGS_exploration","1","20:44:45","N/A",
Bot325,"Hobbes",10,Pending,"Shooting Cans","Zone Sandbox_2_AGS_exploration","1","20:44:45","N/A",
Bot330,"alexkarpen",19,Active,"Saving the Mole","Item TerraGroup scientist's hard drive","1","20:46:26","N/A",
Bot332,"GrooveypenguinX",2,Active,"Saving the Mole","Item TerraGroup scientist's hard drive","1","20:46:28","N/A",
Bot331,"Lacyway",19,Completed,"Saving the Mole","Item TerraGroup scientist's hard drive","1","20:46:28","20:47:35",
Bot331,"Lacyway",19,Active,"Saving the Mole","Zone Sandbox_5_Office_exploration","1","20:47:40","N/A",
Bot333,"TR_LEOPAR",18,Pending,"Shooting Cans","Zone Sandbox_2_Kord_exploration","1","20:46:30","N/A",
Bot333,"TR_LEOPAR",18,Failed,"Shooting Cans","Zone Sandbox_2_AGS_exploration","1","20:48:05","20:48:05",
Bot333,"TR_LEOPAR",18,Active,"Tarbank","Tarbank: Objective #4","1","20:48:10","N/A",
Bot334,"Katto",10,Pending,"Tarbank Upstairs","Tarbank Upstairs: Objective #4","1","20:46:32","N/A",
