Bot Name,Bot Nickname,Bot Level,Assignment Status,Quest Name,Objective Name,Step Number,Start Time,End Time
Bot567,"TheSparta",6,Failed,"Saving the Mole","Zone Sandbox_5_Office_exploration","1","21:55:46","21:57:05",
Bot568,"ODT",22,Failed,"Boss Hunter","Spawn Point (72.5 14.2 113.6)","1","21:55:46","21:57:51",
Bot569,"WillDaPope",12,Completed,"Saving the Mole","Zone Sandbox_5_DeadGroup_exploration","1","21:55:47","21:55:52",
Bot569,"WillDaPope",12,Completed,"Saving the Mole","Zone Sandbox_5_Laborant_exploration","1","21:55:57","21:57:01",
Bot569,"WillDaPope",12,Completed,"Saving the Mole","Zone Sandbox_5_Office_exploration","1","21:57:06","21:57:25",
Bot569,"WillDaPope",12,Completed,"TerraGroup Office Upstairs","TerraGroup Office Upstairs: Objective #9","1","21:57:30","21:58:14",
Bot569,"WillDaPope",12,Completed,"TerraGroup Office Upstairs","TerraGroup Office Upstairs: Objective #8","1","21:58:19","21:58:20",
Bot569,"WillDaPope",12,Failed,"TerraGroup Office Upstairs","TerraGroup Office Upstairs: Objective #6","1","21:58:25","22:00:35",
Bot572,"Archy",8,Completed,"Skyside Hotel","Skyside Hotel: Objective #1","1","21:55:47","21:55:52",
Bot572,"Archy",8,Completed,"Skyside Hotel","Skyside Hotel: Objective #3","1","21:55:57","21:56:12",
Bot572,"Archy",8,Completed,"Skyside Hotel","Skyside Hotel: Objective #2","1","21:56:17","21:57:01",
Bot572,"Archy",8,Active,"Skyside Hotel","Skyside Hotel: Objective #4","1","21:57:06","N/A",
Bot573,"Helldiver",4,Failed,"Capital Insight","Capital Insight: Objective #5","1","21:55:47","22:04:45",
Bot574,"Frumorn",20,Pending,"Capital Insight","Capital Insight: Objective #5","1","21:55:47","N/A",
Bot576,"YankeeNoodle742",14,Pending,"Capital Insight","Capital Insight: Objective #5","1","21:55:48","N/A",
Bot575,"cowkiller19",15,Pending,"Boss Hunter","Spawn Point (22.6 23.5 258.0)","1","21:55:57","N/A",
Bot571,"XkaOnslaught",7,Failed,"Shooting Cans","Zone Sandbox_2_Kord_exploration","1","21:55:58","22:01:17",
Bot570,"Basuro",23,Failed,"First in Line","Zone Sandbox_1_MedicalArea_exploration","1","21:56:06","22:01:09",
Bot583,"Helldiver",16,Failed,"Capital Insight","Capital Insight: Objective #5","1","21:57:19","22:02:27",
Bot584,"Fontaine",10,Completed,"Shooting Cans","Zone Sandbox_2_AGS_exploration","1","21:57:27","22:02:49",
Bot584,"Fontaine",10,Active,"Shooting Cans","Zone Sandbox_2_Kord_exploration","1","22:02:54","N/A",
Bot588,"GodHimself",17,Completed,"First in Line","Zone Sandbox_1_MedicalArea_exploration","1","22:01:33","22:01:37",
Bot588,"GodHimself",17,Completed,"TerraGroup Lawn","TerraGroup Lawn: Objective #2","1","22:01:42","22:07:23",
Bot588,"GodHimself",17,Failed,"TerraGroup Lawn","TerraGroup Lawn: Objective #3","1","22:07:28","22:07:55",
Bot589,"PreyToLive",16,Failed,"First in Line","Zone Sandbox_1_MedicalArea_exploration","1","22:01:33","22:08:38",
Bot590,"Basuro",24,Failed,"First in Line","Zone Sandbox_1_MedicalArea_exploration","1","22:01:33","22:08:12",
Bot591,"craink",24,Failed,"Mira Avenue Benches","Mira Avenue Benches: Objective #1","1","22:01:33","22:08:44",
Bot594,"Motch",18,Failed,"First in Line","Zone Sandbox_1_MedicalArea_exploration","1","22:02:27","22:09:30",
Bot594,"Motch",18,Completed,"Skyside Hotel","Skyside Hotel: Objective #1","1","22:03:56","22:04:01",
Bot594,"Motch",18,Completed,"Skyside Hotel","Skyside Hotel: Objective #3","1","22:04:06","22:04:22",
Bot594,"Motch",18,Completed,"Skyside Hotel","Skyside Hotel: Objective #2","1","22:04:27","22:04:38",
Bot594,"Motch",18,Failed,"Skyside Hotel","Skyside Hotel: Objective #4","1","22:04:43","22:09:30",
Bot594,"Motch",18,Completed,"Skyside Hotel","Skyside Hotel: Objective #5","1","22:05:48","22:06:32",
Bot594,"Motch",18,Failed,"Saving the Mole","Item TerraGroup scientist's hard drive","1","22:06:37","22:09:30",
Bot596,"ImTheRickHere",22,Completed,"Shooting Cans","Zone Sandbox_2_Kord_exploration","1","22:04:49","22:04:54",
Bot596,"ImTheRickHere",22,Active,"Shooting Cans","Zone Sandbox_2_AGS_exploration","1","22:04:59","N/A",
Bot597,"VirtualHex",23,Active,"Shooting Cans","Zone Sandbox_2_Kord_exploration","1","22:04:49","N/A",
Bot602,"civiciam",24,Completed,"Underground Utility Room","Underground Utility Room: Objective #1","4","22:06:43","22:15:15",
Bot602,"civiciam",24,Completed,"Underground Entrance","Underground Entrance: Objective #1","1","22:15:21","22:15:31",
Bot602,"civiciam",24,Completed,"Underground Entrance","Underground Entrance: Objective #2","1","22:15:36","22:15:48",
Bot602,"civiciam",24,Completed,"Underground Entrance","Underground Entrance: Objective #3","1","22:15:53","22:16:31",
Bot603,"ToeTasteTester",26,Failed,"Shooting Cans","Zone Sandbox_2_Kord_exploration","1","22:06:43","22:13:57",
Bot604,"Kilgor616",23,Pending,"Saving the Mole","Item TerraGroup scientist's hard drive","1","22:06:43","N/A",
Bot604,"Kilgor616",23,Pending,"Saving the Mole","Zone Sandbox_5_Office_exploration","1","22:14:40","N/A",
Bot604,"Kilgor616",23,Active,"Saving the Mole","Zone Sandbox_5_DeadGroup_exploration","1","22:15:00","N/A",
Bot605,"Serakym",22,Active,"Underground South","Underground South: Objective #4","1","22:07:15","N/A",
Bot606,"DSpider",23,Active,"Tarbank","Tarbank: Objective #5","1","22:07:21","N/A",
Bot610,"nooky",25,Completed,"First in Line","Zone Sandbox_1_MedicalArea_exploration","1","22:08:03","22:10:33",
Bot610,"nooky",25,Failed,"Saving the Mole","Zone Sandbox_5_DeadGroup_exploration","1","22:10:38","22:13:44",
Bot611,"Basuro",21,Pending,"Underground North","Underground North: Objective #5","1","22:08:03","N/A",
Bot614,"Dueleus",25,Completed,"First in Line","Zone Sandbox_1_MedicalArea_exploration","1","22:08:39","22:09:03",
Bot614,"Dueleus",25,Failed,"Mira Avenue Benches","Mira Avenue Benches: Objective #1","1","22:09:08","22:09:16",
Bot615,"craink",1,Failed,"First in Line","Zone Sandbox_1_MedicalArea_exploration","1","22:08:39","22:09:16",
Bot616,"aleves",11,Active,"Olive Restaurant","Olive Restaurant: Objective #3","1","22:09:13","N/A",
Bot617,"Extrenz Arnautov",3,Pending,"Tarbank Upstairs","Tarbank Upstairs: Objective #2","1","22:09:13","N/A",
Bot619,"Марат Огрызок (MrFandor1n)",1,Completed,"Kyshperski","Kyshperski: Objective #4","2","22:11:14","22:15:59",
Bot619,"Марат Огрызок (MrFandor1n)",1,Completed,"Kyshperski","Kyshperski: Objective #1","1","22:16:04","22:16:16",
Bot619,"Марат Огрызок (MrFandor1n)",1,Pending,"Kyshperski","Kyshperski: Objective #2","1","22:16:21","N/A",
Bot624,"AssAssIn",1,Failed,"Kyshperski","Kyshperski: Objective #4","1","22:13:10","22:15:28",
Bot624,"AssAssIn",1,Failed,"Kyshperski","Kyshperski: Objective #3","1","22:14:42","22:15:28",
Bot625,"Kaeno",18,Pending,"Tarbank","Tarbank: Objective #5","1","22:13:11","N/A",
Bot626,"CWX",5,Active,"Tarbank Upstairs","Tarbank Upstairs: Objective #4","1","22:13:35","N/A",
Bot627,"Tyrian",21,Failed,"Tarbank Upstairs","Tarbank Upstairs: Objective #4","1","22:13:35","22:14:57",
Bot628,"Cats",18,Active,"Underground Utility Room","Underground Utility Room: Objective #1","1","22:13:49","N/A",
