Bot Name,Bot Nickname,Bot Level,Assignment Status,Quest Name,Objective Name,Step Number,Start Time,End Time
Bot1,"",28,Completed,"Signal - Part 3","Zone place_SIGNAL_03_3","1","16:19:48","16:20:56",
Bot1,"",28,Completed,"Signal - Part 3","Zone place_SIGNAL_03_1","1","16:21:01","16:23:29",
Bot1,"",28,Failed,"Signal - Part 3","Zone place_SIGNAL_03_2","1","16:23:35","16:27:08",
Bot2,"nohurry",1,Failed,"Smuggler's Base Lower","Smuggler's Base Lower: Objective #1","1","16:19:49","16:26:45",
Bot3,"alexkarpen",22,Failed,"Signal - Part 3","Zone place_SIGNAL_03_3","1","16:19:49","16:23:36",
Bot4,"EstamNar",9,Pending,"Radio Tower","Radio Tower: Objective #1","1","16:19:49","N/A",
Bot4,"EstamNar",9,Completed,"Resort East Wing 1st Floor","Resort East Wing 1st Floor: Objective #2","1","16:19:49","16:26:25",
Bot4,"EstamNar",9,Active,"Resort East Wing 1st Floor","Resort East Wing 1st Floor: Objective #1","1","16:26:30","N/A",
Bot5,"IcyClawz",2,Pending,"Radio Tower","Radio Tower: Objective #1","1","16:19:49","N/A",
Bot6,"TEOA",5,Completed,"Smuggler's Base Lower","Smuggler's Base Lower: Objective #7","1","16:19:50","16:20:09",
Bot6,"TEOA",5,Completed,"Smuggler's Base Lower","Smuggler's Base Lower: Objective #5","1","16:20:14","16:20:40",
Bot6,"TEOA",5,Completed,"Smuggler's Base Lower","Smuggler's Base Lower: Objective #4","1","16:20:45","16:20:53",
Bot6,"TEOA",5,Completed,"Smuggler's Base Lower","Smuggler's Base Lower: Objective #3","1","16:20:58","16:21:20",
Bot6,"TEOA",5,Completed,"Smuggler's Base Lower","Smuggler's Base Lower: Objective #2","1","16:21:25","16:21:37",
Bot6,"TEOA",5,Completed,"Smuggler's Base Lower","Smuggler's Base Lower: Objective #9","1","16:21:42","16:21:50",
Bot6,"TEOA",5,Completed,"Smuggler's Base Lower","Smuggler's Base Lower: Objective #1","1","16:21:55","16:23:20",
Bot6,"TEOA",5,Active,"Smuggler's Base Lower","Smuggler's Base Lower: Objective #6","1","16:23:25","N/A",
Bot7,"Zurugula",27,Active,"Health Care Privacy - Part 1","Zone ter_013_area_3","1","16:19:50","N/A",
Bot8,"DewardianDev",9,Active,"Smuggler's Base Lower","Smuggler's Base Lower: Objective #7","1","16:19:50","N/A",
Bot9,"5o2",24,Pending,"Chemistry Closet","Zone place_meh_sanitar_room","1","16:19:51","N/A",
Bot37,"LayerOfBlubber",16,Pending,"Power Station Sniping 2","Power Station Sniping 2: Objective #1","1","16:24:50","N/A",
Bot37,"LayerOfBlubber",16,Completed,"Chemical - Part 1","Item Secure Folder 0013","1","16:25:05","16:28:41",
Bot37,"LayerOfBlubber",16,Pending,"Wet Job - Part 5","Item Working hard drive","1","16:28:46","N/A",
Bot39,"Mako",25,Pending,"Wet Job - Part 3","Zone place_peacemaker_010_3","1","16:24:51","N/A",
Bot38,"kmyuhkyuk",26,Pending,"Anesthesia","Zone prapor_022_area_2","1","16:24:51","N/A",
Bot40,"wara",14,Pending,"Wet Job - Part 3","Zone place_peacemaker_010_3","1","16:24:51","N/A",
Bot45,"pplatinumssEU",5,Pending,"Crane Sniping","Crane Sniping: Objective #4","1","16:25:46","N/A",
Bot45,"pplatinumssEU",5,Active,"Crane Sniping","Crane Sniping: Objective #3","1","16:31:35","N/A",
Bot44,"Alex",24,Active,"Colleagues - Part 1","Zone ter_023_area_3_1","1","16:25:47","N/A",
Bot47,"T90Commander",20,Failed,"Signal - Part 1","Zone place_SIGNAL_01_2","1","16:26:32","16:30:56",
Bot48,"",20,Failed,"Health Care Privacy - Part 2","Item Secure Folder 0060","1","16:26:33","16:33:18",
Bot49,"kova",9,Failed,"Radio Tower","Radio Tower: Objective #1","1","16:26:33","16:30:34",
Bot56,"umsirqualquerai",10,Pending,"Power Station Sniping 2","Power Station Sniping 2: Objective #1","1","16:27:10","N/A",
Bot56,"umsirqualquerai",10,Active,"Bus Terminal","Bus Terminal: Objective #1","1","16:27:25","N/A",
Bot57,"Ngst",26,Pending,"Power Station Sniping 2","Power Station Sniping 2: Objective #1","1","16:27:11","N/A",
Bot59,"Мэн Зевс (MMX)",1,Completed,"Smuggler's Base Lower","Smuggler's Base Lower: Objective #1","1","16:28:17","16:28:24",
Bot61,"gaylatea",16,Failed,"Chemical - Part 1","Item Secure Folder 0013","1","16:28:39","16:32:49",
Bot62,"蘑菇汤",13,Active,"Eagle Eye","Zone place_peacemaker_004_N1","1","16:28:39","N/A",
Bot68,"jennacide",14,Active,"Spa Tour - Part 2","Zone place_peacemaker_008_2_N2","1","16:30:15","N/A",
Bot77,"Props",10,Failed,"Chemical - Part 1","Item Secure Folder 0013","1","16:31:43","16:33:54",
Bot78,"Тимурка Локализатор (Wahntalot)",1,Completed,"Pier","Pier: Objective #3","1","16:31:51","16:32:02",
Bot79,"Гарик Чебур (r2go)",1,Completed,"Power Station","Power Station: Objective #3","1","16:32:24","16:33:35",
Bot79,"Гарик Чебур (r2go)",1,Completed,"Power Station","Power Station: Objective #2","1","16:33:40","16:33:52",
Bot79,"Гарик Чебур (r2go)",1,Completed,"Power Station","Power Station: Objective #1","1","16:33:57","16:34:11",
Bot79,"Гарик Чебур (r2go)",1,Pending,"Tank on Bridge","Tank on Bridge: Objective #1","1","16:34:16","N/A",
Bot79,"Гарик Чебур (r2go)",1,Completed,"Resort West Wing 2nd Floor","Resort West Wing 2nd Floor: Objective #3","1","16:35:28","16:37:22",
Bot79,"Гарик Чебур (r2go)",1,Completed,"Resort West Wing 2nd Floor","Resort West Wing 2nd Floor: Objective #2","1","16:37:27","16:37:33",
Bot79,"Гарик Чебур (r2go)",1,Completed,"Resort West Wing 2nd Floor","Resort West Wing 2nd Floor: Objective #1","1","16:37:38","16:37:46",
Bot79,"Гарик Чебур (r2go)",1,Completed,"Resort West Wing 2nd Floor","Resort West Wing 2nd Floor: Objective #5","1","16:37:51","16:38:29",
Bot79,"Гарик Чебур (r2go)",1,Completed,"Resort West Wing 2nd Floor","Resort West Wing 2nd Floor: Objective #4","1","16:38:35","16:38:40",
Bot79,"Гарик Чебур (r2go)",1,Failed,"Resort West Wing 2nd Floor","Resort West Wing 2nd Floor: Objective #7","1","16:38:45","16:39:13",
Bot79,"Гарик Чебур (r2go)",1,Failed,"Resort West Wing 2nd Floor","Resort West Wing 2nd Floor: Objective #6","1","16:39:18","16:39:21",
Bot79,"Гарик Чебур (r2go)",1,Completed,"Resort West Wing 1st Floor","Resort West Wing 1st Floor: Objective #3","1","16:39:27","16:39:30",
Bot79,"Гарик Чебур (r2go)",1,Completed,"Resort West Wing 1st Floor","Resort West Wing 1st Floor: Objective #4","1","16:39:35","16:39:38",
Bot79,"Гарик Чебур (r2go)",1,Failed,"Resort West Wing 1st Floor","Resort West Wing 1st Floor: Objective #2","1","16:39:43","16:39:46",
Bot79,"Гарик Чебур (r2go)",1,Failed,"Resort West Wing 1st Floor","Resort West Wing 1st Floor: Objective #1","1","16:39:51","16:39:54",
Bot79,"Гарик Чебур (r2go)",1,Completed,"Resort West Wing 3rd Floor","Resort West Wing 3rd Floor: Objective #1","1","16:39:59","16:40:02",
Bot79,"Гарик Чебур (r2go)",1,Failed,"Resort West Wing 3rd Floor","Resort West Wing 3rd Floor: Objective #2","1","16:40:07","16:40:10",
Bot79,"Гарик Чебур (r2go)",1,Failed,"Resort West Wing 3rd Floor","Resort West Wing 3rd Floor: Objective #3","1","16:40:16","16:40:19",
Bot79,"Гарик Чебур (r2go)",1,Failed,"Resort West Wing 3rd Floor","Resort West Wing 3rd Floor: Objective #4","1","16:40:24","16:40:27",
Bot79,"Гарик Чебур (r2go)",1,Failed,"Resort West Wing 3rd Floor","Resort West Wing 3rd Floor: Objective #5","1","16:40:32","16:40:35",
Bot79,"Гарик Чебур (r2go)",1,Failed,"Resort West Wing 3rd Floor","Resort West Wing 3rd Floor: Objective #6","1","16:40:40","16:41:08",
Bot79,"Гарик Чебур (r2go)",1,Failed,"Bus Terminal","Bus Terminal: Objective #2","1","16:41:13","16:41:50",
Bot79,"Гарик Чебур (r2go)",1,Failed,"Bus Terminal","Bus Terminal: Objective #3","1","16:41:55","16:41:58",
Bot79,"Гарик Чебур (r2go)",1,Failed,"Bus Terminal","Bus Terminal: Objective #1","1","16:42:03","16:42:06",
Bot80,"Limbo",11,Failed,"Chemical - Part 1","Item Secure Folder 0013","1","16:32:25","16:36:21",
Bot80,"Limbo",11,Failed,"Eagle Eye","Zone place_peacemaker_004_N1","1","16:35:30","16:36:21",
Bot82,"DewardianDev",18,Failed,"Spa Tour - Part 2","Zone place_peacemaker_008_2_N2","1","16:32:26","16:36:48",
Bot81,"TinglePlayerParkov",13,Failed,"Spa Tour - Part 2","Zone place_peacemaker_008_2_N2","1","16:32:26","16:38:48",
Bot83,"Singularity",21,Completed,"Health Care Privacy - Part 1","Zone ter_013_area_3","1","16:32:30","16:32:52",
Bot83,"Singularity",21,Failed,"Health Care Privacy - Part 1","Zone ter_013_area_1","1","16:32:57","16:33:22",
Bot84,"ChiNoel",5,Failed,"Tank on Bridge","Tank on Bridge: Objective #1","1","16:32:30","16:35:54",
Bot86,"Bepis",3,Pending,"Resort Sniping","Resort Sniping: Objective #1","1","16:33:03","N/A",
Bot85,"Reis",28,Completed,"Cargo X - Part 3","Zone place_peacemaker_009_3_N1","1","16:33:03","16:40:51",
Bot85,"Reis",28,Completed,"Resort West Wing 1st Floor","Resort West Wing 1st Floor: Objective #3","1","16:40:56","16:41:00",
Bot85,"Reis",28,Completed,"Resort West Wing 1st Floor","Resort West Wing 1st Floor: Objective #4","1","16:41:05","16:41:21",
Bot85,"Reis",28,Failed,"Resort West Wing 1st Floor","Resort West Wing 1st Floor: Objective #2","1","16:41:26","16:44:25",
Bot85,"Reis",28,Completed,"Resort West Wing 1st Floor","Resort West Wing 1st Floor: Objective #1","1","16:42:15","16:42:17",
Bot85,"Reis",28,Completed,"Helicoperter Shack","Helicoperter Shack: Objective #1","1","16:42:22","16:42:54",
Bot85,"Reis",28,Failed,"Resort East Wing 1st Floor","Resort East Wing 1st Floor: Objective #1","1","16:42:59","16:44:25",
Bot89,"Wrecker",19,Pending,"Humanitarian Supplies","Zone place_peacemaker_005_N1","1","16:33:15","N/A",
Bot88,"Mihai",21,Completed,"Spa Tour - Part 2","Zone place_peacemaker_008_2_N2","1","16:33:15","16:38:05",
Bot88,"Mihai",21,Failed,"Bus Terminal","Bus Terminal: Objective #1","1","16:38:10","16:39:57",
Bot90,"Батыр Палач (TheSparta)",1,Active,"Crane","Crane: Objective #1","1","16:33:21","N/A",
Bot94,"Glukhar_111",14,Active,"Eagle Eye","Item UAV SAS disk #1","1","16:34:28","N/A",
Bot95,"Nikita",1,Pending,"Smuggler's Base Lower","Smuggler's Base Lower: Objective #3","1","16:34:29","N/A",
Bot96,"Вася Шпала (王哈桑ザ)",1,Failed,"Helicoperter Shack","Helicoperter Shack: Objective #1","1","16:34:37","16:36:56",
Bot103,"RedKeyCard",21,Failed,"The Cult - Part 2","Zone place_peacemaker_007_2_N3","1","16:35:54","16:41:56",
Bot105,"riku8405",23,Completed,"Scrap Metal","Zone place_peacemaker_003_N3","1","16:35:55","16:43:34",
Bot105,"riku8405",23,Archived,"Tank on Bridge","Tank on Bridge: Objective #1","1","16:43:40","16:43:46",
Bot105,"riku8405",23,Completed,"Power Station Sniping","Power Station Sniping: Objective #3","2","16:43:51","16:45:48",
Bot105,"riku8405",23,Completed,"Power Station Sniping","Power Station Sniping: Objective #2","2","16:45:53","16:48:34",
Bot105,"riku8405",23,Completed,"Power Station Sniping","Power Station Sniping: Objective #1","2","16:48:39","16:50:27",
Bot105,"riku8405",23,Completed,"Resort West Wing 1st Floor","Resort West Wing 1st Floor: Objective #2","1","16:50:32","16:52:12",
Bot105,"riku8405",23,Completed,"Resort West Wing 1st Floor","Resort West Wing 1st Floor: Objective #1","1","16:52:17","16:52:23",
Bot105,"riku8405",23,Completed,"Resort West Wing 1st Floor","Resort West Wing 1st Floor: Objective #3","1","16:52:28","16:53:10",
Bot105,"riku8405",23,Active,"Resort West Wing 1st Floor","Resort West Wing 1st Floor: Objective #4","1","16:53:15","N/A",
Bot104,"itsMickle",15,Pending,"Scrap Metal","Zone place_peacemaker_003_N3","1","16:35:55","N/A",
Bot106,"RainbowPC",13,Pending,"Cargo X - Part 2","Item Secure Folder 0013","1","16:35:56","N/A",
Bot110,"Павел Покоцаный (bluehead)",1,Active,"Smuggler's Base Perimeter","Smuggler's Base Perimeter: Objective #5","2","16:37:28","N/A",
Bot112,"3371",3,Failed,"Resort East Wing 3rd Floor","Resort East Wing 3rd Floor: Objective #9","1","16:37:46","16:39:43",
Bot113,"AlfaRenegade",15,Failed,"Resort West Wing 1st Floor","Resort West Wing 1st Floor: Objective #3","1","16:37:47","16:40:24",
Bot115,"Arys",9,Completed,"Lookout","Lookout: Objective #1","1","16:37:48","16:45:45",
Bot115,"Arys",9,Failed,"Resort West Wing 2nd Floor","Resort West Wing 2nd Floor: Objective #4","1","16:45:50","16:46:50",
Bot114,"Solarint",2,Failed,"Resort West Wing 1st Floor","Resort West Wing 1st Floor: Objective #3","1","16:37:48","16:39:51",
Bot116,"Эдуард БОБР (matt)",1,Active,"Radio Tower","Radio Tower: Objective #1","2","16:37:51","N/A",
Bot126,"kmyuhkyuk",12,Failed,"Power Station Sniping","Power Station Sniping: Objective #1","1","16:39:27","16:39:28",
Bot127,"3371",20,Failed,"Resort West Wing 2nd Floor","Resort West Wing 2nd Floor: Objective #1","1","16:39:28","16:39:29",
Bot130,"MadDutch",10,Pending,"Radio Tower","Radio Tower: Objective #1","1","16:40:09","N/A",
Bot130,"MadDutch",10,Completed,"Smuggler's Base Upper","Smuggler's Base Upper: Objective #8","1","16:40:25","16:43:48",
Bot130,"MadDutch",10,Completed,"Smuggler's Base Upper","Smuggler's Base Upper: Objective #1","1","16:43:54","16:44:05",
Bot130,"MadDutch",10,Completed,"Smuggler's Base Upper","Smuggler's Base Upper: Objective #4","1","16:44:10","16:44:16",
Bot130,"MadDutch",10,Completed,"Smuggler's Base Upper","Smuggler's Base Upper: Objective #5","1","16:44:21","16:44:33",
Bot130,"MadDutch",10,Pending,"Smuggler's Base Upper","Smuggler's Base Upper: Objective #6","1","16:44:38","N/A",
Bot130,"MadDutch",10,Completed,"Smuggler's Base Upper","Smuggler's Base Upper: Objective #7","1","16:45:00","16:45:05",
Bot130,"MadDutch",10,Completed,"Smuggler's Base Upper","Smuggler's Base Upper: Objective #3","1","16:45:10","16:45:20",
Bot130,"MadDutch",10,Completed,"Smuggler's Base Upper","Smuggler's Base Upper: Objective #2","1","16:45:25","16:45:35",
Bot130,"MadDutch",10,Completed,"Smuggler's Base Upper","Smuggler's Base Upper: Objective #10","1","16:45:40","16:46:25",
Bot130,"MadDutch",10,Completed,"Smuggler's Base Upper","Smuggler's Base Upper: Objective #9","1","16:46:30","16:46:39",
Bot130,"MadDutch",10,Completed,"Smuggler's Base VEX Buildings","Smuggler's Base VEX Buildings: Objective #1","1","16:46:44","16:49:17",
Bot130,"MadDutch",10,Completed,"Smuggler's Base VEX Buildings","Smuggler's Base VEX Buildings: Objective #2","1","16:49:22","16:49:40",
Bot130,"MadDutch",10,Completed,"Smuggler's Base VEX Buildings","Smuggler's Base VEX Buildings: Objective #4","1","16:49:45","16:49:56",
Bot130,"MadDutch",10,Completed,"Smuggler's Base VEX Buildings","Smuggler's Base VEX Buildings: Objective #3","1","16:50:01","16:50:09",
Bot130,"MadDutch",10,Active,"Resort Main 2nd Floor","Resort Main 2nd Floor: Objective #1","1","16:50:14","N/A",
Bot131,"Nomad_420",1,Pending,"Smuggler's Base Lower","Smuggler's Base Lower: Objective #1","1","16:40:10","N/A",
Bot133,"InternalError_",21,Completed,"Smuggler's Base Upper","Smuggler's Base Upper: Objective #2","1","16:40:57","16:41:40",
Bot133,"InternalError_",21,Completed,"Smuggler's Base Upper","Smuggler's Base Upper: Objective #3","1","16:41:45","16:42:22",
Bot133,"InternalError_",21,Completed,"Smuggler's Base Upper","Smuggler's Base Upper: Objective #1","1","16:42:27","16:42:34",
Bot133,"InternalError_",21,Completed,"Smuggler's Base Upper","Smuggler's Base Upper: Objective #4","1","16:42:39","16:42:47",
Bot133,"InternalError_",21,Completed,"Smuggler's Base Upper","Smuggler's Base Upper: Objective #5","1","16:42:52","16:43:15",
Bot133,"InternalError_",21,Completed,"Smuggler's Base Upper","Smuggler's Base Upper: Objective #6","1","16:43:20","16:43:28",
Bot133,"InternalError_",21,Completed,"Smuggler's Base Upper","Smuggler's Base Upper: Objective #7","1","16:43:33","16:43:40",
Bot133,"InternalError_",21,Completed,"Smuggler's Base Upper","Smuggler's Base Upper: Objective #10","1","16:43:45","16:43:58",
Bot133,"InternalError_",21,Completed,"Smuggler's Base Upper","Smuggler's Base Upper: Objective #9","1","16:44:04","16:44:10",
Bot133,"InternalError_",21,Completed,"Smuggler's Base Upper","Smuggler's Base Upper: Objective #8","1","16:44:15","16:44:25",
Bot133,"InternalError_",21,Completed,"Smuggler's Base Lower","Smuggler's Base Lower: Objective #9","1","16:44:30","16:44:53",
Bot133,"InternalError_",21,Completed,"Smuggler's Base Lower","Smuggler's Base Lower: Objective #2","1","16:44:58","16:45:06",
Bot133,"InternalError_",21,Completed,"Smuggler's Base Lower","Smuggler's Base Lower: Objective #4","1","16:45:11","16:45:25",
Bot133,"InternalError_",21,Completed,"Smuggler's Base Lower","Smuggler's Base Lower: Objective #6","1","16:45:30","16:45:40",
Bot133,"InternalError_",21,Completed,"Smuggler's Base Lower","Smuggler's Base Lower: Objective #8","1","16:45:45","16:46:19",
Bot133,"InternalError_",21,Completed,"Smuggler's Base Lower","Smuggler's Base Lower: Objective #5","1","16:46:24","16:46:28",
Bot133,"InternalError_",21,Completed,"Smuggler's Base Lower","Smuggler's Base Lower: Objective #7","1","16:46:33","16:47:20",
Bot133,"InternalError_",21,Completed,"Smuggler's Base Lower","Smuggler's Base Lower: Objective #3","1","16:47:25","16:47:56",
Bot133,"InternalError_",21,Completed,"Smuggler's Base Lower","Smuggler's Base Lower: Objective #1","1","16:48:01","16:50:12",
Bot133,"InternalError_",21,Completed,"Resort East Wing 3rd Floor","Resort East Wing 3rd Floor: Objective #1","1","16:50:17","16:51:47",
Bot133,"InternalError_",21,Completed,"Resort East Wing 3rd Floor","Resort East Wing 3rd Floor: Objective #2","1","16:51:52","16:51:58",
Bot133,"InternalError_",21,Active,"Resort East Wing 3rd Floor","Resort East Wing 3rd Floor: Objective #3","1","16:52:04","N/A",
Bot134,"KittehKun",21,Failed,"Smuggler's Base Lower","Smuggler's Base Lower: Objective #8","1","16:40:57","16:45:52",
Bot135,"jfetko",16,Active,"Power Station Sniping 2","Power Station Sniping 2: Objective #1","2","16:41:26","N/A",
Bot139,"Никанор Шиза (Anthal)",1,Active,"Power Station","Power Station: Objective #2","1","16:42:00","N/A",
Bot143,"Lave",18,Failed,"Lookout","Lookout: Objective #1","1","16:42:51","16:46:53",
Bot150,"Refringe",19,Failed,"Resort East Wing 2nd Floor","Resort East Wing 2nd Floor: Objective #1","1","16:45:51","16:48:59",
Bot151,"Miraki",6,Failed,"Resort East Wing 3rd Floor","Resort East Wing 3rd Floor: Objective #9","1","16:45:52","16:45:54",
Bot152,"Кэл Сявка (Bepis)",1,Active,"Smuggler's Base Lower","Smuggler's Base Lower: Objective #8","1","16:46:12","N/A",
Bot158,"Trainfriend",12,Completed,"Weather Station","Weather Station: Objective #2","3","16:46:58","16:48:02",
Bot158,"Trainfriend",12,Completed,"Weather Station","Weather Station: Objective #1","2","16:48:07","16:48:34",
Bot158,"Trainfriend",12,Completed,"Radio Tower","Radio Tower: Objective #1","2","16:48:39","16:50:44",
Bot158,"Trainfriend",12,Active,"Weather Station Sniping","Weather Station Sniping: Objective #1","2","16:50:49","N/A",
Bot159,"Фаддей Шнырь (GorlocktheDestroyer)",1,Completed,"Resort West Wing 1st Floor","Resort West Wing 1st Floor: Objective #4","1","16:46:58","16:48:47",
Bot159,"Фаддей Шнырь (GorlocktheDestroyer)",1,Completed,"Resort West Wing 1st Floor","Resort West Wing 1st Floor: Objective #3","1","16:48:53","16:49:01",
Bot159,"Фаддей Шнырь (GorlocktheDestroyer)",1,Pending,"Resort West Wing 1st Floor","Resort West Wing 1st Floor: Objective #2","1","16:49:06","N/A",
Bot159,"Фаддей Шнырь (GorlocktheDestroyer)",1,Pending,"Resort West Wing 1st Floor","Resort West Wing 1st Floor: Objective #1","1","16:51:31","N/A",
Bot159,"Фаддей Шнырь (GorlocktheDestroyer)",1,Completed,"Resort West Wing 3rd Floor","Resort West Wing 3rd Floor: Objective #1","1","16:51:51","16:52:28",
Bot159,"Фаддей Шнырь (GorlocktheDestroyer)",1,Completed,"Resort West Wing 3rd Floor","Resort West Wing 3rd Floor: Objective #2","1","16:52:33","16:52:53",
Bot162,"Аркадий Сопля (Doge)",1,Completed,"Resort West Wing 2nd Floor","Resort West Wing 2nd Floor: Objective #6","1","16:47:45","16:49:01",
Bot162,"Аркадий Сопля (Doge)",1,Completed,"Resort West Wing 2nd Floor","Resort West Wing 2nd Floor: Objective #7","1","16:49:06","16:49:15",
Bot162,"Аркадий Сопля (Doge)",1,Completed,"Resort West Wing 2nd Floor","Resort West Wing 2nd Floor: Objective #3","1","16:49:20","16:49:56",
Bot162,"Аркадий Сопля (Doge)",1,Pending,"Resort West Wing 2nd Floor","Resort West Wing 2nd Floor: Objective #4","1","16:50:01","N/A",
Bot163,"Юлиан Пиздюли (Victor_Two)",1,Active,"Resort East Wing 3rd Floor","Resort East Wing 3rd Floor: Objective #9","1","16:47:46","N/A",
Bot164,"Яков Пупкин (Mihai)",1,Active,"Power Station","Power Station: Objective #1","1","16:48:47","N/A",
Bot167,"Радж Морковник (王哈桑ザ)",1,Failed,"Resort East Wing 2nd Floor","Resort East Wing 2nd Floor: Objective #1","1","16:49:29","16:51:39",
