Quest Name,Objective,Steps,Min Level,Max Level,First Step Position
Chemical - Part 1,"Item Secure Folder 0013",1,10,25,"(-341.0, -3.7, -88.2)"
Spa Tour - Part 2,"Zone place_peacemaker_008_2_N2",1,12,29,"(-280.5, -6.7, -41.3)"
Spa Tour - Part 4,"Zone place_peacemaker_008_4_N1",1,12,29,"(-336.5, -0.8, -76.4)"
Spa Tour - Part 4,"Zone place_peacemaker_008_4_N2",1,12,29,"(-171.3, -0.8, -75.6)"
Spa Tour - Part 5,"Item Key to the closed premises of the Health Resort",1,12,29,"(-152.8, -15.1, -301.5)"
Fishing Gear,"Zone place_peacemaker_001",2,10,25,"(-182.2, -64.9, 459.8)"
Scrap Metal,"Zone place_peacemaker_003_N3",1,10,25,"(-349.9, -42.8, 186.1)"
Eagle Eye,"Zone place_peacemaker_004_N1",1,11,27,"(-552.4, -31.7, -127.2)"
Eagle Eye,"Item UAV SAS disk #1",1,11,27,"(-553.5, -31.6, -128.6)"
Eagle Eye,"Item UAV SAS disk #2",1,11,27,"(81.1, -32.0, -166.4)"
Humanitarian Supplies,"Zone place_peacemaker_005_N1",1,11,27,"(-233.0, -5.1, -164.0)"
Humanitarian Supplies,"Zone place_peacemaker_005_N2",1,11,27,"(-597.3, -59.5, 474.6)"
The Cult - Part 1,"Zone place_peacemaker_007_1_N1",1,12,29,"(287.1, -50.6, -42.3)"
The Cult - Part 2,"Zone place_peacemaker_007_2_N3",1,18,41,"(-336.9, 2.1, -88.7)"
Cargo X - Part 1,"Item Toughbook reinforced laptop",1,12,29,"(-285.6, 2.1, -88.9)"
Cargo X - Part 2,"Zone place_peacemaker_009_2",1,12,29,"(-337.0, -3.7, -88.1)"
Cargo X - Part 2,"Item Secure Folder 0013",1,12,29,"(-341.0, -3.7, -88.2)"
Cargo X - Part 3,"Zone place_peacemaker_009_3_N1",1,12,29,"(-149.9, -3.7, -77.0)"
Wet Job - Part 2,"Zone place_peacemaker_010_2",1,14,33,"(235.6, -64.3, 442.0)"
Wet Job - Part 3,"Zone place_peacemaker_010_3",1,14,33,"(72.9, -58.2, 348.7)"
Wet Job - Part 4,"Item Sliderkey Flash drive",1,14,33,"(-267.3, -0.8, -146.0)"
Wet Job - Part 5,"Item Working hard drive",1,14,33,"(-358.5, 2.1, -77.1)"
Health Care Privacy - Part 1,"Zone ter_013_area_1",1,20,45,"(312.7, -58.0, 314.5)"
Health Care Privacy - Part 1,"Zone ter_013_area_2",1,20,45,"(354.9, -57.5, 306.1)"
Health Care Privacy - Part 1,"Zone ter_013_area_3",1,20,45,"(-258.1, -2.9, -85.7)"
Health Care Privacy - Part 2,"Item Secure Folder 0060",1,20,45,"(-217.7, 2.1, -86.3)"
Signal - Part 1,"Zone place_SIGNAL_01_1",1,12,29,"(-230.4, 6.9, -93.6)"
Signal - Part 1,"Zone place_SIGNAL_01_2",1,12,29,"(-483.3, -25.9, 253.7)"
Signal - Part 3,"Zone place_SIGNAL_03_1",1,15,35,"(-483.8, -25.4, 248.8)"
Signal - Part 3,"Zone place_SIGNAL_03_2",1,15,35,"(-230.5, 6.9, -92.4)"
Signal - Part 3,"Zone place_SIGNAL_03_3",1,15,35,"(-708.7, -27.6, 90.3)"
Vitamins - Part 1,"Item Chemical container #1",1,22,48,"(-186.1, -3.5, -86.8)"
Lend-Lease - Part 1,"Item Motor Controller #2",1,25,53,"(-567.1, -44.8, 104.5)"
Lend-Lease - Part 1,"Item Motor Controller #3",1,25,53,"(-288.7, 2.1, -84.5)"
Lend-Lease - Part 1,"Item Single-axis Fiber Optic Gyroscope #2",1,25,53,"(-180.9, -0.8, -80.6)"
Courtesy Visit,"Zone huntsman_024_1",1,20,45,"(405.8, -53.2, -44.6)"
Courtesy Visit,"Zone huntsman_024_2",1,20,45,"(382.9, -54.5, -126.2)"
Courtesy Visit,"Zone huntsman_024_3",1,20,45,"(287.1, -50.6, -46.3)"
Nostalgia,"Zone huntsman_026",1,28,57,"(-229.1, 2.1, -88.9)"
Nostalgia,"Item Photo album",1,28,57,"(-226.6, 2.1, -87.0)"
Anesthesia,"Zone prapor_022_area_1",1,21,47,"(-263.8, -4.5, -85.5)"
Anesthesia,"Zone prapor_022_area_2",1,21,47,"(96.3, -48.5, 97.9)"
Anesthesia,"Zone prapor_022_area_3",1,21,47,"(-306.3, -61.3, 495.0)"
Colleagues - Part 1,"Zone ter_023_area_1_1",1,21,47,"(-253.2, -4.8, -56.9)"
Colleagues - Part 1,"Zone ter_023_area_3_1",1,21,47,"(-311.8, -61.7, 489.8)"
Colleagues - Part 1,"Zone ter_023_area_2_1",1,21,47,"(94.2, -48.3, 62.0)"
Colleagues - Part 2,"Item Surgery kit marked with a blue symbol",1,21,47,"(-314.6, -54.4, 480.2)"
Colleagues - Part 2,"Item Marked Ophthalmoscope",1,21,47,"(98.6, -45.3, 107.3)"
Rigged Game,"Zone skier_022_area_1",2,21,47,"(-263.6, -4.6, -85.7)"
Rigged Game,"Zone skier_022_area_2",2,21,47,"(98.1, -48.1, 97.0)"
Rigged Game,"Zone skier_022_area_3",2,21,47,"(-305.4, -61.5, 492.2)"
Chemistry Closet,"Zone place_meh_sanitar_room",1,22,48,"(-322.8, -3.7, -77.5)"
Nothing Fishy About This,"Zone q14_11_jeep",1,15,35,"(227.2, -54.2, -159.9)"
Spawn Point Wander,"Spawn Point (-917.4 -58.3 254.2)",1,0,99,"(-917.4, -58.3, 254.2)"
Spawn Point Wander,"Spawn Point (-343.3 -5.2 -113.7)",1,0,99,"(-343.3, -5.2, -113.7)"
Spawn Point Wander,"Spawn Point (228.1 -64.6 425.7)",1,0,99,"(228.1, -64.6, 425.7)"
Spawn Point Wander,"Spawn Point (-936.5 -55.5 163.4)",1,0,99,"(-936.5, -55.5, 163.4)"
Spawn Point Wander,"Spawn Point (-615.1 -29.7 -177.9)",1,0,99,"(-615.1, -29.7, -177.9)"
Spawn Point Wander,"Spawn Point (459.0 -54.5 159.5)",1,0,99,"(459.0, -54.5, 159.5)"
Spawn Point Wander,"Spawn Point (452.7 -54.5 190.9)",1,0,99,"(452.7, -54.5, 190.9)"
Spawn Point Wander,"Spawn Point (409.8 -54.3 90.9)",1,0,99,"(409.8, -54.3, 90.9)"
Spawn Point Wander,"Spawn Point (345.3 -64.3 333.2)",1,0,99,"(345.3, -64.3, 333.2)"
Spawn Point Wander,"Spawn Point (-659.3 -26.8 -162.3)",1,0,99,"(-659.3, -26.8, -162.3)"
Spawn Point Wander,"Spawn Point (-318.8 -5.1 -173.1)",1,0,99,"(-318.8, -5.1, -173.1)"
Spawn Point Wander,"Spawn Point (-891.3 -46.1 2.0)",1,0,99,"(-891.3, -46.1, 2.0)"
Spawn Point Wander,"Spawn Point (420.6 -54.5 153.7)",1,0,99,"(420.6, -54.5, 153.7)"
Spawn Point Wander,"Spawn Point (338.4 -41.9 -272.4)",1,0,99,"(338.4, -41.9, -272.4)"
Spawn Point Wander,"Spawn Point (336.5 -41.7 -269.6)",1,0,99,"(336.5, -41.7, -269.6)"
Spawn Point Wander,"Spawn Point (-872.6 -44.0 5.3)",1,0,99,"(-872.6, -44.0, 5.3)"
Spawn Point Wander,"Spawn Point (-837.8 -55.4 279.8)",1,0,99,"(-837.8, -55.4, 279.8)"
Spawn Point Wander,"Spawn Point (-622.6 -29.7 -172.7)",1,0,99,"(-622.6, -29.7, -172.7)"
Spawn Point Wander,"Spawn Point (351.8 -64.3 334.9)",1,0,99,"(351.8, -64.3, 334.9)"
Spawn Point Wander,"Spawn Point (-848.0 -55.9 372.9)",1,0,99,"(-848.0, -55.9, 372.9)"
Spawn Point Wander,"Spawn Point (-876.3 -44.9 6.2)",1,0,99,"(-876.3, -44.9, 6.2)"
Spawn Point Wander,"Spawn Point (447.0 -54.3 103.1)",1,0,99,"(447.0, -54.3, 103.1)"
Spawn Point Wander,"Spawn Point (-810.5 -59.2 458.0)",1,0,99,"(-810.5, -59.2, 458.0)"
Spawn Point Wander,"Spawn Point (-780.2 -40.2 3.8)",1,0,99,"(-780.2, -40.2, 3.8)"
Spawn Point Wander,"Spawn Point (162.6 -35.0 -296.3)",1,0,99,"(162.6, -35.0, -296.3)"
Spawn Point Wander,"Spawn Point (-350.3 -5.1 -175.1)",1,0,99,"(-350.3, -5.1, -175.1)"
Spawn Point Wander,"Spawn Point (269.4 -56.4 188.1)",1,0,99,"(269.4, -56.4, 188.1)"
Spawn Point Wander,"Spawn Point (-295.4 -5.1 -127.3)",1,0,99,"(-295.4, -5.1, -127.3)"
Spawn Point Wander,"Spawn Point (434.2 -54.3 70.3)",1,0,99,"(434.2, -54.3, 70.3)"
Spawn Point Wander,"Spawn Point (434.0 -54.3 67.8)",1,0,99,"(434.0, -54.3, 67.8)"
Spawn Point Wander,"Spawn Point (-296.3 -62.0 490.2)",1,0,99,"(-296.3, -62.0, 490.2)"
Spawn Point Wander,"Spawn Point (128.4 -48.4 76.8)",1,0,99,"(128.4, -48.4, 76.8)"
Spawn Point Wander,"Spawn Point (-197.6 -5.1 -169.9)",1,0,99,"(-197.6, -5.1, -169.9)"
Spawn Point Wander,"Spawn Point (181.4 -37.2 -268.6)",1,0,99,"(181.4, -37.2, -268.6)"
Spawn Point Wander,"Spawn Point (342.2 -56.3 116.6)",1,0,99,"(342.2, -56.3, 116.6)"
Spawn Point Wander,"Spawn Point (-166.7 -55.7 368.7)",1,0,99,"(-166.7, -55.7, 368.7)"
Spawn Point Wander,"Spawn Point (-697.6 -59.6 497.7)",1,0,99,"(-697.6, -59.6, 497.7)"
Spawn Point Wander,"Spawn Point (-916.2 -58.3 252.6)",1,0,99,"(-916.2, -58.3, 252.6)"
Spawn Point Wander,"Spawn Point (-309.5 -62.0 505.6)",1,0,99,"(-309.5, -62.0, 505.6)"
Spawn Point Wander,"Spawn Point (-131.7 -5.1 -103.8)",1,0,99,"(-131.7, -5.1, -103.8)"
Spawn Point Wander,"Spawn Point (-195.0 -5.2 -113.7)",1,0,99,"(-195.0, -5.2, -113.7)"
Spawn Point Wander,"Spawn Point (-192.4 -55.7 367.8)",1,0,99,"(-192.4, -55.7, 367.8)"
Spawn Point Wander,"Spawn Point (347.0 -64.8 335.5)",1,0,99,"(347.0, -64.8, 335.5)"
Spawn Point Wander,"Spawn Point (447.8 -54.5 145.6)",1,0,99,"(447.8, -54.5, 145.6)"
Spawn Point Wander,"Spawn Point (-932.7 -55.0 160.7)",1,0,99,"(-932.7, -55.0, 160.7)"
Spawn Point Wander,"Spawn Point (-597.4 -45.4 155.6)",1,0,99,"(-597.4, -45.4, 155.6)"
Spawn Point Wander,"Spawn Point (448.9 -54.5 188.7)",1,0,99,"(448.9, -54.5, 188.7)"
Spawn Point Wander,"Spawn Point (-932.1 -54.5 162.9)",1,0,99,"(-932.1, -54.5, 162.9)"
Spawn Point Wander,"Spawn Point (341.5 -56.3 122.7)",1,0,99,"(341.5, -56.3, 122.7)"
Spawn Point Wander,"Spawn Point (-188.5 -65.0 447.6)",1,0,99,"(-188.5, -65.0, 447.6)"
Spawn Point Wander,"Spawn Point (328.9 -64.7 326.5)",1,0,99,"(328.9, -64.7, 326.5)"
Spawn Point Wander,"Spawn Point (335.4 -41.9 -273.2)",1,0,99,"(335.4, -41.9, -273.2)"
Spawn Point Wander,"Spawn Point (282.8 -56.2 172.3)",1,0,99,"(282.8, -56.2, 172.3)"
Spawn Point Wander,"Spawn Point (-596.5 -45.4 157.8)",1,0,99,"(-596.5, -45.4, 157.8)"
Spawn Point Wander,"Spawn Point (-581.0 -59.4 499.8)",1,0,99,"(-581.0, -59.4, 499.8)"
Spawn Point Wander,"Spawn Point (72.6 -31.2 -156.3)",1,0,99,"(72.6, -31.2, -156.3)"
Spawn Point Wander,"Spawn Point (442.0 -54.3 104.0)",1,0,99,"(442.0, -54.3, 104.0)"
Spawn Point Wander,"Spawn Point (235.6 -56.1 129.7)",1,0,99,"(235.6, -56.1, 129.7)"
Spawn Point Wander,"Spawn Point (-776.9 -40.1 2.4)",1,0,99,"(-776.9, -40.1, 2.4)"
Spawn Point Wander,"Spawn Point (13.7 -26.2 -163.8)",1,0,99,"(13.7, -26.2, -163.8)"
Spawn Point Wander,"Spawn Point (-816.5 -41.1 2.3)",1,0,99,"(-816.5, -41.1, 2.3)"
Spawn Point Wander,"Spawn Point (-694.0 -59.6 497.6)",1,0,99,"(-694.0, -59.6, 497.6)"
Spawn Point Wander,"Spawn Point (462.4 -54.5 119.6)",1,0,99,"(462.4, -54.5, 119.6)"
Spawn Point Wander,"Spawn Point (441.9 -54.3 106.0)",1,0,99,"(441.9, -54.3, 106.0)"
Spawn Point Wander,"Spawn Point (-644.1 -26.9 -230.2)",1,0,99,"(-644.1, -26.9, -230.2)"
Spawn Point Wander,"Spawn Point (-808.5 -59.2 457.4)",1,0,99,"(-808.5, -59.2, 457.4)"
Spawn Point Wander,"Spawn Point (122.5 -48.4 92.8)",1,0,99,"(122.5, -48.4, 92.8)"
Spawn Point Wander,"Spawn Point (-299.2 -5.1 -151.4)",1,0,99,"(-299.2, -5.1, -151.4)"
Spawn Point Wander,"Spawn Point (409.0 -54.3 168.6)",1,0,99,"(409.0, -54.3, 168.6)"
Spawn Point Wander,"Spawn Point (143.3 -33.5 -288.2)",1,0,99,"(143.3, -33.5, -288.2)"
Spawn Point Wander,"Spawn Point (-667.8 -54.5 324.8)",1,0,99,"(-667.8, -54.5, 324.8)"
Spawn Point Wander,"Spawn Point (212.3 -65.0 443.2)",1,0,99,"(212.3, -65.0, 443.2)"
Spawn Point Wander,"Spawn Point (-846.3 -56.0 372.8)",1,0,99,"(-846.3, -56.0, 372.8)"
Spawn Point Wander,"Spawn Point (-837.2 -55.5 276.7)",1,0,99,"(-837.2, -55.5, 276.7)"
Spawn Point Wander,"Spawn Point (459.9 -54.5 92.5)",1,0,99,"(459.9, -54.5, 92.5)"
Spawn Point Wander,"Spawn Point (-663.5 -59.6 496.9)",1,0,99,"(-663.5, -59.6, 496.9)"
Spawn Point Wander,"Spawn Point (-143.8 -11.8 -343.4)",1,0,99,"(-143.8, -11.8, -343.4)"
Spawn Point Wander,"Spawn Point (453.5 -54.5 188.7)",1,0,99,"(453.5, -54.5, 188.7)"
Spawn Point Wander,"Spawn Point (-783.5 -40.2 4.9)",1,0,99,"(-783.5, -40.2, 4.9)"
Spawn Point Wander,"Spawn Point (-837.8 -55.2 281.5)",1,0,99,"(-837.8, -55.2, 281.5)"
Spawn Point Wander,"Spawn Point (-96.8 -41.0 211.6)",1,0,99,"(-96.8, -41.0, 211.6)"
Spawn Point Wander,"Spawn Point (447.1 -54.3 104.9)",1,0,99,"(447.1, -54.3, 104.9)"
Spawn Point Wander,"Spawn Point (27.4 -20.6 -211.8)",1,0,99,"(27.4, -20.6, -211.8)"
Spawn Point Wander,"Spawn Point (-689.1 -59.6 497.4)",1,0,99,"(-689.1, -59.6, 497.4)"
Spawn Point Wander,"Spawn Point (-358.4 -62.0 555.9)",1,0,99,"(-358.4, -62.0, 555.9)"
Spawn Point Wander,"Spawn Point (-836.8 -55.6 275.0)",1,0,99,"(-836.8, -55.6, 275.0)"
Spawn Point Wander,"Spawn Point (109.2 -48.3 95.9)",1,0,99,"(109.2, -48.3, 95.9)"
Spawn Point Wander,"Spawn Point (459.3 -54.2 55.8)",1,0,99,"(459.3, -54.2, 55.8)"
Spawn Point Wander,"Spawn Point (-251.1 -41.0 195.3)",1,0,99,"(-251.1, -41.0, 195.3)"
Spawn Point Wander,"Spawn Point (-666.0 -54.6 326.3)",1,0,99,"(-666.0, -54.6, 326.3)"
Spawn Point Wander,"Spawn Point (391.5 -60.2 254.2)",1,0,99,"(391.5, -60.2, 254.2)"
Spawn Point Wander,"Spawn Point (-919.3 -58.3 259.0)",1,0,99,"(-919.3, -58.3, 259.0)"
Spawn Point Wander,"Spawn Point (-695.6 -59.6 497.7)",1,0,99,"(-695.6, -59.6, 497.7)"
Spawn Point Wander,"Spawn Point (-116.0 -10.0 -360.6)",1,0,99,"(-116.0, -10.0, -360.6)"
Spawn Point Wander,"Spawn Point (-153.3 -4.9 -269.4)",1,0,99,"(-153.3, -4.9, -269.4)"
Spawn Point Wander,"Spawn Point (454.7 -54.6 192.0)",1,0,99,"(454.7, -54.6, 192.0)"
Spawn Point Wander,"Spawn Point (408.5 -54.4 163.5)",1,0,99,"(408.5, -54.4, 163.5)"
Spawn Point Wander,"Spawn Point (-817.2 -41.2 4.0)",1,0,99,"(-817.2, -41.2, 4.0)"
Spawn Point Wander,"Spawn Point (-248.7 -41.0 158.9)",1,0,99,"(-248.7, -41.0, 158.9)"
Spawn Point Wander,"Spawn Point (-220.9 -29.8 189.5)",1,0,99,"(-220.9, -29.8, 189.5)"
Spawn Point Wander,"Spawn Point (-78.2 -21.8 -6.1)",1,0,99,"(-78.2, -21.8, -6.1)"
Spawn Point Wander,"Spawn Point (459.4 -54.6 181.9)",1,0,99,"(459.4, -54.6, 181.9)"
Spawn Point Wander,"Spawn Point (-320.1 -61.6 487.8)",1,0,99,"(-320.1, -61.6, 487.8)"
Spawn Point Wander,"Spawn Point (-325.7 -3.7 -82.5)",1,0,99,"(-325.7, -3.7, -82.5)"
Spawn Point Wander,"Spawn Point (235.6 -56.1 131.5)",1,0,99,"(235.6, -56.1, 131.5)"
Spawn Point Wander,"Spawn Point (-72.2 -22.0 10.5)",1,0,99,"(-72.2, -22.0, 10.5)"
Spawn Point Wander,"Spawn Point (-692.3 -59.6 497.6)",1,0,99,"(-692.3, -59.6, 497.6)"
Spawn Point Wander,"Spawn Point (318.4 -54.6 -144.0)",1,0,99,"(318.4, -54.6, -144.0)"
Spawn Point Wander,"Spawn Point (-308.8 -62.0 477.3)",1,0,99,"(-308.8, -62.0, 477.3)"
Spawn Point Wander,"Spawn Point (446.4 -53.9 -74.7)",1,0,99,"(446.4, -53.9, -74.7)"
Spawn Point Wander,"Spawn Point (-665.6 -53.9 420.3)",1,0,99,"(-665.6, -53.9, 420.3)"
Spawn Point Wander,"Spawn Point (110.3 -48.5 138.1)",1,0,99,"(110.3, -48.5, 138.1)"
Spawn Point Wander,"Spawn Point (450.9 -54.5 139.4)",1,0,99,"(450.9, -54.5, 139.4)"
Spawn Point Wander,"Spawn Point (445.6 -53.7 -71.3)",1,0,99,"(445.6, -53.7, -71.3)"
Spawn Point Wander,"Spawn Point (-876.5 -43.9 1.3)",1,0,99,"(-876.5, -43.9, 1.3)"
Spawn Point Wander,"Spawn Point (-598.2 -45.2 154.1)",1,0,99,"(-598.2, -45.2, 154.1)"
Spawn Point Wander,"Spawn Point (-156.3 -3.6 -82.5)",1,0,99,"(-156.3, -3.6, -82.5)"
Spawn Point Wander,"Spawn Point (433.8 -54.3 65.3)",1,0,99,"(433.8, -54.3, 65.3)"
Spawn Point Wander,"Spawn Point (-815.6 -59.2 458.5)",1,0,99,"(-815.6, -59.2, 458.5)"
Spawn Point Wander,"Spawn Point (-851.2 -56.2 372.7)",1,0,99,"(-851.2, -56.2, 372.7)"
Spawn Point Wander,"Spawn Point (431.4 -54.3 66.7)",1,0,99,"(431.4, -54.3, 66.7)"
Spawn Point Wander,"Spawn Point (233.8 -56.1 130.8)",1,0,99,"(233.8, -56.1, 130.8)"
Spawn Point Wander,"Spawn Point (122.4 -48.5 136.4)",1,0,99,"(122.4, -48.5, 136.4)"
Spawn Point Wander,"Spawn Point (418.5 -47.7 255.3)",1,0,99,"(418.5, -47.7, 255.3)"
Spawn Point Wander,"Spawn Point (-342.7 -3.7 -82.8)",1,0,99,"(-342.7, -3.7, -82.8)"
Spawn Point Wander,"Spawn Point (-451.6 -26.0 286.0)",1,0,99,"(-451.6, -26.0, 286.0)"
Spawn Point Wander,"Spawn Point (244.9 -64.3 442.6)",1,0,99,"(244.9, -64.3, 442.6)"
Spawn Point Wander,"Spawn Point (342.3 -56.3 114.6)",1,0,99,"(342.3, -56.3, 114.6)"
Spawn Point Wander,"Spawn Point (-623.7 -26.7 -224.4)",1,0,99,"(-623.7, -26.7, -224.4)"
Spawn Point Wander,"Spawn Point (-818.1 -41.2 2.4)",1,0,99,"(-818.1, -41.2, 2.4)"
Spawn Point Wander,"Spawn Point (-175.9 -55.7 394.3)",1,0,99,"(-175.9, -55.7, 394.3)"
Spawn Point Wander,"Spawn Point (125.1 -48.5 136.4)",1,0,99,"(125.1, -48.5, 136.4)"
Spawn Point Wander,"Spawn Point (-873.9 -44.6 8.4)",1,0,99,"(-873.9, -44.6, 8.4)"
Spawn Point Wander,"Spawn Point (-143.6 -21.7 -21.1)",1,0,99,"(-143.6, -21.7, -21.1)"
Spawn Point Wander,"Spawn Point (388.3 -59.2 261.2)",1,0,99,"(388.3, -59.2, 261.2)"
Spawn Point Wander,"Spawn Point (404.9 -54.3 83.6)",1,0,99,"(404.9, -54.3, 83.6)"
Spawn Point Wander,"Spawn Point (-814.8 -41.1 2.3)",1,0,99,"(-814.8, -41.1, 2.3)"
Spawn Point Wander,"Spawn Point (-683.6 -40.1 122.4)",1,0,99,"(-683.6, -40.1, 122.4)"
Spawn Point Wander,"Spawn Point (-655.2 -26.8 -164.2)",1,0,99,"(-655.2, -26.8, -164.2)"
Spawn Point Wander,"Spawn Point (-312.6 -3.7 -83.3)",1,0,99,"(-312.6, -3.7, -83.3)"
Spawn Point Wander,"Spawn Point (-849.5 -56.2 372.5)",1,0,99,"(-849.5, -56.2, 372.5)"
Spawn Point Wander,"Spawn Point (282.6 -56.2 174.1)",1,0,99,"(282.6, -56.2, 174.1)"
Spawn Point Wander,"Spawn Point (-806.6 -59.2 457.2)",1,0,99,"(-806.6, -59.2, 457.2)"
Spawn Point Wander,"Spawn Point (340.8 -42.1 -271.3)",1,0,99,"(340.8, -42.1, -271.3)"
Spawn Point Wander,"Spawn Point (235.6 -56.1 133.3)",1,0,99,"(235.6, -56.1, 133.3)"
Spawn Point Wander,"Spawn Point (-667.6 -54.4 326.2)",1,0,99,"(-667.6, -54.4, 326.2)"
Spawn Point Wander,"Spawn Point (-217.5 -41.0 166.4)",1,0,99,"(-217.5, -41.0, 166.4)"
Spawn Point Wander,"Spawn Point (-443.9 -26.0 259.9)",1,0,99,"(-443.9, -26.0, 259.9)"
Spawn Point Wander,"Spawn Point (447.1 -54.5 143.5)",1,0,99,"(447.1, -54.5, 143.5)"
Spawn Point Wander,"Spawn Point (442.7 -53.7 -72.4)",1,0,99,"(442.7, -53.7, -72.4)"
Spawn Point Wander,"Spawn Point (-918.2 -58.3 255.9)",1,0,99,"(-918.2, -58.3, 255.9)"
Spawn Point Wander,"Spawn Point (444.1 -53.8 -68.0)",1,0,99,"(444.1, -53.8, -68.0)"
Spawn Point Wander,"Spawn Point (-667.9 -54.7 323.6)",1,0,99,"(-667.9, -54.7, 323.6)"
Spawn Point Wander,"Spawn Point (-846.3 -56.1 371.2)",1,0,99,"(-846.3, -56.1, 371.2)"
Spawn Point Wander,"Spawn Point (342.2 -56.3 118.6)",1,0,99,"(342.2, -56.3, 118.6)"
Spawn Point Wander,"Spawn Point (347.3 -63.9 331.4)",1,0,99,"(347.3, -63.9, 331.4)"
Spawn Point Wander,"Spawn Point (-813.0 -59.2 458.4)",1,0,99,"(-813.0, -59.2, 458.4)"
Spawn Point Wander,"Spawn Point (448.1 -54.5 138.1)",1,0,99,"(448.1, -54.5, 138.1)"
Spawn Point Wander,"Spawn Point (-684.6 -39.3 123.9)",1,0,99,"(-684.6, -39.3, 123.9)"
Spawn Point Wander,"Spawn Point (123.4 -48.4 55.3)",1,0,99,"(123.4, -48.4, 55.3)"
Spawn Point Wander,"Spawn Point (-690.7 -59.6 497.5)",1,0,99,"(-690.7, -59.6, 497.5)"
Spawn Point Wander,"Spawn Point (-683.4 -39.9 119.1)",1,0,99,"(-683.4, -39.9, 119.1)"
Spawn Point Wander,"Spawn Point (235.8 -56.0 125.5)",1,0,99,"(235.8, -56.0, 125.5)"
Spawn Point Wander,"Spawn Point (-632.4 -26.8 -240.1)",1,0,99,"(-632.4, -26.8, -240.1)"
Spawn Point Wander,"Spawn Point (-666.2 -54.6 324.7)",1,0,99,"(-666.2, -54.6, 324.7)"
Spawn Point Wander,"Spawn Point (-897.2 -48.5 44.3)",1,0,99,"(-897.2, -48.5, 44.3)"
Spawn Point Wander,"Spawn Point (451.2 -54.5 188.8)",1,0,99,"(451.2, -54.5, 188.8)"
Spawn Point Wander,"Spawn Point (-683.0 -40.0 120.7)",1,0,99,"(-683.0, -40.0, 120.7)"
Spawn Point Wander,"Spawn Point (433.7 -54.3 62.7)",1,0,99,"(433.7, -54.3, 62.7)"
Spawn Point Wander,"Spawn Point (450.5 -54.5 143.5)",1,0,99,"(450.5, -54.5, 143.5)"
Spawn Point Wander,"Spawn Point (-156.6 -13.5 -343.3)",1,0,99,"(-156.6, -13.5, -343.3)"
Spawn Point Wander,"Spawn Point (412.4 -54.4 154.7)",1,0,99,"(412.4, -54.4, 154.7)"
Spawn Point Wander,"Spawn Point (404.8 -54.3 90.0)",1,0,99,"(404.8, -54.3, 90.0)"
Spawn Point Wander,"Spawn Point (-893.3 -47.9 35.5)",1,0,99,"(-893.3, -47.9, 35.5)"
Spawn Point Wander,"Spawn Point (-934.6 -54.6 164.2)",1,0,99,"(-934.6, -54.6, 164.2)"
Spawn Point Wander,"Spawn Point (-918.8 -58.3 257.4)",1,0,99,"(-918.8, -58.3, 257.4)"
Spawn Point Wander,"Spawn Point (388.8 -60.2 250.0)",1,0,99,"(388.8, -60.2, 250.0)"
Spawn Point Wander,"Spawn Point (-151.9 -4.9 -268.6)",1,0,99,"(-151.9, -4.9, -268.6)"
Spawn Point Wander,"Spawn Point (415.2 -54.4 154.7)",1,0,99,"(415.2, -54.4, 154.7)"
Spawn Point Wander,"Spawn Point (-681.4 -40.9 120.1)",1,0,99,"(-681.4, -40.9, 120.1)"
Spawn Point Wander,"Spawn Point (206.5 -64.8 443.4)",1,0,99,"(206.5, -64.8, 443.4)"
Spawn Point Wander,"Spawn Point (-872.3 -44.0 8.0)",1,0,99,"(-872.3, -44.0, 8.0)"
Spawn Point Wander,"Spawn Point (-122.1 -9.2 -356.7)",1,0,99,"(-122.1, -9.2, -356.7)"
Spawn Point Wander,"Spawn Point (148.2 -37.4 -256.4)",1,0,99,"(148.2, -37.4, -256.4)"
Spawn Point Wander,"Spawn Point (-443.5 -25.3 248.0)",1,0,99,"(-443.5, -25.3, 248.0)"
Spawn Point Wander,"Spawn Point (-934.3 -55.3 162.4)",1,0,99,"(-934.3, -55.3, 162.4)"
Spawn Point Wander,"Spawn Point (316.0 -54.6 -138.4)",1,0,99,"(316.0, -54.6, -138.4)"
Spawn Point Wander,"Spawn Point (-168.7 -3.6 -84.0)",1,0,99,"(-168.7, -3.6, -84.0)"
Spawn Point Wander,"Spawn Point (-340.0 -62.0 500.9)",1,0,99,"(-340.0, -62.0, 500.9)"
Spawn Point Wander,"Spawn Point (-284.3 -34.4 195.3)",1,0,99,"(-284.3, -34.4, 195.3)"
Spawn Point Wander,"Spawn Point (-604.5 -29.8 -179.4)",1,0,99,"(-604.5, -29.8, -179.4)"
Spawn Point Wander,"Spawn Point (-520.4 -25.7 284.6)",1,0,99,"(-520.4, -25.7, 284.6)"
Spawn Point Wander,"Spawn Point (-106.0 -40.1 245.0)",1,0,99,"(-106.0, -40.1, 245.0)"
Spawn Point Wander,"Spawn Point (-358.7 -62.0 523.1)",1,0,99,"(-358.7, -62.0, 523.1)"
Spawn Point Wander,"Spawn Point (-87.9 -42.4 272.3)",1,0,99,"(-87.9, -42.4, 272.3)"
Spawn Point Wander,"Spawn Point (-595.2 -45.1 159.2)",1,0,99,"(-595.2, -45.1, 159.2)"
Spawn Point Wander,"Spawn Point (374.7 -59.7 314.7)",1,0,99,"(374.7, -59.7, 314.7)"
Spawn Point Wander,"Spawn Point (-146.1 -3.6 -82.6)",1,0,99,"(-146.1, -3.6, -82.6)"
Spawn Point Wander,"Spawn Point (350.5 -63.7 332.8)",1,0,99,"(350.5, -63.7, 332.8)"
Spawn Point Wander,"Spawn Point (-139.9 -21.9 5.1)",1,0,99,"(-139.9, -21.9, 5.1)"
Spawn Point Wander,"Spawn Point (443.6 -53.7 -75.6)",1,0,99,"(443.6, -53.7, -75.6)"
Spawn Point Wander,"Spawn Point (315.7 -54.6 -142.1)",1,0,99,"(315.7, -54.6, -142.1)"
Spawn Point Wander,"Spawn Point (-234.6 -5.2 -174.9)",1,0,99,"(-234.6, -5.2, -174.9)"
Spawn Point Wander,"Spawn Point (-604.6 -29.8 -176.9)",1,0,99,"(-604.6, -29.8, -176.9)"
Spawn Point Wander,"Spawn Point (-874.0 -44.6 6.8)",1,0,99,"(-874.0, -44.6, 6.8)"
Spawn Point Wander,"Spawn Point (-815.6 -41.2 3.9)",1,0,99,"(-815.6, -41.2, 3.9)"
Spawn Point Wander,"Spawn Point (199.7 -64.4 436.8)",1,0,99,"(199.7, -64.4, 436.8)"
Spawn Point Wander,"Spawn Point (442.0 -54.3 101.8)",1,0,99,"(442.0, -54.3, 101.8)"
Spawn Point Wander,"Spawn Point (267.4 -56.2 187.1)",1,0,99,"(267.4, -56.2, 187.1)"
Spawn Point Wander,"Spawn Point (-778.6 -40.3 3.0)",1,0,99,"(-778.6, -40.3, 3.0)"
Spawn Point Wander,"Spawn Point (-621.8 -59.6 496.8)",1,0,99,"(-621.8, -59.6, 496.8)"
Spawn Point Wander,"Spawn Point (280.8 -56.2 175.3)",1,0,99,"(280.8, -56.2, 175.3)"
Spawn Point Wander,"Spawn Point (203.8 -64.6 441.4)",1,0,99,"(203.8, -64.6, 441.4)"
Spawn Point Wander,"Spawn Point (-638.3 -59.2 423.5)",1,0,99,"(-638.3, -59.2, 423.5)"
Spawn Point Wander,"Spawn Point (357.6 -59.6 328.9)",1,0,99,"(357.6, -59.6, 328.9)"
Spawn Point Wander,"Spawn Point (405.0 -54.3 85.5)",1,0,99,"(405.0, -54.3, 85.5)"
Spawn Point Wander,"Spawn Point (446.6 -48.1 235.1)",1,0,99,"(446.6, -48.1, 235.1)"
Spawn Point Wander,"Spawn Point (-215.6 -55.8 407.6)",1,0,99,"(-215.6, -55.8, 407.6)"
Spawn Point Wander,"Spawn Point (-837.7 -55.5 278.3)",1,0,99,"(-837.7, -55.5, 278.3)"
Spawn Point Wander,"Spawn Point (-323.5 -62.0 498.5)",1,0,99,"(-323.5, -62.0, 498.5)"
Spawn Point Wander,"Spawn Point (-134.8 -10.7 -351.5)",1,0,99,"(-134.8, -10.7, -351.5)"
Spawn Point Wander,"Spawn Point (-232.7 -29.8 193.0)",1,0,99,"(-232.7, -29.8, 193.0)"
Spawn Point Wander,"Spawn Point (-218.9 -55.6 379.0)",1,0,99,"(-218.9, -55.6, 379.0)"
Spawn Point Wander,"Spawn Point (420.2 -47.6 243.5)",1,0,99,"(420.2, -47.6, 243.5)"
Spawn Point Wander,"Spawn Point (342.0 -42.2 -267.9)",1,0,99,"(342.0, -42.2, -267.9)"
Spawn Point Wander,"Spawn Point (387.9 -60.3 263.9)",1,0,99,"(387.9, -60.3, 263.9)"
Spawn Point Wander,"Spawn Point (-100.1 -22.3 10.7)",1,0,99,"(-100.1, -22.3, 10.7)"
Spawn Point Wander,"Spawn Point (407.2 -54.3 90.1)",1,0,99,"(407.2, -54.3, 90.1)"
Spawn Point Wander,"Spawn Point (-598.6 -44.6 152.1)",1,0,99,"(-598.6, -44.6, 152.1)"
Spawn Point Wander,"Spawn Point (-781.8 -40.2 4.5)",1,0,99,"(-781.8, -40.2, 4.5)"
Spawn Point Wander,"Spawn Point (160.6 -48.3 62.1)",1,0,99,"(160.6, -48.3, 62.1)"
Spawn Point Wander,"Spawn Point (-292.6 -62.0 493.7)",1,0,99,"(-292.6, -62.0, 493.7)"
Spawn Point Wander,"Spawn Point (-171.0 -5.1 -129.3)",1,0,99,"(-171.0, -5.1, -129.3)"
Spawn Point Wander,"Spawn Point (316.1 -54.6 -144.1)",1,0,99,"(316.1, -54.6, -144.1)"
Spawn Point Wander,"Spawn Point (315.9 -54.6 -140.3)",1,0,99,"(315.9, -54.6, -140.3)"
Spawn Point Wander,"Spawn Point (341.5 -56.3 120.6)",1,0,99,"(341.5, -56.3, 120.6)"
Spawn Point Wander,"Spawn Point (79.0 -48.4 91.6)",1,0,99,"(79.0, -48.4, 91.6)"
Spawn Rush,"Spawn Rush: Objective #1",1,0,99,"(409.8, -54.4, 90.9)"
Boss Hunter,"Spawn Point (162.6 -35.0 -296.3)",1,15,99,"(162.6, -35.0, -296.3)"
Boss Hunter,"Spawn Point (-197.6 -5.1 -169.9)",1,15,99,"(-197.6, -5.1, -169.9)"
Boss Hunter,"Spawn Point (181.4 -37.2 -268.6)",1,15,99,"(181.4, -37.2, -268.6)"
Boss Hunter,"Spawn Point (-131.7 -5.1 -103.8)",1,15,99,"(-131.7, -5.1, -103.8)"
Boss Hunter,"Spawn Point (-195.0 -5.2 -113.7)",1,15,99,"(-195.0, -5.2, -113.7)"
Boss Hunter,"Spawn Point (143.3 -33.5 -288.2)",1,15,99,"(143.3, -33.5, -288.2)"
Boss Hunter,"Spawn Point (-96.8 -41.0 211.6)",1,15,99,"(-96.8, -41.0, 211.6)"
Boss Hunter,"Spawn Point (-153.3 -4.9 -269.4)",1,15,99,"(-153.3, -4.9, -269.4)"
Boss Hunter,"Spawn Point (-220.9 -29.8 189.5)",1,15,99,"(-220.9, -29.8, 189.5)"
Boss Hunter,"Spawn Point (-156.3 -3.6 -82.5)",1,15,99,"(-156.3, -3.6, -82.5)"
Boss Hunter,"Spawn Point (-451.6 -26.0 286.0)",1,15,99,"(-451.6, -26.0, 286.0)"
Boss Hunter,"Spawn Point (-443.9 -26.0 259.9)",1,15,99,"(-443.9, -26.0, 259.9)"
Boss Hunter,"Spawn Point (-151.9 -4.9 -268.6)",1,15,99,"(-151.9, -4.9, -268.6)"
Boss Hunter,"Spawn Point (148.2 -37.4 -256.4)",1,15,99,"(148.2, -37.4, -256.4)"
Boss Hunter,"Spawn Point (-443.5 -25.3 248.0)",1,15,99,"(-443.5, -25.3, 248.0)"
Boss Hunter,"Spawn Point (-168.7 -3.6 -84.0)",1,15,99,"(-168.7, -3.6, -84.0)"
Boss Hunter,"Spawn Point (-520.4 -25.7 284.6)",1,15,99,"(-520.4, -25.7, 284.6)"
Boss Hunter,"Spawn Point (-106.0 -40.1 245.0)",1,15,99,"(-106.0, -40.1, 245.0)"
Boss Hunter,"Spawn Point (-87.9 -42.4 272.3)",1,15,99,"(-87.9, -42.4, 272.3)"
Boss Hunter,"Spawn Point (-146.1 -3.6 -82.6)",1,15,99,"(-146.1, -3.6, -82.6)"
Boss Hunter,"Spawn Point (-234.6 -5.2 -174.9)",1,15,99,"(-234.6, -5.2, -174.9)"
Boss Hunter,"Spawn Point (-232.7 -29.8 193.0)",1,15,99,"(-232.7, -29.8, 193.0)"
Boss Hunter,"Spawn Point (-171.0 -5.1 -129.3)",1,15,99,"(-171.0, -5.1, -129.3)"
Chairman's House,"Chairman's House: Objective #1",1,0,99,"(407.2, -53.3, -46.5)"
Church,"Church: Objective #1",1,0,99,"(259.8, -54.1, -105.4)"
Priest's House,"Priest's House: Objective #1",1,0,99,"(287.6, -50.6, -43.3)"
Village,"Village: Objective #1",1,0,99,"(425.6, -54.2, 66.6)"
Village,"Village: Objective #2",1,0,99,"(434.8, -54.3, 79.4)"
Village,"Village: Objective #3",1,0,99,"(407.2, -54.2, 99.1)"
Village,"Village: Objective #4",2,0,99,"(414.0, -54.1, 159.7)"
Village,"Village: Objective #5",3,0,99,"(401.8, -54.1, 134.7)"
Village,"Village: Objective #6",1,0,99,"(448.2, -54.0, 149.9)"
Village,"Village: Objective #7",1,0,99,"(451.7, -54.5, 178.4)"
Cabins,"Cabins: Objective #1",1,0,99,"(348.9, -56.3, 152.2)"
Cabins,"Cabins: Objective #2",1,0,99,"(305.0, -56.3, 128.1)"
Cabins,"Cabins: Objective #3",2,0,99,"(313.0, -56.1, 156.5)"
Cabins,"Cabins: Objective #4",1,0,99,"(315.9, -56.3, 135.1)"
Cabins,"Cabins: Objective #5",1,0,99,"(299.3, -56.2, 116.0)"
Cabins,"Cabins: Objective #6",1,0,99,"(266.1, -56.2, 181.4)"
Cabins,"Cabins: Objective #7",1,0,99,"(323.2, -55.7, 133.8)"
West Cottage,"West Cottage: Objective #1",3,0,99,"(134.7, -45.4, 122.7)"
Cottage Garage,"Cottage Garage: Objective #1",1,0,99,"(124.0, -48.4, 130.7)"
Sanitar's House,"Sanitar's House: Objective #1",3,15,99,"(94.2, -45.4, 105.6)"
Scav Island Sniping,"Scav Island Sniping: Objective #1",2,0,99,"(232.5, -54.7, 280.6)"
Scav Island Sniping,"Scav Island Sniping: Objective #2",2,0,99,"(208.0, -54.4, 284.8)"
Scav Island Sniping,"Scav Island Sniping: Objective #3",2,0,99,"(140.1, -51.9, 289.4)"
Gas Station Sniping,"Gas Station Sniping: Objective #1",2,0,99,"(-108.2, -45.1, 367.4)"
Gas Station Sniping,"Gas Station Sniping: Objective #2",2,0,99,"(-122.2, -44.7, 354.2)"
Gas Station Sniping,"Gas Station Sniping: Objective #3",2,0,99,"(-138.0, -44.7, 335.0)"
Sniper Rock Sniping,"Sniper Rock Sniping: Objective #1",2,0,99,"(-256.0, -1.7, -289.7)"
Sniper Rock Sniping,"Sniper Rock Sniping: Objective #2",2,0,99,"(-251.4, -0.9, -274.3)"
Lookout,"Lookout: Objective #1",1,0,99,"(-195.2, -11.3, -243.2)"
Radio Tower,"Radio Tower: Objective #1",2,0,99,"(-705.1, -28.8, 107.2)"
Weather Station,"Weather Station: Objective #1",2,0,99,"(-515.2, -25.5, 238.4)"
Weather Station,"Weather Station: Objective #2",3,0,99,"(-514.6, -22.2, 237.8)"
Weather Station Tower Base,"Weather Station Tower Base: Objective #1",1,0,99,"(-509.7, -25.7, 269.4)"
Weather Station Tower Base,"Weather Station Tower Base: Objective #2",1,0,99,"(-519.2, -25.7, 277.3)"
Weather Station Shack,"Weather Station Shack: Objective #1",1,0,99,"(-464.6, -25.3, 272.6)"
Weather Station Sniping,"Weather Station Sniping: Objective #1",8,0,99,"(-507.5, -18.4, 233.9)"
Weather Station Tower Sniping,"Weather Station Tower Sniping: Objective #1",8,0,99,"(-506.6, -9.9, 258.6)"
Crane Sniping,"Crane Sniping: Objective #1",2,0,99,"(-720.9, -49.0, 427.0)"
Crane Sniping,"Crane Sniping: Objective #2",2,0,99,"(-678.0, -52.9, 428.2)"
Crane Sniping,"Crane Sniping: Objective #3",2,0,99,"(-558.5, -50.6, 393.1)"
Crane Sniping,"Crane Sniping: Objective #4",2,0,99,"(-468.5, -53.9, 432.4)"
Crane,"Crane: Objective #1",1,0,99,"(-641.1, -59.6, 471.8)"
Crane,"Crane: Objective #2",1,0,99,"(-577.0, -59.6, 469.0)"
Pier Sniping,"Pier Sniping: Objective #1",2,0,99,"(-353.0, -52.7, 428.3)"
Pier Sniping,"Pier Sniping: Objective #2",2,0,99,"(-311.0, -54.2, 416.6)"
Pier,"Pier: Objective #1",1,0,99,"(-313.5, -61.6, 486.1)"
Pier,"Pier: Objective #2",1,0,99,"(-312.9, -57.6, 479.4)"
Pier,"Pier: Objective #3",1,0,99,"(-324.3, -57.6, 487.9)"
Lighthouse,"Lighthouse: Objective #1",1,0,99,"(-459.3, -60.0, 565.8)"
Gas Station Sniping 2,"Gas Station Sniping 2: Objective #1",2,0,99,"(-286.0, -48.5, 361.9)"
Gas Station Sniping 2,"Gas Station Sniping 2: Objective #2",2,0,99,"(-266.2, -51.0, 343.4)"
Tank on Bridge,"Tank on Bridge: Objective #1",1,0,99,"(-353.6, -43.4, 188.2)"
Power Station Sniping,"Power Station Sniping: Objective #1",2,0,99,"(-278.6, -34.3, 160.9)"
Power Station Sniping,"Power Station Sniping: Objective #2",2,0,99,"(-278.1, -34.4, 177.5)"
Power Station Sniping,"Power Station Sniping: Objective #3",2,0,99,"(-280.4, -33.8, 200.5)"
Lighthouse Extract Sniper Area,"Lighthouse Extract Sniper Area: Objective #1",1,0,99,"(192.0, -40.7, -270.1)"
Lighthouse Extract Sniper Area Sniping,"Lighthouse Extract Sniper Area Sniping: Objective #1",2,0,99,"(95.2, -30.4, -236.9)"
Lighthouse Extract Sniper Area Sniping,"Lighthouse Extract Sniper Area Sniping: Objective #2",2,0,99,"(114.0, -32.3, -267.1)"
Bus Terminal,"Bus Terminal: Objective #1",1,0,99,"(-144.2, -21.9, 10.2)"
Bus Terminal,"Bus Terminal: Objective #2",3,0,99,"(-128.7, -21.6, -19.7)"
Bus Terminal,"Bus Terminal: Objective #3",2,0,99,"(-124.5, -21.6, -20.3)"
Power Station Sniping 2,"Power Station Sniping 2: Objective #1",2,0,99,"(-161.7, -32.1, 113.2)"
Resort Sniping,"Resort Sniping: Objective #1",4,0,99,"(-197.1, -17.7, 21.7)"
Power Station,"Power Station: Objective #1",1,0,99,"(-221.1, -34.7, 189.0)"
Power Station,"Power Station: Objective #2",1,0,99,"(-239.6, -40.6, 188.6)"
Power Station,"Power Station: Objective #3",1,0,99,"(-240.9, -40.6, 201.6)"
Fountain,"Fountain: Objective #1",2,0,99,"(-418.7, -20.5, -239.8)"
Gazebo,"Gazebo: Objective #1",1,0,99,"(-328.8, -15.1, -254.6)"
Helicoperter Shack,"Helicoperter Shack: Objective #1",1,0,99,"(-263.3, -5.0, -33.4)"
Resort West Wing Basement,"Resort West Wing Basement: Objective #1",1,0,99,"(-232.4, -7.0, -91.8)"
Resort West Wing 1st Floor,"Resort West Wing 1st Floor: Objective #1",1,0,99,"(-187.6, -3.7, -88.0)"
Resort West Wing 1st Floor,"Resort West Wing 1st Floor: Objective #2",1,0,99,"(-181.3, -3.7, -76.7)"
Resort West Wing 1st Floor,"Resort West Wing 1st Floor: Objective #3",1,0,99,"(-157.6, -3.7, -89.1)"
Resort West Wing 1st Floor,"Resort West Wing 1st Floor: Objective #4",1,0,99,"(-143.5, -3.7, -75.1)"
Resort West Wing 2nd Floor,"Resort West Wing 2nd Floor: Objective #1",1,0,99,"(-166.1, -0.8, -77.1)"
Resort West Wing 2nd Floor,"Resort West Wing 2nd Floor: Objective #2",1,0,99,"(-172.8, -0.8, -76.4)"
Resort West Wing 2nd Floor,"Resort West Wing 2nd Floor: Objective #3",1,0,99,"(-179.8, -0.8, -76.2)"
Resort West Wing 2nd Floor,"Resort West Wing 2nd Floor: Objective #4",1,0,99,"(-171.0, -0.8, -89.5)"
Resort West Wing 2nd Floor,"Resort West Wing 2nd Floor: Objective #5",1,0,99,"(-165.1, -0.8, -88.9)"
Resort West Wing 2nd Floor,"Resort West Wing 2nd Floor: Objective #6",1,0,99,"(-229.6, -0.8, -88.5)"
Resort West Wing 2nd Floor,"Resort West Wing 2nd Floor: Objective #7",1,0,99,"(-221.9, -0.8, -88.4)"
Resort West Wing 3rd Floor,"Resort West Wing 3rd Floor: Objective #1",1,0,99,"(-159.3, 2.1, -77.5)"
Resort West Wing 3rd Floor,"Resort West Wing 3rd Floor: Objective #2",1,0,99,"(-165.3, 2.1, -87.7)"
Resort West Wing 3rd Floor,"Resort West Wing 3rd Floor: Objective #3",1,0,99,"(-196.0, 2.1, -76.0)"
Resort West Wing 3rd Floor,"Resort West Wing 3rd Floor: Objective #4",1,0,99,"(-216.6, 2.1, -88.1)"
Resort West Wing 3rd Floor,"Resort West Wing 3rd Floor: Objective #5",1,0,99,"(-223.3, 2.1, -101.6)"
Resort West Wing 3rd Floor,"Resort West Wing 3rd Floor: Objective #6",1,0,99,"(-227.4, 2.1, -102.1)"
Resort Main Basement,"Resort Main Basement: Objective #1",1,0,99,"(-255.0, -7.1, -144.9)"
Resort Main 1st Floor,"Resort Main 1st Floor: Objective #1",1,0,99,"(-252.7, -1.3, -149.6)"
Resort Main 2nd Floor,"Resort Main 2nd Floor: Objective #1",1,0,99,"(-267.6, -0.8, -147.0)"
Resort Main 2nd Floor,"Resort Main 2nd Floor: Objective #2",1,0,99,"(-263.9, -0.7, -150.0)"
Resort Main 2nd Floor,"Resort Main 2nd Floor: Objective #3",1,0,99,"(-272.7, -0.8, -132.3)"
Resort Main 2nd Floor,"Resort Main 2nd Floor: Objective #4",1,0,99,"(-249.3, -0.8, -128.4)"
Resort Main 2nd Floor,"Resort Main 2nd Floor: Objective #5",1,0,99,"(-242.1, -0.8, -152.1)"
Resort Main 2nd Floor,"Resort Main 2nd Floor: Objective #6",1,0,99,"(-237.9, -0.8, -134.6)"
Resort East Wing 1st Floor,"Resort East Wing 1st Floor: Objective #1",1,0,99,"(-323.1, -3.7, -76.7)"
Resort East Wing 1st Floor,"Resort East Wing 1st Floor: Objective #2",1,0,99,"(-326.9, -3.7, -78.0)"
Resort East Wing 2nd Floor,"Resort East Wing 2nd Floor: Objective #1",1,0,99,"(-286.6, -0.8, -88.4)"
Resort East Wing 2nd Floor,"Resort East Wing 2nd Floor: Objective #2",1,0,99,"(-295.8, -0.8, -96.8)"
Resort East Wing 2nd Floor,"Resort East Wing 2nd Floor: Objective #3",1,0,99,"(-307.1, -0.8, -89.0)"
Resort East Wing 2nd Floor,"Resort East Wing 2nd Floor: Objective #4",1,0,99,"(-313.1, -0.8, -88.5)"
Resort East Wing 2nd Floor,"Resort East Wing 2nd Floor: Objective #5",1,0,99,"(-331.3, -0.8, -76.3)"
Resort East Wing 2nd Floor,"Resort East Wing 2nd Floor: Objective #6",1,0,99,"(-342.8, -0.8, -88.1)"
Resort East Wing 2nd Floor,"Resort East Wing 2nd Floor: Objective #7",1,0,99,"(-338.8, -0.8, -88.4)"
Resort East Wing 2nd Floor,"Resort East Wing 2nd Floor: Objective #8",1,0,99,"(-345.1, -0.8, -89.1)"
Resort East Wing 2nd Floor,"Resort East Wing 2nd Floor: Objective #9",1,0,99,"(-351.1, -0.8, -88.5)"
Resort East Wing 2nd Floor,"Resort East Wing 2nd Floor: Objective #10",1,0,99,"(-355.2, -0.8, -88.2)"
Resort East Wing 3rd Floor,"Resort East Wing 3rd Floor: Objective #1",1,0,99,"(-361.3, 2.1, -75.4)"
Resort East Wing 3rd Floor,"Resort East Wing 3rd Floor: Objective #2",1,0,99,"(-356.6, 2.1, -75.6)"
Resort East Wing 3rd Floor,"Resort East Wing 3rd Floor: Objective #3",1,0,99,"(-342.9, 2.1, -89.7)"
Resort East Wing 3rd Floor,"Resort East Wing 3rd Floor: Objective #4",1,0,99,"(-324.2, 2.1, -76.7)"
Resort East Wing 3rd Floor,"Resort East Wing 3rd Floor: Objective #5",1,0,99,"(-318.4, 2.1, -88.7)"
Resort East Wing 3rd Floor,"Resort East Wing 3rd Floor: Objective #6",1,0,99,"(-313.0, 2.1, -87.7)"
Resort East Wing 3rd Floor,"Resort East Wing 3rd Floor: Objective #7",1,0,99,"(-302.5, 2.1, -76.1)"
Resort East Wing 3rd Floor,"Resort East Wing 3rd Floor: Objective #8",1,0,99,"(-293.9, 2.1, -88.1)"
Resort East Wing 3rd Floor,"Resort East Wing 3rd Floor: Objective #9",1,0,99,"(-286.6, 2.1, -89.1)"
Tunnel Camping,"Tunnel Camping: Objective #1",2,0,99,"(391.3, -49.1, 281.8)"
Smuggler's Base Perimeter,"Smuggler's Base Perimeter: Objective #1",2,0,99,"(-659.9, -26.9, -150.5)"
Smuggler's Base Perimeter,"Smuggler's Base Perimeter: Objective #2",2,0,99,"(-652.4, -26.9, -151.8)"
Smuggler's Base Perimeter,"Smuggler's Base Perimeter: Objective #3",2,0,99,"(-619.2, -29.9, -159.9)"
Smuggler's Base Perimeter,"Smuggler's Base Perimeter: Objective #4",2,0,99,"(-591.3, -29.9, -176.1)"
Smuggler's Base Perimeter,"Smuggler's Base Perimeter: Objective #5",2,0,99,"(-613.8, -24.3, -214.0)"
Smuggler's Base Lower,"Smuggler's Base Lower: Objective #1",1,0,99,"(-659.6, -26.9, -160.4)"
Smuggler's Base Lower,"Smuggler's Base Lower: Objective #2",1,0,99,"(-637.1, -29.9, -178.8)"
Smuggler's Base Lower,"Smuggler's Base Lower: Objective #3",1,0,99,"(-622.1, -29.9, -177.4)"
Smuggler's Base Lower,"Smuggler's Base Lower: Objective #4",1,0,99,"(-613.2, -29.9, -178.6)"
Smuggler's Base Lower,"Smuggler's Base Lower: Objective #5",1,0,99,"(-605.9, -29.9, -176.4)"
Smuggler's Base Lower,"Smuggler's Base Lower: Objective #6",1,0,99,"(-597.1, -29.9, -179.3)"
Smuggler's Base Lower,"Smuggler's Base Lower: Objective #7",1,0,99,"(-596.0, -29.9, -175.1)"
Smuggler's Base Lower,"Smuggler's Base Lower: Objective #8",1,0,99,"(-598.2, -29.9, -185.2)"
Smuggler's Base Lower,"Smuggler's Base Lower: Objective #9",1,0,99,"(-638.3, -29.9, -194.4)"
Smuggler's Base Upper,"Smuggler's Base Upper: Objective #1",1,0,99,"(-634.7, -26.7, -223.5)"
Smuggler's Base Upper,"Smuggler's Base Upper: Objective #2",1,0,99,"(-613.3, -26.7, -213.1)"
Smuggler's Base Upper,"Smuggler's Base Upper: Objective #3",1,0,99,"(-622.1, -26.8, -231.5)"
Smuggler's Base Upper,"Smuggler's Base Upper: Objective #4",1,0,99,"(-626.1, -26.9, -232.0)"
Smuggler's Base Upper,"Smuggler's Base Upper: Objective #5",1,0,99,"(-632.1, -26.9, -246.9)"
Smuggler's Base Upper,"Smuggler's Base Upper: Objective #6",1,0,99,"(-627.9, -26.9, -249.7)"
Smuggler's Base Upper,"Smuggler's Base Upper: Objective #7",1,0,99,"(-638.7, -26.9, -243.9)"
Smuggler's Base Upper,"Smuggler's Base Upper: Objective #8",1,0,99,"(-655.2, -26.9, -217.7)"
Smuggler's Base Upper,"Smuggler's Base Upper: Objective #9",1,0,99,"(-679.4, -26.8, -244.6)"
Smuggler's Base Upper,"Smuggler's Base Upper: Objective #10",1,0,99,"(-669.2, -26.8, -247.9)"
Smuggler's Base VEX Buildings,"Smuggler's Base VEX Buildings: Objective #1",1,0,99,"(-536.2, -18.5, -337.3)"
Smuggler's Base VEX Buildings,"Smuggler's Base VEX Buildings: Objective #2",1,0,99,"(-519.9, -15.9, -340.4)"
Smuggler's Base VEX Buildings,"Smuggler's Base VEX Buildings: Objective #3",1,0,99,"(-514.2, -18.4, -324.2)"
Smuggler's Base VEX Buildings,"Smuggler's Base VEX Buildings: Objective #4",1,0,99,"(-512.3, -18.6, -341.1)"
