Bot Name,Bot Nickname,Bot Level,Assignment Status,Quest Name,Objective Name,Step Number,Start Time,End Time
Bot88,"Fiaf",1,Completed,"Sunken Village","Sunken Village: Objective #1","1","18:31:40","18:35:11",
Bot88,"Fiaf",1,Completed,"Sunken Village","Sunken Village: Objective #3","1","18:35:16","18:37:16",
Bot88,"Fiaf",1,Completed,"Sunken Village","Sunken Village: Objective #2","1","18:37:22","18:38:50",
Bot88,"Fiaf",1,Failed,"USEC Camp South","USEC Camp South: Objective #3","1","18:38:55","18:46:11",
Bot89,"Mylu",19,Completed,"Steady Signal","Zone q14_8_3","1","18:31:41","18:48:10",
Bot89,"Mylu",19,Completed,"Steady Signal","Zone q14_8_2","1","18:48:15","18:50:06",
Bot89,"Mylu",19,Completed,"Steady Signal","Zone q14_8_5","1","18:50:11","18:53:25",
Bot89,"Mylu",19,Failed,"Scav Base Sniping","Scav Base Sniping: Objective #1","1","18:53:30","18:59:48",
Bot89,"Mylu",19,Completed,"Scav Base","Scav Base: Objective #2","4","18:55:47","18:57:44",
Bot89,"Mylu",19,Completed,"Scav Base","Scav Base: Objective #3","1","18:57:49","18:57:57",
Bot89,"Mylu",19,Completed,"Scav Base","Scav Base: Objective #4","2","18:58:02","18:58:32",
Bot89,"Mylu",19,Failed,"Scav Base","Scav Base: Objective #1","2","18:58:37","18:59:48",
Bot90,"Kronzky",3,Completed,"Introduction","Item Encrypted message","1","18:31:41","18:32:49",
Bot90,"Kronzky",3,Completed,"Introduction","Zone huntsman_001","1","18:32:55","18:33:02",
Bot90,"Kronzky",3,Completed,"The Survivalist Path - Thrifty","Zone huntsman_005_1","2","18:33:07","18:34:45",
Bot90,"Kronzky",3,Completed,"The Survivalist Path - Thrifty","Zone huntsman_005_2","2","18:34:50","18:46:08",
Bot90,"Kronzky",3,Failed,"Weapon Storage Shack","Weapon Storage Shack: Objective #1","1","18:46:13","18:46:16",
Bot96,"Ngst",7,Completed,"RUAF Roadblock Crates","RUAF Roadblock Crates: Objective #1","1","18:31:45","18:31:52",
Bot96,"Ngst",7,Completed,"RUAF Roadblock Crates","RUAF Roadblock Crates: Objective #2","1","18:31:57","18:32:23",
Bot96,"Ngst",7,Archived,"Scav Base","Scav Base: Objective #1","5","18:32:28","18:35:05",
Bot96,"Ngst",7,Archived,"Scav Base","Scav Base: Objective #4","2","18:35:10","18:35:37",
Bot96,"Ngst",7,Archived,"Scav Base","Scav Base: Objective #3","1","18:35:42","N/A",
Bot96,"Ngst",7,Archived,"Scav Base","Scav Base: Objective #2","4","18:36:13","18:38:13",
Bot96,"Ngst",7,Completed,"Introduction","Zone huntsman_001","1","18:38:18","18:44:11",
Bot96,"Ngst",7,Completed,"Introduction","Item Encrypted message","1","18:44:16","18:45:14",
Bot96,"Ngst",7,Completed,"The Survivalist Path - Thrifty","Zone huntsman_005_1","2","18:45:19","18:46:32",
Bot96,"Ngst",7,Failed,"The Survivalist Path - Thrifty","Zone huntsman_005_2","1","18:46:37","18:51:57",
Bot97,"DevilFlippy",6,Failed,"RUAF Roadblock Sniping","RUAF Roadblock Sniping: Objective #1","1","18:31:45","18:39:40",
Bot99,"Asian69Lover",22,Completed,"Steady Signal","Zone q14_8_4","1","18:31:46","18:31:49",
Bot99,"Asian69Lover",22,Completed,"Steady Signal","Zone q14_8_5","1","18:31:54","18:43:22",
Bot99,"Asian69Lover",22,Completed,"Scav Base","Scav Base: Objective #2","4","18:43:27","18:47:02",
Bot99,"Asian69Lover",22,Completed,"Scav Base","Scav Base: Objective #3","1","18:47:07","18:47:28",
Bot99,"Asian69Lover",22,Completed,"Scav Base","Scav Base: Objective #4","2","18:47:33","18:48:37",
Bot99,"Asian69Lover",22,Completed,"Scav Base","Scav Base: Objective #1","5","18:48:42","18:50:31",
Bot99,"Asian69Lover",22,Failed,"RUAF Roadblock Crates","RUAF Roadblock Crates: Objective #1","1","18:50:36","19:00:53",
Bot99,"Asian69Lover",22,Completed,"RUAF Roadblock Crates","RUAF Roadblock Crates: Objective #2","1","18:51:41","18:55:37",
Bot99,"Asian69Lover",22,Failed,"RUAF Roadblock Sniping","RUAF Roadblock Sniping: Objective #1","1","18:55:42","19:00:53",
Bot100,"Ratthew",20,Completed,"Steady Signal","Zone q14_8_4","1","18:31:47","18:31:50",
Bot100,"Ratthew",20,Pending,"Steady Signal","Zone q14_8_5","1","18:31:55","N/A",
Bot117,"NugentGL",19,Failed,"Steady Signal","Zone q14_8_3","1","18:37:50","18:50:23",
Bot116,"ODT",2,Completed,"Sunken Village","Sunken Village: Objective #1","1","18:37:50","18:37:56",
Bot116,"ODT",2,Completed,"Sunken Village","Sunken Village: Objective #3","1","18:38:01","18:39:03",
Bot116,"ODT",2,Pending,"Sunken Village","Sunken Village: Objective #2","1","18:39:08","N/A",
Bot116,"ODT",2,Completed,"USEC Camp North","USEC Camp North: Objective #1","3","18:41:35","18:46:54",
Bot116,"ODT",2,Pending,"USEC Camp North","USEC Camp North: Objective #2","1","18:46:59","N/A",
Bot116,"ODT",2,Completed,"USEC Camp North","USEC Camp North: Objective #3","1","18:47:21","18:47:26",
Bot116,"ODT",2,Completed,"USEC Camp North","USEC Camp North: Objective #4","2","18:47:31","18:47:55",
Bot116,"ODT",2,Completed,"USEC Camp South","USEC Camp South: Objective #1","3","18:48:00","18:52:32",
Bot116,"ODT",2,Completed,"USEC Camp South","USEC Camp South: Objective #2","1","18:52:37","18:52:45",
Bot116,"ODT",2,Completed,"USEC Camp South","USEC Camp South: Objective #3","4","18:52:50","18:53:31",
Bot116,"ODT",2,Completed,"Scav Bunker","Scav Bunker: Objective #1","2","18:53:37","18:55:26",
Bot116,"ODT",2,Pending,"Scav Bunker","Scav Bunker: Objective #3","1","18:55:31","N/A",
Bot123,"Biohazard6165",7,Completed,"The Survivalist Path - Thrifty","Zone huntsman_005_2","2","18:39:56","18:41:21",
Bot123,"Biohazard6165",7,Completed,"The Survivalist Path - Thrifty","Zone huntsman_005_1","2","18:41:26","18:49:55",
Bot123,"Biohazard6165",7,Failed,"Scav Base","Scav Base: Objective #2","1","18:50:00","18:50:29",
Bot123,"Biohazard6165",7,Completed,"Scav Base","Scav Base: Objective #3","1","18:50:34","18:53:17",
Bot123,"Biohazard6165",7,Completed,"Scav Base","Scav Base: Objective #4","2","18:53:22","18:53:47",
Bot123,"Biohazard6165",7,Completed,"Scav Base","Scav Base: Objective #1","5","18:53:52","18:55:26",
Bot123,"Biohazard6165",7,Failed,"Sawmill Shack","Sawmill Shack: Objective #1","1","18:55:31","18:58:04",
Bot130,"Вовчик Насвай (SirTyler)",1,Failed,"USEC Camp South","USEC Camp South: Objective #3","1","18:42:38","18:44:07",
Bot132,"Денис Алмазный (T90Commander)",1,Completed,"Sawmill Shack","Sawmill Shack: Objective #1","2","18:44:21","18:44:58",
Bot132,"Денис Алмазный (T90Commander)",1,Failed,"Sawmill Marked Circle","Sawmill Marked Circle: Objective #1","1","18:45:03","18:58:52",
Bot132,"Денис Алмазный (T90Commander)",1,Completed,"Sniper Rock Crates","Sniper Rock Crates: Objective #1","1","18:45:35","18:47:45",
Bot132,"Денис Алмазный (T90Commander)",1,Completed,"Sniper Rock Crates","Sniper Rock Crates: Objective #3","1","18:47:50","18:48:10",
Bot132,"Денис Алмазный (T90Commander)",1,Completed,"Sniper Rock Crates","Sniper Rock Crates: Objective #2","1","18:48:15","18:48:37",
Bot132,"Денис Алмазный (T90Commander)",1,Failed,"Scav Base","Scav Base: Objective #2","2","18:48:42","18:58:52",
Bot134,"matt",15,Completed,"Steady Signal","Zone q14_8_3","1","18:45:04","18:46:18",
Bot134,"matt",15,Completed,"Steady Signal","Zone q14_8_2","1","18:46:23","18:47:41",
Bot134,"matt",15,Active,"Steady Signal","Zone q14_8_5","1","18:47:46","N/A",
Bot138,"Пров Пекуш (Revingly)",1,Failed,"Weapon Storage Shack","Weapon Storage Shack: Objective #1","1","18:48:17","18:51:46",
Bot139,"Илюша Монгол (btdc00)",1,Failed,"Scav Base","Scav Base: Objective #1","1","18:50:06","18:51:13",
Bot142,"Faupi",15,Failed,"Sawmill Shack","Sawmill Shack: Objective #1","1","18:50:16","18:58:18",
Bot141,"",9,Failed,"Scav Base Sniping","Scav Base Sniping: Objective #1","1","18:50:16","18:58:55",
Bot141,"",9,Completed,"Sawmill Patrol","Sawmill Patrol: Objective #5","2","18:50:16","18:52:33",
Bot141,"",9,Failed,"Sawmill Patrol","Sawmill Patrol: Objective #3","2","18:52:38","18:58:55",
Bot141,"",9,Failed,"Sawmill Patrol","Sawmill Patrol: Objective #4","2","18:54:17","18:58:55",
Bot143,"Kronzky",4,Failed,"Scav Base","Scav Base: Objective #2","1","18:50:17","18:59:14",
Bot144,"DewardianDev",9,Failed,"Sawmill Shack","Sawmill Shack: Objective #1","1","18:50:17","18:58:37",
Bot145,"Севастьян Блатной (Conqueror_Alex)",1,Completed,"Sawmill Marked Circle","Sawmill Marked Circle: Objective #1","1","18:50:40","18:50:46",
Bot145,"Севастьян Блатной (Conqueror_Alex)",1,Failed,"Sawmill Shack","Sawmill Shack: Objective #1","1","18:50:51","18:56:35",
Bot152,"Альберт Самогон (TonioX)",1,Pending,"ZB014 Outhouses","ZB014 Outhouses: Objective #1","1","18:52:19","N/A",
Bot155,"Вася Клюй (MMX)",1,Failed,"RUAF Roadblock Crates","RUAF Roadblock Crates: Objective #2","1","18:54:50","18:54:56",
Bot157,"Borkel",16,Completed,"Sawmill Cabins","Sawmill Cabins: Objective #1","2","18:55:32","19:03:41",
Bot157,"Borkel",16,Completed,"Sawmill Cabins","Sawmill Cabins: Objective #2","2","19:03:46","19:04:07",
Bot157,"Borkel",16,Completed,"Sawmill Cabins","Sawmill Cabins: Objective #3","1","19:04:12","19:04:32",
Bot157,"Borkel",16,Pending,"Sawmill Patrol","Sawmill Patrol: Objective #1","2","19:04:38","N/A",
Bot157,"Borkel",16,Pending,"Sawmill Patrol","Sawmill Patrol: Objective #2","2","19:06:13","N/A",
Bot157,"Borkel",16,Completed,"Sawmill Patrol","Sawmill Patrol: Objective #4","2","19:06:43","19:07:20",
Bot157,"Borkel",16,Pending,"Sawmill Patrol","Sawmill Patrol: Objective #5","2","19:07:25","N/A",
Bot158,"G10rgos",8,Completed,"Sawmill Cabins","Sawmill Cabins: Objective #1","2","18:55:32","19:05:51",
Bot158,"G10rgos",8,Completed,"Sawmill Cabins","Sawmill Cabins: Objective #2","2","19:05:56","19:06:10",
Bot158,"G10rgos",8,Completed,"Sawmill Cabins","Sawmill Cabins: Objective #3","1","19:06:16","19:06:20",
Bot158,"G10rgos",8,Pending,"Sawmill Patrol","Sawmill Patrol: Objective #1","1","19:06:25","N/A",
Bot158,"G10rgos",8,Completed,"Sawmill Patrol","Sawmill Patrol: Objective #2","2","19:07:16","19:08:15",
Bot158,"G10rgos",8,Pending,"Sawmill Patrol","Sawmill Patrol: Objective #4","1","19:08:20","N/A",
Bot162,"Тихон Коряга (Claus1978)",1,Completed,"Weapon Storage Shack","Weapon Storage Shack: Objective #1","1","18:57:05","19:03:21",
Bot162,"Тихон Коряга (Claus1978)",1,Completed,"Sawmill Checkpoint","Sawmill Checkpoint: Objective #1","4","19:03:26","19:05:35",
Bot162,"Тихон Коряга (Claus1978)",1,Active,"Sawmill Shack","Sawmill Shack: Objective #1","1","19:05:40","N/A",
Bot163,"XkaOnslaught",7,Active,"Sniper Rock Crates","Sniper Rock Crates: Objective #2","1","18:57:56","N/A",
Bot165,"CreamCheese",15,Pending,"Spine","Spine: Objective #1","1","18:57:57","N/A",
Bot164,"Cannuccia",22,Active,"Spine","Spine: Objective #1","1","18:57:57","N/A",
Bot166,"kikirio",4,Pending,"Scav Base Sniping","Scav Base Sniping: Objective #1","1","18:57:58","N/A",
Bot169,"cowkiller19",3,Failed,"RUAF Roadblock Crates","RUAF Roadblock Crates: Objective #1","1","18:58:30","19:06:55",
Bot171,"Bedalek",9,Failed,"Scav Base","Scav Base: Objective #3","1","18:58:31","19:04:07",
Bot170,"TimmyGG",22,Failed,"Scav Base","Scav Base: Objective #3","1","18:58:31","19:04:10",
Bot172,"Mr_Pudlik",21,Failed,"Scav Base","Scav Base: Objective #3","1","18:58:32","19:02:03",
Bot174,"Владик Макака (jennacide)",1,Completed,"Sniper Rock Crates","Sniper Rock Crates: Objective #1","1","18:58:43","18:59:17",
Bot174,"Владик Макака (jennacide)",1,Completed,"Sniper Rock Crates","Sniper Rock Crates: Objective #3","1","18:59:22","18:59:42",
Bot174,"Владик Макака (jennacide)",1,Completed,"Sniper Rock Crates","Sniper Rock Crates: Objective #2","1","18:59:47","19:00:04",
Bot174,"Владик Макака (jennacide)",1,Completed,"Scav Town","Scav Town: Objective #2","1","19:00:09","19:01:40",
Bot180,"halik92",1,Completed,"Sniper Rock Crates","Sniper Rock Crates: Objective #1","1","19:01:37","19:03:02",
Bot180,"halik92",1,Completed,"Sniper Rock Crates","Sniper Rock Crates: Objective #3","1","19:03:07","19:03:40",
Bot180,"halik92",1,Completed,"Sniper Rock Crates","Sniper Rock Crates: Objective #2","1","19:03:45","19:04:12",
Bot180,"halik92",1,Active,"Sawmill Shack","Sawmill Shack: Objective #1","1","19:04:17","N/A",
Bot183,"Борис Горностай (svbtext)",1,Active,"Scav Town","Scav Town: Objective #2","1","19:02:06","N/A",
Bot184,"Сава Шпингалет (zicoman)",1,Completed,"Sawmill Checkpoint Nearby Rocks","Sawmill Checkpoint Nearby Rocks: Objective #1","1","19:02:12","19:02:42",
Bot184,"Сава Шпингалет (zicoman)",1,Completed,"Sawmill Camp","Sawmill Camp: Objective #1","1","19:02:47","19:04:10",
Bot184,"Сава Шпингалет (zicoman)",1,Completed,"Weapon Storage Shack","Weapon Storage Shack: Objective #1","1","19:04:15","19:04:50",
Bot184,"Сава Шпингалет (zicoman)",1,Completed,"Sawmill Marked Circle","Sawmill Marked Circle: Objective #1","1","19:04:56","19:06:20",
Bot184,"Сава Шпингалет (zicoman)",1,Pending,"Sawmill Checkpoint","Sawmill Checkpoint: Objective #1","1","19:06:25","N/A",
Bot189,"Trappussy",22,Completed,"Scav Base","Scav Base: Objective #3","1","19:04:57","19:04:59",
Bot189,"Trappussy",22,Completed,"Scav Base","Scav Base: Objective #2","4","19:05:04","19:06:27",
Bot189,"Trappussy",22,Failed,"Scav Base","Scav Base: Objective #4","1","19:06:32","19:08:01",
Bot190,"Dueleus",19,Completed,"Scav Base","Scav Base: Objective #3","1","19:04:58","19:05:01",
Bot190,"Dueleus",19,Pending,"Scav Base","Scav Base: Objective #2","1","19:05:06","N/A",
Bot191,"Андрюха Грустный (lualeet)",1,Pending,"Weapon Storage Shack","Weapon Storage Shack: Objective #1","1","19:05:57","N/A",
Bot192,"Рома Фторопласт (Arys)",1,Completed,"Sawmill Marked Circle","Sawmill Marked Circle: Objective #1","1","19:06:25","19:06:32",
Bot192,"Рома Фторопласт (Arys)",1,Completed,"Sawmill Checkpoint","Sawmill Checkpoint: Objective #1","4","19:06:37","19:07:34",
Bot194,"Вадимка Новогодний (Props)",1,Pending,"Sawmill Checkpoint","Sawmill Checkpoint: Objective #1","1","19:06:25","N/A",
Bot195,"DannyR121",10,Pending,"Scav Base Sniping","Scav Base Sniping: Objective #1","1","19:06:44","N/A",
Bot195,"DannyR121",10,Active,"Scav Base","Scav Base: Objective #2","1","19:06:59","N/A",
Bot196,"Pherik",14,Pending,"Sawmill Warehouse","Sawmill Warehouse: Objective #2","1","19:06:45","N/A",
Bot197,"Massivesoft",20,Pending,"Sawmill Cabins","Sawmill Cabins: Objective #1","1","19:06:46","N/A",
Bot198,"SirTyler",11,Pending,"Sawmill Camp","Sawmill Camp: Objective #1","1","19:06:46","N/A",
