Quest Name,Objective,Steps,Min Level,Max Level,First Step Position
Supply Plans,"Item Secure Folder 0052",1,13,31,"(-3.3, -1.5, -80.7)"
The Cult - Part 2,"Zone place_peacemaker_007_2_N2",1,18,41,"(196.0, 0.4, -7.2)"
The Cult - Part 2,"Zone place_peacemaker_007_2_N2_1",1,18,41,"(-88.7, 12.4, -717.6)"
Health Care Privacy - Part 3,"Zone ter_015_area_1",1,20,45,"(-97.2, -15.5, 219.8)"
Health Care Privacy - Part 3,"Item Blood sample",1,20,45,"(-94.5, -16.4, 218.6)"
Gratitude,"Zone place_THX_15",2,15,35,"(23.8, -16.2, 99.8)"
Informed Means Armed,"Zone place_skier_11_1",2,24,51,"(31.1, -13.8, 83.0)"
Lend-Lease - Part 1,"Item Motor Controller #1",1,25,53,"(233.8, -0.3, -71.1)"
Lend-Lease - Part 1,"Item Single-axis Fiber Optic Gyroscope #1",1,25,53,"(57.1, -2.6, -49.4)"
Chumming,"Zone place_skier_12_3",2,24,51,"(-6.2, -1.5, -74.8)"
The Blood of War - Part 3,"Zone bar_fuel3_1",1,30,60,"(356.3, -0.6, -87.1)"
The Blood of War - Part 3,"Zone bar_fuel3_2",1,30,60,"(-325.1, 15.3, 23.7)"
The Blood of War - Part 3,"Zone bar_fuel3_3",1,30,60,"(-199.5, 30.4, -210.9)"
Introduction,"Zone huntsman_001",1,2,11,"(-256.0, 8.5, 9.9)"
Introduction,"Item Encrypted message",1,2,11,"(-256.8, 8.6, 7.9)"
The Survivalist Path - Thrifty,"Zone huntsman_005_1",2,2,11,"(-386.8, 3.3, 22.6)"
The Survivalist Path - Thrifty,"Zone huntsman_005_2",2,2,11,"(447.7, -14.2, 70.5)"
Search Mission,"Zone pr_scout_col",1,5,17,"(195.6, 10.9, -595.8)"
Search Mission,"Zone pr_scout_base",1,5,17,"(283.1, 23.1, -439.4)"
Assessment - Part 2,"Zone meh_45_radio_area_mark_1",1,35,70,"(222.2, 20.2, -706.6)"
Assessment - Part 2,"Zone meh_45_radio_area_mark_2",1,35,70,"(-156.1, 51.2, -273.3)"
Assessment - Part 2,"Zone meh_45_radio_area_mark_3",1,35,70,"(-157.8, 45.9, -233.2)"
Assessment - Part 2,"Zone meh_45_radio_area_mark_4",1,35,70,"(446.3, -14.2, 69.2)"
Return the Favor,"Zone place_keeper5_1",2,35,70,"(289.5, 22.9, -438.1)"
Return the Favor,"Zone place_keeper5_2",2,35,70,"(293.2, 22.9, -507.3)"
Steady Signal,"Zone q14_8_1",1,15,35,"(412.5, 12.9, -608.5)"
Steady Signal,"Zone q14_8_2",1,15,35,"(-209.3, 76.0, -278.9)"
Steady Signal,"Zone q14_8_3",1,15,35,"(-96.9, 12.4, -542.7)"
Steady Signal,"Zone q14_8_4",1,15,35,"(247.3, -10.0, 291.2)"
Steady Signal,"Zone q14_8_5",1,15,35,"(-447.3, 1.1, 249.0)"
Spawn Point Wander,"Spawn Point (370.7 17.3 -595.7)",1,0,99,"(370.7, 17.3, -595.7)"
Spawn Point Wander,"Spawn Point (487.4 -18.7 331.3)",1,0,99,"(487.4, -18.7, 331.3)"
Spawn Point Wander,"Spawn Point (-517.3 14.9 -366.0)",1,0,99,"(-517.3, 14.9, -366.0)"
Spawn Point Wander,"Spawn Point (366.0 13.9 -698.0)",1,0,99,"(366.0, 13.9, -698.0)"
Spawn Point Wander,"Spawn Point (-414.2 16.7 -362.9)",1,0,99,"(-414.2, 16.7, -362.9)"
Spawn Point Wander,"Spawn Point (-276.0 -1.1 334.3)",1,0,99,"(-276.0, -1.1, 334.3)"
Spawn Point Wander,"Spawn Point (410.8 -5.4 13.4)",1,0,99,"(410.8, -5.4, 13.4)"
Spawn Point Wander,"Spawn Point (280.4 8.3 -674.5)",1,0,99,"(280.4, 8.3, -674.5)"
Spawn Point Wander,"Spawn Point (-63.1 9.8 -587.3)",1,0,99,"(-63.1, 9.8, -587.3)"
Spawn Point Wander,"Spawn Point (-420.2 12.2 -509.6)",1,0,99,"(-420.2, 12.2, -509.6)"
Spawn Point Wander,"Spawn Point (-277.4 -1.5 329.7)",1,0,99,"(-277.4, -1.5, 329.7)"
Spawn Point Wander,"Spawn Point (368.7 -1.6 -81.7)",1,0,99,"(368.7, -1.6, -81.7)"
Spawn Point Wander,"Spawn Point (-522.8 -2.6 218.6)",1,0,99,"(-522.8, -2.6, 218.6)"
Spawn Point Wander,"Spawn Point (-441.5 0.2 344.8)",1,0,99,"(-441.5, 0.2, 344.8)"
Spawn Point Wander,"Spawn Point (-540.7 5.0 188.1)",1,0,99,"(-540.7, 5.0, 188.1)"
Spawn Point Wander,"Spawn Point (-615.0 14.7 -329.0)",1,0,99,"(-615.0, 14.7, -329.0)"
Spawn Point Wander,"Spawn Point (-84.2 8.8 -607.8)",1,0,99,"(-84.2, 8.8, -607.8)"
Spawn Point Wander,"Spawn Point (-519.5 12.6 -156.3)",1,0,99,"(-519.5, 12.6, -156.3)"
Spawn Point Wander,"Spawn Point (-496.5 5.6 81.5)",1,0,99,"(-496.5, 5.6, 81.5)"
Spawn Point Wander,"Spawn Point (268.5 17.5 -756.9)",1,0,99,"(268.5, 17.5, -756.9)"
Spawn Point Wander,"Spawn Point (518.4 -20.9 264.3)",1,0,99,"(518.4, -20.9, 264.3)"
Spawn Point Wander,"Spawn Point (-420.2 11.3 -519.4)",1,0,99,"(-420.2, 11.3, -519.4)"
Spawn Point Wander,"Spawn Point (-544.3 11.0 -438.9)",1,0,99,"(-544.3, 11.0, -438.9)"
Spawn Point Wander,"Spawn Point (-155.2 18.3 -620.4)",1,0,99,"(-155.2, 18.3, -620.4)"
Spawn Point Wander,"Spawn Point (-94.1 -1.3 387.8)",1,0,99,"(-94.1, -1.3, 387.8)"
Spawn Point Wander,"Spawn Point (-108.5 10.1 -609.9)",1,0,99,"(-108.5, 10.1, -609.9)"
Spawn Point Wander,"Spawn Point (-265.8 10.6 -632.2)",1,0,99,"(-265.8, 10.6, -632.2)"
Spawn Point Wander,"Spawn Point (231.4 26.2 -314.4)",1,0,99,"(231.4, 26.2, -314.4)"
Spawn Point Wander,"Spawn Point (-354.7 1.0 239.6)",1,0,99,"(-354.7, 1.0, 239.6)"
Spawn Point Wander,"Spawn Point (-54.1 8.9 -579.4)",1,0,99,"(-54.1, 8.9, -579.4)"
Spawn Point Wander,"Spawn Point (442.5 -17.5 261.2)",1,0,99,"(442.5, -17.5, 261.2)"
Spawn Point Wander,"Spawn Point (371.0 -1.8 -73.3)",1,0,99,"(371.0, -1.8, -73.3)"
Spawn Point Wander,"Spawn Point (-518.7 7.3 145.4)",1,0,99,"(-518.7, 7.3, 145.4)"
Spawn Point Wander,"Spawn Point (-174.5 9.4 -713.9)",1,0,99,"(-174.5, 9.4, -713.9)"
Spawn Point Wander,"Spawn Point (-429.0 25.5 -81.7)",1,0,99,"(-429.0, 25.5, -81.7)"
Spawn Point Wander,"Spawn Point (-331.6 18.5 -138.9)",1,0,99,"(-331.6, 18.5, -138.9)"
Spawn Point Wander,"Spawn Point (-390.6 -8.6 113.8)",1,0,99,"(-390.6, -8.6, 113.8)"
Spawn Point Wander,"Spawn Point (-181.3 34.1 -164.1)",1,0,99,"(-181.3, 34.1, -164.1)"
Spawn Point Wander,"Spawn Point (-12.3 13.8 -229.3)",1,0,99,"(-12.3, 13.8, -229.3)"
Spawn Point Wander,"Spawn Point (366.9 18.2 -598.2)",1,0,99,"(366.9, 18.2, -598.2)"
Spawn Point Wander,"Spawn Point (226.4 -8.7 197.5)",1,0,99,"(226.4, -8.7, 197.5)"
Spawn Point Wander,"Spawn Point (-199.9 33.5 -193.5)",1,0,99,"(-199.9, 33.5, -193.5)"
Spawn Point Wander,"Spawn Point (230.4 26.9 -320.3)",1,0,99,"(230.4, 26.9, -320.3)"
Spawn Point Wander,"Spawn Point (61.2 9.0 -657.8)",1,0,99,"(61.2, 9.0, -657.8)"
Spawn Point Wander,"Spawn Point (-23.7 9.1 -779.8)",1,0,99,"(-23.7, 9.1, -779.8)"
Spawn Point Wander,"Spawn Point (418.4 -6.2 14.3)",1,0,99,"(418.4, -6.2, 14.3)"
Spawn Point Wander,"Spawn Point (466.0 -15.0 176.3)",1,0,99,"(466.0, -15.0, 176.3)"
Spawn Point Wander,"Spawn Point (348.8 -0.9 -155.9)",1,0,99,"(348.8, -0.9, -155.9)"
Spawn Point Wander,"Spawn Point (-346.5 -8.4 131.0)",1,0,99,"(-346.5, -8.4, 131.0)"
Spawn Point Wander,"Spawn Point (280.7 -11.9 319.4)",1,0,99,"(280.7, -11.9, 319.4)"
Spawn Point Wander,"Spawn Point (-170.9 0.9 431.9)",1,0,99,"(-170.9, 0.9, 431.9)"
Spawn Point Wander,"Spawn Point (-525.1 -2.6 216.0)",1,0,99,"(-525.1, -2.6, 216.0)"
Spawn Point Wander,"Spawn Point (463.7 -12.2 115.7)",1,0,99,"(463.7, -12.2, 115.7)"
Spawn Point Wander,"Spawn Point (-539.9 -1.2 294.7)",1,0,99,"(-539.9, -1.2, 294.7)"
Spawn Point Wander,"Spawn Point (218.6 -12.3 279.4)",1,0,99,"(218.6, -12.3, 279.4)"
Spawn Point Wander,"Spawn Point (466.8 -14.9 174.3)",1,0,99,"(466.8, -14.9, 174.3)"
Spawn Point Wander,"Spawn Point (-277.3 30.9 -196.4)",1,0,99,"(-277.3, 30.9, -196.4)"
Spawn Point Wander,"Spawn Point (-93.0 -1.1 385.3)",1,0,99,"(-93.0, -1.1, 385.3)"
Spawn Point Wander,"Spawn Point (388.5 13.2 -407.3)",1,0,99,"(388.5, 13.2, -407.3)"
Spawn Point Wander,"Spawn Point (-492.4 20.6 -50.2)",1,0,99,"(-492.4, 20.6, -50.2)"
Spawn Point Wander,"Spawn Point (-519.1 9.6 88.4)",1,0,99,"(-519.1, 9.6, 88.4)"
Spawn Point Wander,"Spawn Point (-140.0 30.8 -191.8)",1,0,99,"(-140.0, 30.8, -191.8)"
Spawn Point Wander,"Spawn Point (-440.0 15.5 -325.4)",1,0,99,"(-440.0, 15.5, -325.4)"
Spawn Point Wander,"Spawn Point (464.8 -14.8 174.3)",1,0,99,"(464.8, -14.8, 174.3)"
Spawn Point Wander,"Spawn Point (-330.9 20.0 -142.3)",1,0,99,"(-330.9, 20.0, -142.3)"
Spawn Point Wander,"Spawn Point (-512.7 12.1 -150.2)",1,0,99,"(-512.7, 12.1, -150.2)"
Spawn Point Wander,"Spawn Point (-409.0 12.6 -513.0)",1,0,99,"(-409.0, 12.6, -513.0)"
Spawn Point Wander,"Spawn Point (-361.3 1.0 238.0)",1,0,99,"(-361.3, 1.0, 238.0)"
Spawn Point Wander,"Spawn Point (-162.9 0.7 436.0)",1,0,99,"(-162.9, 0.7, 436.0)"
Spawn Point Wander,"Spawn Point (-256.2 27.9 -204.1)",1,0,99,"(-256.2, 27.9, -204.1)"
Spawn Point Wander,"Spawn Point (104.0 17.6 -757.7)",1,0,99,"(104.0, 17.6, -757.7)"
Spawn Point Wander,"Spawn Point (-140.8 61.5 -206.8)",1,0,99,"(-140.8, 61.5, -206.8)"
Spawn Point Wander,"Spawn Point (-611.9 14.7 -331.8)",1,0,99,"(-611.9, 14.7, -331.8)"
Spawn Point Wander,"Spawn Point (-103.4 23.2 -214.6)",1,0,99,"(-103.4, 23.2, -214.6)"
Spawn Point Wander,"Spawn Point (-63.7 9.7 -581.0)",1,0,99,"(-63.7, 9.7, -581.0)"
Spawn Point Wander,"Spawn Point (-63.8 19.2 -233.0)",1,0,99,"(-63.8, 19.2, -233.0)"
Spawn Point Wander,"Spawn Point (443.5 -11.4 84.1)",1,0,99,"(443.5, -11.4, 84.1)"
Spawn Point Wander,"Spawn Point (318.8 -8.4 352.1)",1,0,99,"(318.8, -8.4, 352.1)"
Spawn Point Wander,"Spawn Point (-256.6 10.6 -637.5)",1,0,99,"(-256.6, 10.6, -637.5)"
Spawn Point Wander,"Spawn Point (414.3 -5.7 13.0)",1,0,99,"(414.3, -5.7, 13.0)"
Spawn Point Wander,"Spawn Point (-117.6 11.9 -729.4)",1,0,99,"(-117.6, 11.9, -729.4)"
Spawn Point Wander,"Spawn Point (-254.2 28.2 -207.9)",1,0,99,"(-254.2, 28.2, -207.9)"
Spawn Point Wander,"Spawn Point (279.8 -12.3 314.4)",1,0,99,"(279.8, -12.3, 314.4)"
Spawn Point Wander,"Spawn Point (263.9 17.3 -762.5)",1,0,99,"(263.9, 17.3, -762.5)"
Spawn Point Wander,"Spawn Point (366.8 1.1 0.6)",1,0,99,"(366.8, 1.1, 0.6)"
Spawn Point Wander,"Spawn Point (418.0 -6.1 11.9)",1,0,99,"(418.0, -6.1, 11.9)"
Spawn Point Wander,"Spawn Point (-335.8 19.3 -139.4)",1,0,99,"(-335.8, 19.3, -139.4)"
Spawn Point Wander,"Spawn Point (-171.6 1.0 432.3)",1,0,99,"(-171.6, 1.0, 432.3)"
Spawn Point Wander,"Spawn Point (-203.6 1.1 417.3)",1,0,99,"(-203.6, 1.1, 417.3)"
Spawn Point Wander,"Spawn Point (-260.3 11.3 -631.9)",1,0,99,"(-260.3, 11.3, -631.9)"
Spawn Point Wander,"Spawn Point (-525.1 -2.6 218.2)",1,0,99,"(-525.1, -2.6, 218.2)"
Spawn Point Wander,"Spawn Point (59.6 8.9 -659.8)",1,0,99,"(59.6, 8.9, -659.8)"
Spawn Point Wander,"Spawn Point (-526.8 -2.5 216.3)",1,0,99,"(-526.8, -2.5, 216.3)"
Spawn Point Wander,"Spawn Point (-130.6 13.0 -623.2)",1,0,99,"(-130.6, 13.0, -623.2)"
Spawn Point Wander,"Spawn Point (-90.1 -0.5 377.4)",1,0,99,"(-90.1, -0.5, 377.4)"
Spawn Point Wander,"Spawn Point (-352.3 -8.3 132.1)",1,0,99,"(-352.3, -8.3, 132.1)"
Spawn Point Wander,"Spawn Point (371.0 13.9 -700.0)",1,0,99,"(371.0, 13.9, -700.0)"
Spawn Point Wander,"Spawn Point (-416.2 12.9 -468.8)",1,0,99,"(-416.2, 12.9, -468.8)"
Spawn Point Wander,"Spawn Point (242.9 1.5 -164.3)",1,0,99,"(242.9, 1.5, -164.3)"
Spawn Point Wander,"Spawn Point (369.8 17.6 -597.5)",1,0,99,"(369.8, 17.6, -597.5)"
Spawn Point Wander,"Spawn Point (-6.4 11.0 -786.4)",1,0,99,"(-6.4, 11.0, -786.4)"
Spawn Point Wander,"Spawn Point (-359.3 0.9 236.4)",1,0,99,"(-359.3, 0.9, 236.4)"
Spawn Point Wander,"Spawn Point (-413.2 11.7 -522.4)",1,0,99,"(-413.2, 11.7, -522.4)"
Spawn Point Wander,"Spawn Point (213.5 -14.7 292.0)",1,0,99,"(213.5, -14.7, 292.0)"
Spawn Point Wander,"Spawn Point (-413.5 15.1 -428.0)",1,0,99,"(-413.5, 15.1, -428.0)"
Spawn Point Wander,"Spawn Point (-491.5 20.6 -45.2)",1,0,99,"(-491.5, 20.6, -45.2)"
Spawn Point Wander,"Spawn Point (-131.7 28.5 -197.8)",1,0,99,"(-131.7, 28.5, -197.8)"
Spawn Point Wander,"Spawn Point (-56.0 7.6 -759.4)",1,0,99,"(-56.0, 7.6, -759.4)"
Spawn Point Wander,"Spawn Point (59.8 8.8 -654.5)",1,0,99,"(59.8, 8.8, -654.5)"
Spawn Point Wander,"Spawn Point (368.6 16.8 -588.1)",1,0,99,"(368.6, 16.8, -588.1)"
Spawn Point Wander,"Spawn Point (418.5 -6.1 9.0)",1,0,99,"(418.5, -6.1, 9.0)"
Spawn Point Wander,"Spawn Point (-530.8 13.8 -404.1)",1,0,99,"(-530.8, 13.8, -404.1)"
Spawn Point Wander,"Spawn Point (367.1 13.2 -703.0)",1,0,99,"(367.1, 13.2, -703.0)"
Spawn Point Wander,"Spawn Point (-516.1 21.5 -20.1)",1,0,99,"(-516.1, 21.5, -20.1)"
Spawn Point Wander,"Spawn Point (-540.7 -1.1 297.0)",1,0,99,"(-540.7, -1.1, 297.0)"
Spawn Point Wander,"Spawn Point (-273.3 -1.6 333.3)",1,0,99,"(-273.3, -1.6, 333.3)"
Spawn Point Wander,"Spawn Point (-218.3 31.6 -202.2)",1,0,99,"(-218.3, 31.6, -202.2)"
Spawn Point Wander,"Spawn Point (72.9 11.9 -220.5)",1,0,99,"(72.9, 11.9, -220.5)"
Spawn Point Wander,"Spawn Point (-615.8 14.7 -334.0)",1,0,99,"(-615.8, 14.7, -334.0)"
Spawn Point Wander,"Spawn Point (-252.1 27.0 -205.0)",1,0,99,"(-252.1, 27.0, -205.0)"
Spawn Point Wander,"Spawn Point (102.6 7.2 -152.2)",1,0,99,"(102.6, 7.2, -152.2)"
Spawn Point Wander,"Spawn Point (-334.0 17.6 -136.2)",1,0,99,"(-334.0, 17.6, -136.2)"
Spawn Point Wander,"Spawn Point (355.3 -0.3 -91.5)",1,0,99,"(355.3, -0.3, -91.5)"
Spawn Point Wander,"Spawn Point (-540.7 5.0 133.9)",1,0,99,"(-540.7, 5.0, 133.9)"
Spawn Point Wander,"Spawn Point (135.1 8.5 -174.2)",1,0,99,"(135.1, 8.5, -174.2)"
Spawn Point Wander,"Spawn Point (-93.5 -0.9 382.5)",1,0,99,"(-93.5, -0.9, 382.5)"
Spawn Point Wander,"Spawn Point (-490.5 20.7 -47.0)",1,0,99,"(-490.5, 20.7, -47.0)"
Spawn Point Wander,"Spawn Point (226.4 -8.3 199.1)",1,0,99,"(226.4, -8.3, 199.1)"
Spawn Point Wander,"Spawn Point (-174.9 13.6 -649.9)",1,0,99,"(-174.9, 13.6, -649.9)"
Spawn Point Wander,"Spawn Point (90.3 -15.8 116.2)",1,0,99,"(90.3, -15.8, 116.2)"
Spawn Point Wander,"Spawn Point (-418.8 11.9 -515.2)",1,0,99,"(-418.8, 11.9, -515.2)"
Spawn Point Wander,"Spawn Point (368.9 -1.6 -67.5)",1,0,99,"(368.9, -1.6, -67.5)"
Spawn Point Wander,"Spawn Point (457.3 -11.0 97.5)",1,0,99,"(457.3, -11.0, 97.5)"
Spawn Point Wander,"Spawn Point (-519.4 7.3 154.6)",1,0,99,"(-519.4, 7.3, 154.6)"
Spawn Point Wander,"Spawn Point (-517.6 7.3 153.7)",1,0,99,"(-517.6, 7.3, 153.7)"
Spawn Point Wander,"Spawn Point (-509.6 12.0 -147.5)",1,0,99,"(-509.6, 12.0, -147.5)"
Spawn Point Wander,"Spawn Point (366.0 4.4 -8.9)",1,0,99,"(366.0, 4.4, -8.9)"
Spawn Point Wander,"Spawn Point (135.9 8.5 -665.0)",1,0,99,"(135.9, 8.5, -665.0)"
Spawn Point Wander,"Spawn Point (-538.6 -1.0 297.6)",1,0,99,"(-538.6, -1.0, 297.6)"
Spawn Point Wander,"Spawn Point (230.0 -7.8 200.7)",1,0,99,"(230.0, -7.8, 200.7)"
Spawn Point Wander,"Spawn Point (-252.3 27.5 -207.4)",1,0,99,"(-252.3, 27.5, -207.4)"
Spawn Point Wander,"Spawn Point (-153.0 0.4 434.8)",1,0,99,"(-153.0, 0.4, 434.8)"
Spawn Point Wander,"Spawn Point (280.5 8.0 -665.4)",1,0,99,"(280.5, 8.0, -665.4)"
Spawn Point Wander,"Spawn Point (-616.8 14.5 -324.5)",1,0,99,"(-616.8, 14.5, -324.5)"
Spawn Point Wander,"Spawn Point (-516.7 9.3 89.0)",1,0,99,"(-516.7, 9.3, 89.0)"
Spawn Point Wander,"Spawn Point (-231.2 1.1 400.9)",1,0,99,"(-231.2, 1.1, 400.9)"
Spawn Point Wander,"Spawn Point (518.0 -20.9 260.7)",1,0,99,"(518.0, -20.9, 260.7)"
Spawn Point Wander,"Spawn Point (-492.6 20.6 -48.0)",1,0,99,"(-492.6, 20.6, -48.0)"
Spawn Point Wander,"Spawn Point (-357.6 0.9 237.5)",1,0,99,"(-357.6, 0.9, 237.5)"
Spawn Point Wander,"Spawn Point (-91.3 -0.5 379.4)",1,0,99,"(-91.3, -0.5, 379.4)"
Spawn Point Wander,"Spawn Point (-272.0 -2.1 329.4)",1,0,99,"(-272.0, -2.1, 329.4)"
Spawn Point Wander,"Spawn Point (-486.6 0.2 330.6)",1,0,99,"(-486.6, 0.2, 330.6)"
Spawn Point Wander,"Spawn Point (-522.7 -2.6 216.6)",1,0,99,"(-522.7, -2.6, 216.6)"
Spawn Point Wander,"Spawn Point (-532.6 -0.5 254.2)",1,0,99,"(-532.6, -0.5, 254.2)"
Spawn Point Wander,"Spawn Point (367.7 -1.3 -73.8)",1,0,99,"(367.7, -1.3, -73.8)"
Spawn Point Wander,"Spawn Point (-494.0 20.6 -47.8)",1,0,99,"(-494.0, 20.6, -47.8)"
Spawn Point Wander,"Spawn Point (-520.1 10.3 85.9)",1,0,99,"(-520.1, 10.3, 85.9)"
Spawn Point Wander,"Spawn Point (269.7 17.0 -758.6)",1,0,99,"(269.7, 17.0, -758.6)"
Spawn Point Wander,"Spawn Point (-280.3 -0.9 332.9)",1,0,99,"(-280.3, -0.9, 332.9)"
Spawn Point Wander,"Spawn Point (-416.2 15.8 -434.3)",1,0,99,"(-416.2, 15.8, -434.3)"
Spawn Point Wander,"Spawn Point (-260.7 10.4 -639.8)",1,0,99,"(-260.7, 10.4, -639.8)"
Spawn Point Wander,"Spawn Point (-537.1 -1.3 294.6)",1,0,99,"(-537.1, -1.3, 294.6)"
Spawn Point Wander,"Spawn Point (372.9 15.3 -695.6)",1,0,99,"(372.9, 15.3, -695.6)"
Spawn Point Wander,"Spawn Point (228.4 -8.2 199.4)",1,0,99,"(228.4, -8.2, 199.4)"
Spawn Point Wander,"Spawn Point (125.9 0.3 4.9)",1,0,99,"(125.9, 0.3, 4.9)"
Spawn Point Wander,"Spawn Point (487.4 -18.4 334.6)",1,0,99,"(487.4, -18.4, 334.6)"
Spawn Point Wander,"Spawn Point (-621.0 14.9 -328.7)",1,0,99,"(-621.0, 14.9, -328.7)"
Spawn Point Wander,"Spawn Point (-171.7 14.8 -617.7)",1,0,99,"(-171.7, 14.8, -617.7)"
Spawn Point Wander,"Spawn Point (465.3 -15.2 177.8)",1,0,99,"(465.3, -15.2, 177.8)"
Spawn Point Wander,"Spawn Point (464.2 -15.0 176.2)",1,0,99,"(464.2, -15.0, 176.2)"
Spawn Point Wander,"Spawn Point (-524.2 -2.6 220.3)",1,0,99,"(-524.2, -2.6, 220.3)"
Spawn Point Wander,"Spawn Point (487.4 -18.8 332.6)",1,0,99,"(487.4, -18.8, 332.6)"
Spawn Point Wander,"Spawn Point (25.6 11.3 -226.6)",1,0,99,"(25.6, 11.3, -226.6)"
Spawn Point Wander,"Spawn Point (63.3 9.0 -661.4)",1,0,99,"(63.3, 9.0, -661.4)"
Spawn Point Wander,"Spawn Point (94.9 6.8 -203.7)",1,0,99,"(94.9, 6.8, -203.7)"
Spawn Point Wander,"Spawn Point (391.6 13.6 -400.8)",1,0,99,"(391.6, 13.6, -400.8)"
Spawn Point Wander,"Spawn Point (234.3 27.0 -318.0)",1,0,99,"(234.3, 27.0, -318.0)"
Spawn Point Wander,"Spawn Point (472.0 -18.4 229.5)",1,0,99,"(472.0, -18.4, 229.5)"
Spawn Point Wander,"Spawn Point (365.3 -13.4 360.1)",1,0,99,"(365.3, -13.4, 360.1)"
Spawn Point Wander,"Spawn Point (365.6 13.4 -700.8)",1,0,99,"(365.6, 13.4, -700.8)"
Spawn Point Wander,"Spawn Point (281.7 8.2 -668.6)",1,0,99,"(281.7, 8.2, -668.6)"
Spawn Point Wander,"Spawn Point (307.9 -0.6 -159.8)",1,0,99,"(307.9, -0.6, -159.8)"
Spawn Point Wander,"Spawn Point (-359.8 0.9 239.7)",1,0,99,"(-359.8, 0.9, 239.7)"
Spawn Point Wander,"Spawn Point (389.7 13.2 -403.9)",1,0,99,"(389.7, 13.2, -403.9)"
Spawn Point Wander,"Spawn Point (367.4 17.7 -594.9)",1,0,99,"(367.4, 17.7, -594.9)"
Spawn Point Wander,"Spawn Point (373.6 -1.9 -76.2)",1,0,99,"(373.6, -1.9, -76.2)"
Spawn Point Wander,"Spawn Point (487.4 -18.6 330.8)",1,0,99,"(487.4, -18.6, 330.8)"
Spawn Point Wander,"Spawn Point (-521.2 7.3 154.3)",1,0,99,"(-521.2, 7.3, 154.3)"
Spawn Point Wander,"Spawn Point (-61.0 9.2 -579.6)",1,0,99,"(-61.0, 9.2, -579.6)"
Spawn Point Wander,"Spawn Point (391.5 12.9 -406.4)",1,0,99,"(391.5, 12.9, -406.4)"
Spawn Point Wander,"Spawn Point (101.1 15.6 -762.0)",1,0,99,"(101.1, 15.6, -762.0)"
Spawn Point Wander,"Spawn Point (280.5 -12.5 312.4)",1,0,99,"(280.5, -12.5, 312.4)"
Spawn Point Wander,"Spawn Point (516.8 -20.9 264.4)",1,0,99,"(516.8, -20.9, 264.4)"
Spawn Point Wander,"Spawn Point (231.1 26.5 -317.4)",1,0,99,"(231.1, 26.5, -317.4)"
Spawn Point Wander,"Spawn Point (-507.3 12.1 -145.3)",1,0,99,"(-507.3, 12.1, -145.3)"
Spawn Point Wander,"Spawn Point (87.8 -15.9 114.7)",1,0,99,"(87.8, -15.9, 114.7)"
Spawn Point Wander,"Spawn Point (375.8 -1.1 -115.3)",1,0,99,"(375.8, -1.1, -115.3)"
Spawn Point Wander,"Spawn Point (-254.1 27.4 -204.9)",1,0,99,"(-254.1, 27.4, -204.9)"
Spawn Point Wander,"Spawn Point (-59.6 9.1 -577.1)",1,0,99,"(-59.6, 9.1, -577.1)"
Spawn Point Wander,"Spawn Point (-92.3 -0.7 380.4)",1,0,99,"(-92.3, -0.7, 380.4)"
Spawn Point Wander,"Spawn Point (-130.7 -1.3 415.5)",1,0,99,"(-130.7, -1.3, 415.5)"
Spawn Point Wander,"Spawn Point (64.7 9.1 -656.6)",1,0,99,"(64.7, 9.1, -656.6)"
Spawn Point Wander,"Spawn Point (-253.7 11.6 -638.9)",1,0,99,"(-253.7, 11.6, -638.9)"
Spawn Point Wander,"Spawn Point (9.7 15.7 -780.6)",1,0,99,"(9.7, 15.7, -780.6)"
Spawn Point Wander,"Spawn Point (-52.2 7.9 -763.9)",1,0,99,"(-52.2, 7.9, -763.9)"
Spawn Point Wander,"Spawn Point (2.8 14.8 -777.3)",1,0,99,"(2.8, 14.8, -777.3)"
Spawn Point Wander,"Spawn Point (-293.7 29.0 -199.7)",1,0,99,"(-293.7, 29.0, -199.7)"
Spawn Point Wander,"Spawn Point (-538.4 7.1 157.7)",1,0,99,"(-538.4, 7.1, 157.7)"
Spawn Point Wander,"Spawn Point (515.2 -20.9 264.4)",1,0,99,"(515.2, -20.9, 264.4)"
Spawn Point Wander,"Spawn Point (-130.0 9.6 -726.5)",1,0,99,"(-130.0, 9.6, -726.5)"
Spawn Point Wander,"Spawn Point (279.9 -12.1 317.7)",1,0,99,"(279.9, -12.1, 317.7)"
Spawn Point Wander,"Spawn Point (388.4 12.9 -410.3)",1,0,99,"(388.4, 12.9, -410.3)"
Spawn Point Wander,"Spawn Point (-522.3 10.8 86.6)",1,0,99,"(-522.3, 10.8, 86.6)"
Spawn Point Wander,"Spawn Point (278.8 -11.9 315.8)",1,0,99,"(278.8, -11.9, 315.8)"
Spawn Point Wander,"Spawn Point (-60.3 18.9 -230.1)",1,0,99,"(-60.3, 18.9, -230.1)"
Spawn Point Wander,"Spawn Point (231.6 -7.4 201.7)",1,0,99,"(231.6, -7.4, 201.7)"
Spawn Point Wander,"Spawn Point (-516.7 7.3 146.3)",1,0,99,"(-516.7, 7.3, 146.3)"
Spawn Point Wander,"Spawn Point (-413.1 16.0 -350.7)",1,0,99,"(-413.1, 16.0, -350.7)"
Spawn Point Wander,"Spawn Point (-528.9 2.4 233.7)",1,0,99,"(-528.9, 2.4, 233.7)"
Spawn Point Wander,"Spawn Point (235.0 26.9 -314.6)",1,0,99,"(235.0, 26.9, -314.6)"
Spawn Point Wander,"Spawn Point (-49.8 8.0 -766.4)",1,0,99,"(-49.8, 8.0, -766.4)"
Spawn Point Wander,"Spawn Point (-329.2 18.8 -141.9)",1,0,99,"(-329.2, 18.8, -141.9)"
Spawn Point Wander,"Spawn Point (515.2 -20.8 261.5)",1,0,99,"(515.2, -20.8, 261.5)"
Spawn Point Wander,"Spawn Point (487.4 -18.1 328.5)",1,0,99,"(487.4, -18.1, 328.5)"
Spawn Point Wander,"Spawn Point (-86.9 7.9 -752.7)",1,0,99,"(-86.9, 7.9, -752.7)"
Spawn Point Wander,"Spawn Point (-39.3 -13.5 348.4)",1,0,99,"(-39.3, -13.5, 348.4)"
Spawn Point Wander,"Spawn Point (-524.6 11.3 84.5)",1,0,99,"(-524.6, 11.3, 84.5)"
Spawn Point Wander,"Spawn Point (-515.5 12.2 -153.1)",1,0,99,"(-515.5, 12.2, -153.1)"
Spawn Point Wander,"Spawn Point (-537.8 -1.2 296.0)",1,0,99,"(-537.8, -1.2, 296.0)"
Spawn Point Wander,"Spawn Point (-147.9 31.1 -189.4)",1,0,99,"(-147.9, 31.1, -189.4)"
Spawn Point Wander,"Spawn Point (96.4 15.0 -761.1)",1,0,99,"(96.4, 15.0, -761.1)"
Spawn Point Wander,"Spawn Point (187.1 3.4 -149.6)",1,0,99,"(187.1, 3.4, -149.6)"
Spawn Point Wander,"Spawn Point (-439.4 15.3 -334.7)",1,0,99,"(-439.4, 15.3, -334.7)"
Spawn Rush,"Spawn Rush: Objective #1",1,0,99,"(465.3, -15.1, 177.8)"
Boss Hunter,"Spawn Point (280.4 8.3 -674.5)",1,15,99,"(280.4, 8.3, -674.5)"
Boss Hunter,"Spawn Point (268.5 17.5 -756.9)",1,15,99,"(268.5, 17.5, -756.9)"
Boss Hunter,"Spawn Point (-12.3 13.8 -229.3)",1,15,99,"(-12.3, 13.8, -229.3)"
Boss Hunter,"Spawn Point (348.8 -0.9 -155.9)",1,15,99,"(348.8, -0.9, -155.9)"
Boss Hunter,"Spawn Point (104.0 17.6 -757.7)",1,15,99,"(104.0, 17.6, -757.7)"
Boss Hunter,"Spawn Point (-140.8 61.5 -206.8)",1,15,99,"(-140.8, 61.5, -206.8)"
Boss Hunter,"Spawn Point (-63.8 19.2 -233.0)",1,15,99,"(-63.8, 19.2, -233.0)"
Boss Hunter,"Spawn Point (263.9 17.3 -762.5)",1,15,99,"(263.9, 17.3, -762.5)"
Boss Hunter,"Spawn Point (242.9 1.5 -164.3)",1,15,99,"(242.9, 1.5, -164.3)"
Boss Hunter,"Spawn Point (72.9 11.9 -220.5)",1,15,99,"(72.9, 11.9, -220.5)"
Boss Hunter,"Spawn Point (102.6 7.2 -152.2)",1,15,99,"(102.6, 7.2, -152.2)"
Boss Hunter,"Spawn Point (355.3 -0.3 -91.5)",1,15,99,"(355.3, -0.3, -91.5)"
Boss Hunter,"Spawn Point (135.1 8.5 -174.2)",1,15,99,"(135.1, 8.5, -174.2)"
Boss Hunter,"Spawn Point (90.3 -15.8 116.2)",1,15,99,"(90.3, -15.8, 116.2)"
Boss Hunter,"Spawn Point (135.9 8.5 -665.0)",1,15,99,"(135.9, 8.5, -665.0)"
Boss Hunter,"Spawn Point (280.5 8.0 -665.4)",1,15,99,"(280.5, 8.0, -665.4)"
Boss Hunter,"Spawn Point (269.7 17.0 -758.6)",1,15,99,"(269.7, 17.0, -758.6)"
Boss Hunter,"Spawn Point (125.9 0.3 4.9)",1,15,99,"(125.9, 0.3, 4.9)"
Boss Hunter,"Spawn Point (25.6 11.3 -226.6)",1,15,99,"(25.6, 11.3, -226.6)"
Boss Hunter,"Spawn Point (94.9 6.8 -203.7)",1,15,99,"(94.9, 6.8, -203.7)"
Boss Hunter,"Spawn Point (281.7 8.2 -668.6)",1,15,99,"(281.7, 8.2, -668.6)"
Boss Hunter,"Spawn Point (307.9 -0.6 -159.8)",1,15,99,"(307.9, -0.6, -159.8)"
Boss Hunter,"Spawn Point (101.1 15.6 -762.0)",1,15,99,"(101.1, 15.6, -762.0)"
Boss Hunter,"Spawn Point (87.8 -15.9 114.7)",1,15,99,"(87.8, -15.9, 114.7)"
Boss Hunter,"Spawn Point (375.8 -1.1 -115.3)",1,15,99,"(375.8, -1.1, -115.3)"
Boss Hunter,"Spawn Point (-60.3 18.9 -230.1)",1,15,99,"(-60.3, 18.9, -230.1)"
Boss Hunter,"Spawn Point (96.4 15.0 -761.1)",1,15,99,"(96.4, 15.0, -761.1)"
Boss Hunter,"Spawn Point (187.1 3.4 -149.6)",1,15,99,"(187.1, 3.4, -149.6)"
Scav Base,"Scav Base: Objective #1",5,0,99,"(-177.8, -1.8, 264.3)"
Scav Base,"Scav Base: Objective #2",4,0,99,"(-204.2, -1.8, 204.7)"
Scav Base,"Scav Base: Objective #3",1,0,99,"(-189.1, -1.9, 221.8)"
Scav Base,"Scav Base: Objective #4",2,0,99,"(-192.2, -2.3, 255.1)"
RUAF Roadblock Crates,"RUAF Roadblock Crates: Objective #1",1,0,99,"(-117.9, -1.3, 402.2)"
RUAF Roadblock Crates,"RUAF Roadblock Crates: Objective #2",1,0,99,"(-136.9, -1.5, 414.8)"
Ambulance,"Ambulance: Objective #1",1,0,99,"(-97.6, -15.4, 219.6)"
Sawmill Shack,"Sawmill Shack: Objective #1",2,0,99,"(-24.2, -3.6, 45.3)"
Sawmill Cabins,"Sawmill Cabins: Objective #1",2,5,99,"(-5.2, -1.5, -69.5)"
Sawmill Cabins,"Sawmill Cabins: Objective #2",2,5,99,"(-5.5, -1.5, -74.8)"
Sawmill Cabins,"Sawmill Cabins: Objective #3",1,5,99,"(-1.9, -1.4, -80.5)"
Sawmill Warehouse,"Sawmill Warehouse: Objective #1",2,5,99,"(77.1, -1.7, -47.3)"
Sawmill Warehouse,"Sawmill Warehouse: Objective #2",1,5,99,"(55.5, -2.6, -48.1)"
Sawmill Common Fund Stash,"Sawmill Common Fund Stash: Objective #1",1,15,99,"(24.0, -2.6, -30.5)"
Spine,"Spine: Objective #1",1,3,99,"(-248.3, 26.4, -196.4)"
Spine,"Spine: Objective #2",1,3,99,"(-333.6, 28.1, -227.7)"
Sniper Rock Crates,"Sniper Rock Crates: Objective #1",1,0,99,"(-155.8, 51.2, -275.1)"
Sniper Rock Crates,"Sniper Rock Crates: Objective #2",1,0,99,"(-232.7, 67.7, -229.9)"
Sniper Rock Crates,"Sniper Rock Crates: Objective #3",1,0,99,"(-210.4, 76.3, -272.8)"
Sawmill Checkpoint,"Sawmill Checkpoint: Objective #1",4,0,99,"(239.7, -1.8, -70.8)"
Sawmill Checkpoint Sniping,"Sawmill Checkpoint Sniping: Objective #1",2,5,99,"(218.1, -0.5, -132.8)"
Sawmill Checkpoint Sniping 2,"Sawmill Checkpoint Sniping 2: Objective #1",2,5,99,"(367.0, 4.4, -9.1)"
Sawmill Checkpoint Nearby Rocks,"Sawmill Checkpoint Nearby Rocks: Objective #1",1,0,99,"(356.6, -0.5, -88.4)"
ZB-014 Inner Room,"ZB-014 Inner Room: Objective #1",1,7,99,"(446.2, -14.2, 61.3)"
Scav House Sniping,"Scav House Sniping: Objective #1",2,5,99,"(315.2, -5.0, 268.4)"
Scav House Sniping,"Scav House Sniping: Objective #2",2,5,99,"(388.1, -11.7, 286.0)"
Scav House Sniping,"Scav House Sniping: Objective #3",2,5,99,"(448.6, -17.1, 245.4)"
Old Sawmill,"Old Sawmill: Objective #1",1,0,99,"(-512.1, 15.9, -177.1)"
Old Sawmill,"Old Sawmill: Objective #2",2,0,99,"(-548.2, 18.2, -205.3)"
Old Sawmill,"Old Sawmill: Objective #3",1,0,99,"(-534.3, 18.1, -205.0)"
Old Sawmill,"Old Sawmill: Objective #4",3,0,99,"(-548.8, 15.1, -206.3)"
Old Sawmill,"Old Sawmill: Objective #5",1,0,99,"(-564.2, 21.4, -216.6)"
Scav Town Sniping,"Scav Town Sniping: Objective #1",2,5,99,"(-508.5, 23.3, -283.2)"
Scav Town Sniping,"Scav Town Sniping: Objective #2",2,5,99,"(-522.0, 21.7, -287.8)"
Scav Town Sniping,"Scav Town Sniping: Objective #3",2,5,99,"(-487.5, 22.5, -271.9)"
Scav Town,"Scav Town: Objective #1",3,0,99,"(-460.6, 15.6, -364.8)"
Scav Town,"Scav Town: Objective #2",1,0,99,"(-463.3, 15.2, -331.6)"
Scav Town,"Scav Town: Objective #3",2,0,99,"(-499.0, 15.3, -403.2)"
Scav Town,"Scav Town: Objective #4",2,0,99,"(-507.2, 15.5, -391.8)"
Scav Town,"Scav Town: Objective #5",3,0,99,"(-454.8, 15.4, -399.0)"
VEX Beach,"VEX Beach: Objective #1",2,0,99,"(-523.2, 10.0, -474.0)"
Scav Bridge Overlook,"Scav Bridge Overlook: Objective #1",1,0,99,"(134.1, 24.6, -758.5)"
Scav Bridge Overlook,"Scav Bridge Overlook: Objective #2",1,0,99,"(131.6, 24.6, -733.8)"
Scav Bridge Overlook,"Scav Bridge Overlook: Objective #3",1,0,99,"(142.0, 24.5, -729.5)"
Scav Bridge Overlook,"Scav Bridge Overlook: Objective #4",1,0,99,"(140.4, 27.2, -726.4)"
Scav Bunker,"Scav Bunker: Objective #1",2,0,99,"(225.0, 24.5, -695.8)"
Scav Bunker,"Scav Bunker: Objective #2",2,0,99,"(224.6, 24.7, -717.6)"
Scav Bunker,"Scav Bunker: Objective #3",2,0,99,"(222.8, 20.2, -707.4)"
USEC Camp North,"USEC Camp North: Objective #1",3,0,99,"(270.3, 23.0, -510.7)"
USEC Camp North,"USEC Camp North: Objective #2",2,0,99,"(284.2, 22.9, -514.7)"
USEC Camp North,"USEC Camp North: Objective #3",1,0,99,"(289.1, 22.9, -512.7)"
USEC Camp North,"USEC Camp North: Objective #4",2,0,99,"(296.4, 22.9, -507.4)"
USEC Camp South,"USEC Camp South: Objective #1",3,0,99,"(303.4, 23.1, -462.3)"
USEC Camp South,"USEC Camp South: Objective #2",1,0,99,"(297.6, 22.9, -439.8)"
USEC Camp South,"USEC Camp South: Objective #3",4,0,99,"(283.5, 23.2, -436.1)"
Weapon Storage Shack,"Weapon Storage Shack: Objective #1",1,0,99,"(243.1, -8.4, 124.2)"
Sunken Village,"Sunken Village: Objective #1",1,0,99,"(-45.8, 8.7, -599.7)"
Sunken Village,"Sunken Village: Objective #2",1,0,99,"(-172.4, 12.5, -688.4)"
Sunken Village,"Sunken Village: Objective #3",1,0,99,"(-37.0, 10.0, -740.7)"
Northern UN Roadblock,"Northern UN Roadblock: Objective #1",1,0,99,"(-563.8, 9.8, -77.7)"
Dead Man's Place,"Dead Man's Place: Objective #1",1,0,99,"(194.4, -14.8, 260.6)"
Sawmill Patrol,"Sawmill Patrol: Objective #1",2,5,99,"(-23.5, 6.1, -81.3)"
Sawmill Patrol,"Sawmill Patrol: Objective #2",2,5,99,"(-20.3, 4.9, -55.9)"
Sawmill Patrol,"Sawmill Patrol: Objective #3",2,5,99,"(-43.5, 3.6, 24.4)"
Sawmill Patrol,"Sawmill Patrol: Objective #4",2,5,99,"(-32.9, 4.6, -28.5)"
Sawmill Patrol,"Sawmill Patrol: Objective #5",2,5,99,"(-46.5, 5.3, 6.6)"
Sawmill Sniping,"Sawmill Sniping: Objective #1",2,0,99,"(120.3, 3.4, 14.4)"
Sawmill Beach Sniping,"Sawmill Beach Sniping: Objective #1",2,0,99,"(-74.0, -5.6, 162.2)"
Convoy,"Convoy: Objective #1",1,0,99,"(192.1, 10.7, -588.2)"
Convoy,"Convoy: Objective #2",1,0,99,"(197.1, 11.1, -598.1)"
Sawmill Marked Circle,"Sawmill Marked Circle: Objective #1",1,0,99,"(194.0, 0.3, -6.6)"
Sawmill Camp,"Sawmill Camp: Objective #1",1,0,99,"(133.2, -3.7, 100.8)"
ZB014 Outhouses,"ZB014 Outhouses: Objective #1",1,0,99,"(429.1, -5.4, -24.4)"
Scav House,"Scav House: Objective #1",1,0,99,"(414.5, -13.5, 239.3)"
Scav Base Sniping,"Scav Base Sniping: Objective #1",2,0,99,"(-159.7, 5.8, 110.0)"
RUAF Roadblock Sniping,"RUAF Roadblock Sniping: Objective #1",2,0,99,"(-99.2, 0.1, 378.2)"
