Bot Name,Bot Nickname,Bot Level,Assignment Status,Quest Name,Objective Name,Step Number,Start Time,End Time
Bot202,"aleves",5,Completed,"Introduction","Item Encrypted message","1","19:23:42","19:25:57",
Bot202,"aleves",5,Completed,"Introduction","Zone huntsman_001","1","19:26:02","19:26:07",
Bot202,"aleves",5,Failed,"The Survivalist Path - Thrifty","Zone huntsman_005_1","1","19:26:12","19:26:57",
Bot204,"Snofielf",14,Completed,"Old Sawmill","Old Sawmill: Objective #1","1","19:23:43","19:24:31",
Bot204,"Snofielf",14,Completed,"Old Sawmill","Old Sawmill: Objective #3","1","19:24:36","19:25:21",
Bot204,"Snofielf",14,Completed,"Old Sawmill","Old Sawmill: Objective #2","2","19:25:26","19:25:51",
Bot204,"Snofielf",14,Failed,"Old Sawmill","Old Sawmill: Objective #4","3","19:25:56","19:41:42",
Bot204,"Snofielf",14,Completed,"Old Sawmill","Old Sawmill: Objective #5","1","19:28:04","19:28:19",
Bot204,"Snofielf",14,Completed,"Scav Base","Scav Base: Objective #2","4","19:28:24","19:36:09",
Bot204,"Snofielf",14,Completed,"Scav Base","Scav Base: Objective #3","1","19:36:14","19:36:18",
Bot204,"Snofielf",14,Completed,"Scav Base","Scav Base: Objective #4","2","19:36:24","19:36:41",
Bot204,"Snofielf",14,Completed,"Scav Base","Scav Base: Objective #1","5","19:36:46","19:38:09",
Bot204,"Snofielf",14,Failed,"Sawmill Warehouse","Sawmill Warehouse: Objective #2","1","19:38:15","19:41:42",
Bot205,"Carl",2,Pending,"Scav Base","Scav Base: Objective #2","1","19:23:43","N/A",
Bot206,"NotJojo",5,Completed,"Introduction","Zone huntsman_001","1","19:23:44","19:25:14",
Bot206,"NotJojo",5,Completed,"The Survivalist Path - Thrifty","Zone huntsman_005_1","2","19:25:19","19:26:34",
Bot206,"NotJojo",5,Failed,"The Survivalist Path - Thrifty","Zone huntsman_005_2","1","19:26:40","19:40:25",
Bot207,"hacker228",23,Completed,"Steady Signal","Zone q14_8_4","1","19:23:45","19:23:48",
Bot207,"hacker228",23,Completed,"Steady Signal","Zone q14_8_5","1","19:23:53","19:31:07",
Bot207,"hacker228",23,Completed,"Health Care Privacy - Part 3","Zone ter_015_area_1","1","19:31:12","19:34:56",
Bot207,"hacker228",23,Active,"Scav Base","Scav Base: Objective #1","1","19:35:01","N/A",
Bot208,"GGaulin",23,Pending,"Steady Signal","Zone q14_8_4","1","19:23:45","N/A",
Bot208,"GGaulin",23,Completed,"Steady Signal","Zone q14_8_2","1","19:38:11","19:42:36",
Bot208,"GGaulin",23,Completed,"Steady Signal","Zone q14_8_3","1","19:42:42","19:45:23",
Bot208,"GGaulin",23,Active,"Steady Signal","Zone q14_8_1","1","19:45:28","N/A",
Bot209,"MusicManiac",5,Completed,"Search Mission","Zone pr_scout_col","1","19:23:45","19:24:33",
Bot209,"MusicManiac",5,Completed,"Search Mission","Zone pr_scout_base","1","19:24:38","19:26:21",
Bot209,"MusicManiac",5,Completed,"USEC Camp South","USEC Camp South: Objective #2","1","19:26:26","19:26:41",
Bot209,"MusicManiac",5,Completed,"USEC Camp South","USEC Camp South: Objective #3","4","19:26:46","19:27:59",
Bot209,"MusicManiac",5,Completed,"USEC Camp South","USEC Camp South: Objective #1","3","19:28:04","19:28:59",
Bot209,"MusicManiac",5,Pending,"USEC Camp North","USEC Camp North: Objective #4","2","19:29:04","N/A",
Bot209,"MusicManiac",5,Completed,"USEC Camp North","USEC Camp North: Objective #3","1","19:30:05","19:30:15",
Bot209,"MusicManiac",5,Completed,"USEC Camp North","USEC Camp North: Objective #2","2","19:30:20","19:30:42",
Bot209,"MusicManiac",5,Completed,"USEC Camp North","USEC Camp North: Objective #1","3","19:30:47","19:30:57",
Bot209,"MusicManiac",5,Failed,"Scav Bridge Overlook","Scav Bridge Overlook: Objective #4","1","19:31:02","19:31:02",
Bot209,"MusicManiac",5,Failed,"Scav Bridge Overlook","Scav Bridge Overlook: Objective #3","1","19:31:07","19:31:07",
Bot209,"MusicManiac",5,Failed,"Scav Bridge Overlook","Scav Bridge Overlook: Objective #2","1","19:31:12","19:31:12",
Bot209,"MusicManiac",5,Failed,"Scav Bridge Overlook","Scav Bridge Overlook: Objective #1","1","19:31:18","19:31:18",
Bot209,"MusicManiac",5,Failed,"Convoy","Convoy: Objective #1","1","19:31:23","19:31:23",
Bot209,"MusicManiac",5,Failed,"Convoy","Convoy: Objective #2","1","19:31:28","19:31:28",
Bot209,"MusicManiac",5,Failed,"Introduction","Item Encrypted message","1","19:31:33","19:31:33",
Bot209,"MusicManiac",5,Failed,"Introduction","Zone huntsman_001","1","19:31:38","19:31:38",
Bot212,"Kobrakon",23,Completed,"The Cult - Part 2","Zone place_peacemaker_007_2_N2","1","19:23:46","19:26:45",
Bot212,"Kobrakon",23,Completed,"The Cult - Part 2","Zone place_peacemaker_007_2_N2_1","1","19:26:51","19:31:34",
Bot212,"Kobrakon",23,Active,"Steady Signal","Zone q14_8_3","1","19:31:39","N/A",
Bot213,"Paulov",20,Pending,"The Cult - Part 2","Zone place_peacemaker_007_2_N2","1","19:23:47","N/A",
Bot223,"Kiobu",12,Completed,"Weapon Storage Shack","Weapon Storage Shack: Objective #1","1","19:29:22","19:30:31",
Bot223,"Kiobu",12,Failed,"Sawmill Marked Circle","Sawmill Marked Circle: Objective #1","1","19:30:36","19:31:41",
Bot223,"Kiobu",12,Active,"Sawmill Camp","Sawmill Camp: Objective #1","1","19:31:46","N/A",
Bot224,"halik92",7,Pending,"Scav House Sniping","Scav House Sniping: Objective #1","1","19:29:22","N/A",
Bot233,"Nikita",3,Failed,"Introduction","Item Encrypted message","1","19:33:04","19:33:08",
Bot233,"Nikita",3,Failed,"Introduction","Zone huntsman_001","1","19:33:13","19:33:27",
Bot233,"Nikita",3,Failed,"Sniper Rock Crates","Sniper Rock Crates: Objective #2","1","19:33:32","19:33:35",
Bot233,"Nikita",3,Failed,"Sniper Rock Crates","Sniper Rock Crates: Objective #1","1","19:33:40","19:33:55",
Bot233,"Nikita",3,Failed,"Sniper Rock Crates","Sniper Rock Crates: Objective #3","1","19:34:00","19:34:09",
Bot233,"Nikita",3,Failed,"Spine","Spine: Objective #1","1","19:34:14","19:34:31",
Bot233,"Nikita",3,Failed,"Spine","Spine: Objective #2","1","19:34:37","19:34:37",
Bot233,"Nikita",3,Failed,"The Survivalist Path - Thrifty","Zone huntsman_005_1","1","19:34:42","19:34:52",
Bot234,"vampuico",18,Failed,"Sniper Rock Crates","Sniper Rock Crates: Objective #1","1","19:33:04","19:34:56",
Bot234,"vampuico",18,Failed,"Sniper Rock Crates","Sniper Rock Crates: Objective #3","1","19:35:01","19:35:01",
Bot234,"vampuico",18,Failed,"Sniper Rock Crates","Sniper Rock Crates: Objective #2","1","19:35:06","19:35:10",
Bot234,"vampuico",18,Failed,"Supply Plans","Item Secure Folder 0052","1","19:35:15","19:35:18",
Bot234,"vampuico",18,Failed,"Steady Signal","Zone q14_8_2","1","19:35:24","19:35:25",
Bot234,"vampuico",18,Failed,"Steady Signal","Zone q14_8_3","1","19:35:30","19:35:30",
Bot234,"vampuico",18,Active,"Steady Signal","Zone q14_8_5","1","19:35:35","N/A",
Bot241,"AshleyShcaefferBMW",1,Active,"VEX Beach","VEX Beach: Objective #1","1","19:34:00","N/A",
Bot243,"BaddestDragon",17,Failed,"Supply Plans","Item Secure Folder 0052","1","19:34:29","19:43:06",
Bot244,"notGreg",22,Completed,"Sawmill Marked Circle","Sawmill Marked Circle: Objective #1","1","19:34:30","19:34:37",
Bot244,"notGreg",22,Pending,"Supply Plans","Item Secure Folder 0052","1","19:34:42","N/A",
Bot245,"Acouthyt",18,Completed,"The Cult - Part 2","Zone place_peacemaker_007_2_N2","1","19:34:31","19:34:35",
Bot245,"Acouthyt",18,Active,"The Cult - Part 2","Zone place_peacemaker_007_2_N2_1","1","19:34:41","N/A",
Bot246,"Shiro-Chan",13,Completed,"Sawmill Marked Circle","Sawmill Marked Circle: Objective #1","1","19:34:31","19:34:37",
Bot246,"Shiro-Chan",13,Failed,"Supply Plans","Item Secure Folder 0052","1","19:34:42","19:53:48",
Bot248,"Марат Скульптор (Emilia)",1,Active,"Sunken Village","Sunken Village: Objective #1","1","19:34:57","N/A",
Bot250,"Reis",21,Completed,"Health Care Privacy - Part 3","Zone ter_015_area_1","1","19:35:29","19:36:49",
Bot250,"Reis",21,Completed,"Health Care Privacy - Part 3","Item Blood sample","1","19:36:54","19:36:57",
Bot250,"Reis",21,Completed,"The Cult - Part 2","Zone place_peacemaker_007_2_N2","1","19:37:02","19:44:58",
Bot250,"Reis",21,Completed,"The Cult - Part 2","Zone place_peacemaker_007_2_N2_1","1","19:45:04","19:51:06",
Bot250,"Reis",21,Archived,"Scav Bridge Overlook","Scav Bridge Overlook: Objective #2","1","19:51:11","19:52:39",
Bot250,"Reis",21,Archived,"Scav Bridge Overlook","Scav Bridge Overlook: Objective #3","1","19:52:44","19:53:00",
Bot250,"Reis",21,Archived,"Scav Bridge Overlook","Scav Bridge Overlook: Objective #4","1","19:53:05","19:53:14",
Bot250,"Reis",21,Archived,"Scav Bridge Overlook","Scav Bridge Overlook: Objective #1","1","19:53:19","19:53:26",
Bot250,"Reis",21,Completed,"Convoy","Convoy: Objective #2","1","19:53:31","19:54:15",
Bot250,"Reis",21,Completed,"Convoy","Convoy: Objective #1","1","19:54:20","19:54:31",
Bot261,"Дрон Питерский (ixcetotis)",1,Pending,"Scav Town","Scav Town: Objective #2","1","19:39:08","N/A",
Bot262,"Гоша Комитный (Tyrian)",1,Completed,"Sniper Rock Crates","Sniper Rock Crates: Objective #2","1","19:39:09","19:39:40",
Bot262,"Гоша Комитный (Tyrian)",1,Completed,"Sniper Rock Crates","Sniper Rock Crates: Objective #3","1","19:39:45","19:40:19",
Bot262,"Гоша Комитный (Tyrian)",1,Active,"Sniper Rock Crates","Sniper Rock Crates: Objective #1","1","19:40:24","N/A",
Bot263,"Devraccoon",23,Completed,"Health Care Privacy - Part 3","Zone ter_015_area_1","1","19:39:47","19:41:15",
Bot263,"Devraccoon",23,Completed,"Health Care Privacy - Part 3","Item Blood sample","1","19:41:20","19:41:29",
Bot263,"Devraccoon",23,Completed,"Ambulance","Ambulance: Objective #1","1","19:41:34","19:41:42",
Bot263,"Devraccoon",23,Completed,"RUAF Roadblock Crates","RUAF Roadblock Crates: Objective #1","1","19:41:47","19:43:32",
Bot263,"Devraccoon",23,Completed,"RUAF Roadblock Crates","RUAF Roadblock Crates: Objective #2","1","19:43:37","19:43:57",
Bot263,"Devraccoon",23,Failed,"Scav Base","Scav Base: Objective #1","1","19:44:02","19:48:46",
Bot264,"bandit",9,Failed,"Introduction","Zone huntsman_001","1","19:39:47","19:48:28",
Bot267,"Пётр Гусар (Props)",1,Completed,"Weapon Storage Shack","Weapon Storage Shack: Objective #1","1","19:42:06","19:42:54",
Bot269,"Эльдар Ресторатор (ThurmanMurman)",1,Active,"Old Sawmill","Old Sawmill: Objective #1","1","19:42:24","N/A",
Bot271,"Коля Фотошоп (Coolbugfactes)",1,Pending,"Sawmill Shack","Sawmill Shack: Objective #1","2","19:42:31","N/A",
Bot274,"Борис Пятно (jonkler)",1,Active,"Old Sawmill","Old Sawmill: Objective #1","1","19:42:56","N/A",
Bot279,"kova",21,Completed,"Northern UN Roadblock","Northern UN Roadblock: Objective #1","1","19:44:59","19:45:41",
Bot279,"kova",21,Completed,"VEX Beach","VEX Beach: Objective #1","2","19:45:46","19:52:05",
Bot279,"kova",21,Completed,"Scav Town","Scav Town: Objective #3","2","19:52:10","19:54:59",
Bot280,"Nightingale",22,Pending,"Scav Base","Scav Base: Objective #2","1","19:44:59","N/A",
Bot281,"ShadowXtrex",12,Failed,"Scav Base","Scav Base: Objective #4","1","19:45:31","19:47:14",
Bot282,"TechHappy",11,Failed,"Scav Base","Scav Base: Objective #4","1","19:45:32","19:48:07",
Bot284,"Парфений Хромой (MeowletteBlackpaw)",1,Completed,"Sawmill Shack","Sawmill Shack: Objective #1","2","19:46:35","19:48:41",
Bot284,"Парфений Хромой (MeowletteBlackpaw)",1,Active,"Sawmill Camp","Sawmill Camp: Objective #1","1","19:48:46","N/A",
Bot285,"Гриша Пузо (Kattomine)",1,Active,"Scav Town","Scav Town: Objective #2","1","19:47:17","N/A",
Bot290,"NikitaWaifu",7,Failed,"Scav Base","Scav Base: Objective #2","1","19:50:36","19:51:31",
Bot294,"Заур Комитный (GrooveypenguinX)",1,Active,"Sawmill Shack","Sawmill Shack: Objective #1","1","19:51:19","N/A",
Bot297,"gasmo",13,Completed,"Scav Base","Scav Base: Objective #3","1","19:52:13","19:52:53",
Bot297,"gasmo",13,Completed,"Scav Base","Scav Base: Objective #2","4","19:52:58","19:53:53",
Bot297,"gasmo",13,Completed,"Scav Base","Scav Base: Objective #4","2","19:53:58","19:54:35",
Bot297,"gasmo",13,Active,"Scav Base","Scav Base: Objective #1","1","19:54:40","N/A",
