Bot Name,Bot Nickname,Bot Level,Assignment Status,Quest Name,Objective Name,Step Number,Start Time,End Time
Bot1,"DewardianDev",5,Completed,"Introduction","Item Encrypted message","1","22:24:17","22:25:40",
Bot1,"DewardianDev",5,Failed,"Scav Base","Scav Base: Objective #2","1","22:25:45","22:27:47",
Bot2,"Bepis",14,Failed,"Supply Plans","Item Secure Folder 0052","1","22:24:18","22:27:26",
Bot3,"dushaoan",8,Completed,"The Survivalist Path - Thrifty","Zone huntsman_005_2","2","22:24:18","22:27:30",
Bot3,"dushaoan",8,Failed,"The Survivalist Path - Thrifty","Zone huntsman_005_1","1","22:27:35","22:28:22",
Bot3,"dushaoan",8,Completed,"ZB-014 Inner Room","ZB-014 Inner Room: Objective #1","1","22:28:24","22:28:24",
Bot3,"dushaoan",8,Completed,"ZB014 Outhouses","ZB014 Outhouses: Objective #1","1","22:28:29","22:29:11",
Bot3,"dushaoan",8,Completed,"Sawmill Checkpoint Sniping 2","Sawmill Checkpoint Sniping 2: Objective #1","2","22:29:16","22:31:02",
Bot3,"dushaoan",8,Active,"Sawmill Warehouse","Sawmill Warehouse: Objective #1","1","22:31:07","N/A",
Bot5,"JaydanCan",15,Completed,"Sawmill Checkpoint","Sawmill Checkpoint: Objective #1","4","22:24:19","22:26:42",
Bot5,"JaydanCan",15,Completed,"Boss Hunter","Spawn Point (187.1 3.4 -149.6)","1","22:26:47","22:27:36",
Bot5,"JaydanCan",15,Completed,"Boss Hunter","Spawn Point (242.9 1.5 -164.3)","1","22:27:41","22:29:20",
Bot5,"JaydanCan",15,Completed,"Boss Hunter","Spawn Point (307.9 -0.6 -159.8)","1","22:29:25","22:29:52",
Bot5,"JaydanCan",15,Completed,"Boss Hunter","Spawn Point (348.8 -0.9 -155.9)","1","22:29:57","22:31:21",
Bot5,"JaydanCan",15,Completed,"Boss Hunter","Spawn Point (355.3 -0.3 -91.5)","1","22:31:26","22:31:45",
Bot5,"JaydanCan",15,Failed,"Boss Hunter","Spawn Point (135.1 8.5 -174.2)","1","22:31:50","22:36:15",
Bot6,"Capataina",11,Failed,"The Survivalist Path - Thrifty","Zone huntsman_005_2","1","22:24:20","22:36:04",
Bot7,"Mayoringram",13,Failed,"Northern UN Roadblock","Northern UN Roadblock: Objective #1","1","22:24:20","22:25:03",
Bot8,"Carl",3,Active,"The Survivalist Path - Thrifty","Zone huntsman_005_1","1","22:24:20","N/A",
Bot9,"Notch",10,Completed,"The Survivalist Path - Thrifty","Zone huntsman_005_1","2","22:24:22","22:25:31",
Bot9,"Notch",10,Failed,"The Survivalist Path - Thrifty","Zone huntsman_005_2","1","22:25:36","22:27:01",
Bot10,"!Komino Style!",5,Failed,"Old Sawmill","Old Sawmill: Objective #1","1","22:24:22","22:28:43",
Bot26,"BaddestDragon",14,Completed,"Supply Plans","Item Secure Folder 0052","1","22:30:03","22:34:11",
Bot26,"BaddestDragon",14,Completed,"Sawmill Cabins","Sawmill Cabins: Objective #2","2","22:34:17","22:34:40",
Bot26,"BaddestDragon",14,Completed,"Sawmill Cabins","Sawmill Cabins: Objective #1","2","22:34:45","22:35:14",
Bot26,"BaddestDragon",14,Completed,"Sawmill Cabins","Sawmill Cabins: Objective #3","1","22:35:19","22:35:32",
Bot26,"BaddestDragon",14,Completed,"Sawmill Warehouse","Sawmill Warehouse: Objective #2","1","22:35:37","22:36:05",
Bot26,"BaddestDragon",14,Completed,"Sawmill Warehouse","Sawmill Warehouse: Objective #1","2","22:36:10","22:36:55",
Bot27,"CreamCheese",16,Failed,"Gratitude","Zone place_THX_15","1","22:30:03","22:33:32",
Bot33,"Карлуша Заводской (Stako)",1,Completed,"Weapon Storage Shack","Weapon Storage Shack: Objective #1","1","22:31:13","22:34:22",
Bot33,"Карлуша Заводской (Stako)",1,Failed,"Dead Man's Place","Dead Man's Place: Objective #1","1","22:34:27","22:34:39",
Bot43,"Кабан Пукан (Notch)",1,Completed,"Sawmill Shack","Sawmill Shack: Objective #1","2","22:34:13","22:35:36",
Bot43,"Кабан Пукан (Notch)",1,Active,"Ambulance","Ambulance: Objective #1","1","22:35:41","N/A",
Bot45,"Rhyufer",3,Active,"The Survivalist Path - Thrifty","Zone huntsman_005_1","1","22:36:33","N/A",
Bot46,"ImTheRickHere",9,Pending,"Introduction","Zone huntsman_001","1","22:36:34","N/A",
