Bot Name,Bot Nickname,Bot Level,Assignment Status,Quest Name,Objective Name,Step Number,Start Time,End Time
Bot2,"Security-Sama",10,Completed,"Introduction","Item Encrypted message","1","20:58:11","20:58:39",
Bot2,"Security-Sama",10,Completed,"Introduction","Zone huntsman_001","1","20:58:44","20:58:55",
Bot2,"Security-Sama",10,Completed,"The Survivalist Path - Thrifty","Zone huntsman_005_1","2","20:59:00","21:00:24",
Bot2,"Security-Sama",10,Failed,"The Survivalist Path - Thrifty","Zone huntsman_005_2","1","21:00:29","21:04:15",
Bot4,"ViolentAmbush",9,Completed,"Introduction","Zone huntsman_001","1","20:58:11","21:02:44",
Bot4,"ViolentAmbush",9,Pending,"The Survivalist Path - Thrifty","Zone huntsman_005_1","2","21:02:49","N/A",
Bot4,"ViolentAmbush",9,Completed,"The Survivalist Path - Thrifty","Zone huntsman_005_2","2","21:04:35","21:11:52",
Bot4,"ViolentAmbush",9,Completed,"ZB-014 Inner Room","ZB-014 Inner Room: Objective #1","1","21:11:57","21:12:55",
Bot4,"ViolentAmbush",9,Active,"ZB014 Outhouses","ZB014 Outhouses: Objective #1","1","21:13:00","N/A",
Bot3,"ODT",18,Completed,"Scav Town Sniping","Scav Town Sniping: Objective #3","2","20:58:11","21:02:07",
Bot3,"ODT",18,Completed,"Scav Town Sniping","Scav Town Sniping: Objective #1","2","21:02:12","21:05:32",
Bot3,"ODT",18,Completed,"Scav Town Sniping","Scav Town Sniping: Objective #2","2","21:05:37","21:07:46",
Bot3,"ODT",18,Completed,"VEX Beach","VEX Beach: Objective #1","2","21:07:51","21:11:16",
Bot3,"ODT",18,Active,"The Cult - Part 2","Zone place_peacemaker_007_2_N2_1","1","21:11:21","N/A",
Bot7,"Andrudis",4,Failed,"Scav Base","Scav Base: Objective #1","1","20:58:11","20:59:34",
Bot8,"Snofielf",14,Completed,"Sawmill Checkpoint Nearby Rocks","Sawmill Checkpoint Nearby Rocks: Objective #1","1","20:58:11","20:58:18",
Bot8,"Snofielf",14,Completed,"Search Mission","Zone pr_scout_base","1","20:58:23","21:01:00",
Bot8,"Snofielf",14,Completed,"Search Mission","Zone pr_scout_col","1","21:01:06","21:02:48",
Bot8,"Snofielf",14,Failed,"USEC Camp North","USEC Camp North: Objective #1","1","21:02:53","21:03:55",
Bot5,"AtonicX",15,Pending,"Gratitude","Zone place_THX_15","1","20:58:11","N/A",
Bot9,"mxa9690",16,Failed,"Search Mission","Zone pr_scout_base","1","20:58:11","21:03:36",
Bot6,"OutsiderH",16,Pending,"Supply Plans","Item Secure Folder 0052","1","20:58:11","N/A",
Bot14,"Kilgor616",12,Completed,"Search Mission","Zone pr_scout_base","1","20:58:12","20:58:31",
Bot14,"Kilgor616",12,Completed,"Search Mission","Zone pr_scout_col","1","20:58:36","20:59:28",
Bot14,"Kilgor616",12,Completed,"USEC Camp South","USEC Camp South: Objective #1","3","20:59:33","21:00:50",
Bot14,"Kilgor616",12,Completed,"USEC Camp South","USEC Camp South: Objective #2","1","21:00:55","21:01:22",
Bot14,"Kilgor616",12,Completed,"USEC Camp South","USEC Camp South: Objective #3","4","21:01:27","21:02:01",
Bot14,"Kilgor616",12,Completed,"USEC Camp North","USEC Camp North: Objective #4","2","21:02:07","21:02:36",
Bot14,"Kilgor616",12,Completed,"USEC Camp North","USEC Camp North: Objective #3","1","21:02:41","21:02:50",
Bot14,"Kilgor616",12,Completed,"USEC Camp North","USEC Camp North: Objective #1","3","21:02:55","21:03:19",
Bot14,"Kilgor616",12,Completed,"USEC Camp North","USEC Camp North: Objective #2","2","21:03:24","21:04:48",
Bot14,"Kilgor616",12,Completed,"Sawmill Cabins","Sawmill Cabins: Objective #3","1","21:04:53","21:10:10",
Bot14,"Kilgor616",12,Completed,"Sawmill Cabins","Sawmill Cabins: Objective #2","2","21:10:16","21:10:35",
Bot14,"Kilgor616",12,Completed,"Sawmill Cabins","Sawmill Cabins: Objective #1","2","21:10:40","21:11:09",
Bot14,"Kilgor616",12,Active,"Scav Base Sniping","Scav Base Sniping: Objective #1","1","21:11:14","N/A",
Bot26,"nooky",10,Completed,"Sawmill Cabins","Sawmill Cabins: Objective #1","2","21:03:22","21:07:25",
Bot26,"nooky",10,Completed,"Sawmill Cabins","Sawmill Cabins: Objective #2","2","21:07:30","21:07:54",
Bot26,"nooky",10,Completed,"Sawmill Cabins","Sawmill Cabins: Objective #3","1","21:07:59","21:09:30",
Bot26,"nooky",10,Completed,"Introduction","Zone huntsman_001","1","21:09:35","21:12:07",
Bot26,"nooky",10,Active,"Scav Base","Scav Base: Objective #2","1","21:12:13","N/A",
Bot38,"Trainfriend",3,Completed,"The Survivalist Path - Thrifty","Zone huntsman_005_1","2","21:08:43","21:10:35",
Bot38,"Trainfriend",3,Active,"The Survivalist Path - Thrifty","Zone huntsman_005_2","1","21:10:40","N/A",
Bot40,"InternalError_",5,Completed,"Sawmill Shack","Sawmill Shack: Objective #1","2","21:09:32","21:10:31",
Bot40,"InternalError_",5,Active,"Sawmill Patrol","Sawmill Patrol: Objective #3","2","21:10:36","N/A",
