Bot Name,Bot Nickname,Bot Level,Assignment Status,Quest Name,Objective Name,Step Number,Start Time,End Time
Bot2,"NORVINSK_EVANGELION",3,Completed,"Introduction","Item Encrypted message","1","17:48:58","17:49:28",
Bot2,"NORVINSK_EVANGELION",3,Completed,"Introduction","Zone huntsman_001","1","17:49:33","17:49:43",
Bot2,"NORVINSK_EVANGELION",3,Completed,"The Survivalist Path - Thrifty","Zone huntsman_005_1","2","17:49:48","17:51:38",
Bot2,"NORVINSK_EVANGELION",3,Completed,"The Survivalist Path - Thrifty","Zone huntsman_005_2","2","17:51:43","18:00:14",
Bot3,"thorncp",6,Completed,"Northern UN Roadblock","Northern UN Roadblock: Objective #1","1","17:48:58","17:49:19",
Bot3,"thorncp",6,Completed,"Old Sawmill","Old Sawmill: Objective #1","1","17:49:24","17:49:55",
Bot3,"thorncp",6,Completed,"Old Sawmill","Old Sawmill: Objective #3","1","17:50:00","17:50:31",
Bot3,"thorncp",6,Completed,"Old Sawmill","Old Sawmill: Objective #2","2","17:50:36","17:51:17",
Bot3,"thorncp",6,Completed,"Old Sawmill","Old Sawmill: Objective #4","3","17:51:22","17:52:14",
Bot3,"thorncp",6,Completed,"Old Sawmill","Old Sawmill: Objective #5","1","17:52:19","17:52:34",
Bot3,"thorncp",6,Completed,"Scav Town","Scav Town: Objective #2","1","17:52:39","17:53:59",
Bot3,"thorncp",6,Pending,"Scav Town","Scav Town: Objective #1","1","17:54:04","N/A",
Bot3,"thorncp",6,Completed,"Scav Town","Scav Town: Objective #5","3","17:54:42","17:55:31",
Bot3,"thorncp",6,Completed,"Scav Town","Scav Town: Objective #3","2","17:55:36","17:56:21",
Bot3,"thorncp",6,Completed,"Scav Town","Scav Town: Objective #4","2","17:56:26","17:57:00",
Bot3,"thorncp",6,Active,"The Survivalist Path - Thrifty","Zone huntsman_005_1","1","17:57:05","N/A",
Bot4,"nooky",13,Archived,"Scav Base","Scav Base: Objective #1","5","17:48:58","17:50:32",
Bot4,"nooky",13,Archived,"Scav Base","Scav Base: Objective #4","2","17:50:37","17:51:14",
Bot4,"nooky",13,Archived,"Scav Base","Scav Base: Objective #3","1","17:51:19","17:51:42",
Bot4,"nooky",13,Archived,"Scav Base","Scav Base: Objective #2","4","17:51:47","17:52:45",
Bot4,"nooky",13,Archived,"Scav Base Sniping","Scav Base Sniping: Objective #1","2","17:52:50","17:54:19",
Bot4,"nooky",13,Completed,"Supply Plans","Item Secure Folder 0052","1","17:54:24","17:55:47",
Bot4,"nooky",13,Completed,"Sawmill Cabins","Sawmill Cabins: Objective #2","2","17:55:52","17:56:14",
Bot4,"nooky",13,Completed,"Sawmill Cabins","Sawmill Cabins: Objective #1","2","17:56:19","17:56:43",
Bot4,"nooky",13,Completed,"Sawmill Cabins","Sawmill Cabins: Objective #3","1","17:56:48","17:57:12",
Bot4,"nooky",13,Pending,"Sawmill Patrol","Sawmill Patrol: Objective #1","2","17:57:17","N/A",
Bot4,"nooky",13,Completed,"Sawmill Patrol","Sawmill Patrol: Objective #2","2","17:59:39","18:00:55",
Bot4,"nooky",13,Completed,"Sawmill Patrol","Sawmill Patrol: Objective #4","2","18:01:00","18:02:28",
Bot4,"nooky",13,Completed,"Sawmill Patrol","Sawmill Patrol: Objective #5","2","18:02:33","18:04:37",
Bot4,"nooky",13,Completed,"Sawmill Patrol","Sawmill Patrol: Objective #3","2","18:04:42","18:06:05",
Bot4,"nooky",13,Completed,"Sawmill Shack","Sawmill Shack: Objective #1","2","18:06:10","18:06:40",
Bot4,"nooky",13,Active,"Scav Base","Scav Base: Objective #2","1","18:06:45","N/A",
Bot5,"HiddenCirno",20,Completed,"USEC Camp South","USEC Camp South: Objective #2","1","17:48:59","17:49:19",
Bot5,"HiddenCirno",20,Completed,"USEC Camp South","USEC Camp South: Objective #1","3","17:49:24","17:50:14",
Bot5,"HiddenCirno",20,Failed,"USEC Camp South","USEC Camp South: Objective #3","2","17:50:19","17:50:55",
Bot6,"Thunderbags",20,Failed,"The Cult - Part 2","Zone place_peacemaker_007_2_N2_1","1","17:48:59","17:53:22",
Bot7,"Props",14,Failed,"Search Mission","Zone pr_scout_col","1","17:48:59","17:52:45",
Bot27,"Security-Sama",11,Failed,"Search Mission","Zone pr_scout_col","1","17:56:00","17:57:02",
Bot28,"MMX",10,Failed,"Scav Bunker","Scav Bunker: Objective #2","2","17:56:01","18:01:32",
Bot31,"TheSparta",11,Completed,"Introduction","Item Encrypted message","1","17:57:32","18:06:04",
Bot31,"TheSparta",11,Completed,"Introduction","Zone huntsman_001","1","18:06:09","18:06:13",
Bot31,"TheSparta",11,Completed,"Scav Base","Scav Base: Objective #2","4","18:06:18","18:11:11",
Bot31,"TheSparta",11,Completed,"Scav Base","Scav Base: Objective #3","1","18:11:16","18:11:34",
Bot31,"TheSparta",11,Completed,"Scav Base","Scav Base: Objective #4","2","18:11:39","18:12:01",
Bot31,"TheSparta",11,Completed,"Scav Base","Scav Base: Objective #1","5","18:12:06","18:13:17",
Bot31,"TheSparta",11,Completed,"Sawmill Beach Sniping","Sawmill Beach Sniping: Objective #1","2","18:13:22","18:15:38",
Bot31,"TheSparta",11,Active,"Scav Base Sniping","Scav Base Sniping: Objective #1","1","18:15:44","N/A",
Bot33,"Ричи Задротов (Extrenz Arnautov)",1,Pending,"Sniper Rock Crates","Sniper Rock Crates: Objective #1","1","17:57:46","N/A",
Bot34,"冰淇淋",20,Completed,"Steady Signal","Zone q14_8_3","1","17:57:50","18:02:32",
Bot34,"冰淇淋",20,Completed,"Steady Signal","Zone q14_8_2","1","18:02:37","18:08:10",
Bot34,"冰淇淋",20,Completed,"Sawmill Cabins","Sawmill Cabins: Objective #3","1","18:08:15","18:11:10",
Bot34,"冰淇淋",20,Completed,"Sawmill Cabins","Sawmill Cabins: Objective #2","2","18:11:15","18:11:34",
Bot34,"冰淇淋",20,Completed,"Sawmill Cabins","Sawmill Cabins: Objective #1","2","18:11:39","18:12:07",
Bot34,"冰淇淋",20,Pending,"Sawmill Patrol","Sawmill Patrol: Objective #2","1","18:12:12","N/A",
Bot34,"冰淇淋",20,Completed,"Sawmill Patrol","Sawmill Patrol: Objective #4","2","18:12:53","18:14:25",
Bot34,"冰淇淋",20,Completed,"Sawmill Patrol","Sawmill Patrol: Objective #5","2","18:14:30","18:15:15",
Bot34,"冰淇淋",20,Active,"Sawmill Patrol","Sawmill Patrol: Objective #3","2","18:15:20","N/A",
Bot35,"Brin",18,Pending,"The Cult - Part 2","Zone place_peacemaker_007_2_N2","1","17:57:50","N/A",
Bot48,"Clerance",2,Archived,"Scav Bunker","Scav Bunker: Objective #1","2","18:03:03","18:05:08",
Bot48,"Clerance",2,Archived,"Scav Bunker","Scav Bunker: Objective #3","2","18:05:13","18:05:37",
Bot48,"Clerance",2,Archived,"Scav Bunker","Scav Bunker: Objective #2","2","18:05:42","18:06:36",
Bot48,"Clerance",2,Completed,"USEC Camp North","USEC Camp North: Objective #2","2","18:06:41","18:09:56",
Bot48,"Clerance",2,Completed,"USEC Camp North","USEC Camp North: Objective #1","3","18:10:01","18:10:36",
Bot48,"Clerance",2,Completed,"USEC Camp North","USEC Camp North: Objective #3","1","18:10:41","18:10:48",
Bot48,"Clerance",2,Completed,"USEC Camp North","USEC Camp North: Objective #4","2","18:10:53","18:11:27",
Bot48,"Clerance",2,Completed,"USEC Camp South","USEC Camp South: Objective #1","3","18:11:32","18:12:44",
Bot48,"Clerance",2,Completed,"USEC Camp South","USEC Camp South: Objective #2","1","18:12:49","18:13:04",
Bot48,"Clerance",2,Completed,"USEC Camp South","USEC Camp South: Objective #3","4","18:13:10","18:14:10",
Bot48,"Clerance",2,Completed,"Convoy","Convoy: Objective #1","1","18:14:15","18:15:06",
Bot48,"Clerance",2,Completed,"Convoy","Convoy: Objective #2","1","18:15:11","18:15:21",
Bot48,"Clerance",2,Active,"Scav Bridge Overlook","Scav Bridge Overlook: Objective #4","1","18:15:26","N/A",
Bot49,"waffentrageraufe100",9,Completed,"Search Mission","Zone pr_scout_col","1","18:03:03","18:09:11",
Bot49,"waffentrageraufe100",9,Completed,"Search Mission","Zone pr_scout_base","1","18:09:16","18:10:23",
Bot49,"waffentrageraufe100",9,Completed,"USEC Camp South","USEC Camp South: Objective #2","1","18:10:28","18:10:49",
Bot49,"waffentrageraufe100",9,Completed,"USEC Camp South","USEC Camp South: Objective #3","4","18:10:54","18:11:50",
Bot49,"waffentrageraufe100",9,Completed,"USEC Camp South","USEC Camp South: Objective #1","3","18:11:55","18:12:55",
Bot49,"waffentrageraufe100",9,Completed,"USEC Camp North","USEC Camp North: Objective #4","2","18:13:00","18:13:32",
Bot49,"waffentrageraufe100",9,Completed,"USEC Camp North","USEC Camp North: Objective #3","1","18:13:37","18:13:50",
Bot49,"waffentrageraufe100",9,Pending,"USEC Camp North","USEC Camp North: Objective #2","1","18:13:55","N/A",
Bot49,"waffentrageraufe100",9,Completed,"USEC Camp North","USEC Camp North: Objective #1","3","18:14:26","18:14:55",
Bot49,"waffentrageraufe100",9,Completed,"Convoy","Convoy: Objective #1","1","18:15:00","18:15:30",
Bot49,"waffentrageraufe100",9,Pending,"Convoy","Convoy: Objective #2","1","18:15:35","N/A",
Bot50,"Crackbone",19,Failed,"Steady Signal","Zone q14_8_3","1","18:03:08","18:03:32",
Bot51,"monsterfoxtrot",7,Failed,"Search Mission","Zone pr_scout_col","1","18:03:09","18:03:28",
Bot60,"DocYen",9,Pending,"Sawmill Warehouse","Sawmill Warehouse: Objective #2","1","18:06:04","N/A",
Bot59,"Barlog_M",6,Completed,"Sniper Rock Crates","Sniper Rock Crates: Objective #3","1","18:06:04","18:06:13",
Bot59,"Barlog_M",6,Completed,"Sniper Rock Crates","Sniper Rock Crates: Objective #2","1","18:06:18","18:06:38",
Bot59,"Barlog_M",6,Completed,"Sniper Rock Crates","Sniper Rock Crates: Objective #1","1","18:06:43","18:11:02",
Bot59,"Barlog_M",6,Completed,"Spine","Spine: Objective #1","1","18:11:07","18:14:08",
Bot59,"Barlog_M",6,Active,"Spine","Spine: Objective #2","1","18:14:13","N/A",
Bot63,"Жора Колпак (Coolbugfactes)",1,Pending,"Scav Base","Scav Base: Objective #2","1","18:06:37","N/A",
Bot66,"Кирюха Шпингалет (jbs4bmx)",1,Active,"Scav Base","Scav Base: Objective #2","1","18:08:09","N/A",
Bot68,"Tobi",5,Completed,"Sunken Village","Sunken Village: Objective #1","1","18:08:28","18:08:33",
Bot68,"Tobi",5,Active,"Sunken Village","Sunken Village: Objective #3","1","18:08:38","N/A",
Bot69,"ThurmanMurman",4,Pending,"Scav Town","Scav Town: Objective #5","1","18:08:28","N/A",
Bot72,"Саша Сладкоежка (NugentGL)",1,Failed,"Convoy","Convoy: Objective #1","1","18:09:18","18:14:46",
Bot78,"Паисий Мошенник (DevilFlippy)",1,Active,"Sniper Rock Crates","Sniper Rock Crates: Objective #2","1","18:14:14","N/A",
Bot82,"Тарас Травмат (VampireKittenThe2nd)",1,Pending,"Sawmill Shack","Sawmill Shack: Objective #1","1","18:15:08","N/A",
Bot85,"PhantomInTime",12,Pending,"Scav Base","Scav Base: Objective #2","1","18:15:18","N/A",
Bot84,"bitwarrior",17,Active,"Sniper Rock Crates","Sniper Rock Crates: Objective #2","1","18:15:18","N/A",
Bot86,"Ratthew",21,Pending,"Old Sawmill","Old Sawmill: Objective #1","1","18:15:18","N/A",
Bot83,"Kobrakon",4,Active,"Scav Town","Scav Town: Objective #2","1","18:15:19","N/A",
