Bot Name,Bot Nickname,Bot Level,Assignment Status,Quest Name,Objective Name,Step Number,Start Time,End Time
Bot210,"Mr_Pudlik",5,Completed,"Scav Town","Scav Town: Objective #5","3","22:16:33","22:19:31",
Bot210,"Mr_Pudlik",5,Completed,"Scav Town","Scav Town: Objective #1","3","22:19:36","22:20:29",
Bot210,"Mr_Pudlik",5,Completed,"Scav Town","Scav Town: Objective #2","1","22:20:34","22:20:55",
Bot210,"Mr_Pudlik",5,Failed,"Scav Town","Scav Town: Objective #4","1","22:21:00","22:30:48",
Bot210,"Mr_Pudlik",5,Completed,"Scav Town","Scav Town: Objective #3","2","22:22:33","22:23:10",
Bot210,"Mr_Pudlik",5,Completed,"Scav Town Sniping","Scav Town Sniping: Objective #2","2","22:23:15","22:27:01",
Bot210,"Mr_Pudlik",5,Failed,"Scav Town Sniping","Scav Town Sniping: Objective #1","2","22:27:06","22:30:48",
Bot210,"Mr_Pudlik",5,Failed,"Scav Town Sniping","Scav Town Sniping: Objective #3","1","22:29:32","22:30:48",
Bot214,"Tobi",23,Completed,"USEC Camp North","USEC Camp North: Objective #4","2","22:16:35","22:17:25",
Bot214,"Tobi",23,Completed,"USEC Camp North","USEC Camp North: Objective #3","1","22:17:30","22:17:43",
Bot214,"Tobi",23,Completed,"USEC Camp North","USEC Camp North: Objective #2","2","22:17:48","22:19:03",
Bot214,"Tobi",23,Completed,"USEC Camp North","USEC Camp North: Objective #1","3","22:19:08","22:20:06",
Bot214,"Tobi",23,Completed,"Scav Bridge Overlook","Scav Bridge Overlook: Objective #4","1","22:20:11","22:21:28",
Bot214,"Tobi",23,Completed,"Scav Bridge Overlook","Scav Bridge Overlook: Objective #2","1","22:21:33","22:21:40",
Bot214,"Tobi",23,Completed,"Scav Bridge Overlook","Scav Bridge Overlook: Objective #3","1","22:21:45","22:21:51",
Bot214,"Tobi",23,Pending,"Scav Bridge Overlook","Scav Bridge Overlook: Objective #1","1","22:21:56","N/A",
Bot214,"Tobi",23,Active,"Steady Signal","Zone q14_8_1","1","22:22:23","N/A",
Bot211,"Carl",10,Completed,"Introduction","Item Encrypted message","1","22:16:36","22:17:45",
Bot211,"Carl",10,Completed,"Introduction","Zone huntsman_001","1","22:17:50","22:17:57",
Bot211,"Carl",10,Completed,"The Survivalist Path - Thrifty","Zone huntsman_005_1","2","22:18:03","22:19:22",
Bot211,"Carl",10,Failed,"The Survivalist Path - Thrifty","Zone huntsman_005_2","1","22:19:27","22:27:29",
Bot212,"Shiro-chan",15,Completed,"Scav Town","Scav Town: Objective #5","3","22:16:36","22:17:43",
Bot212,"Shiro-chan",15,Completed,"Scav Town","Scav Town: Objective #1","3","22:17:48","22:18:44",
Bot212,"Shiro-chan",15,Completed,"Scav Town","Scav Town: Objective #2","1","22:18:49","22:19:10",
Bot212,"Shiro-chan",15,Completed,"Scav Town","Scav Town: Objective #4","2","22:19:16","22:20:02",
Bot212,"Shiro-chan",15,Completed,"Scav Town","Scav Town: Objective #3","2","22:20:07","22:20:48",
Bot212,"Shiro-chan",15,Completed,"Spine","Spine: Objective #2","1","22:20:53","22:22:59",
Bot212,"Shiro-chan",15,Completed,"Spine","Spine: Objective #1","1","22:23:04","22:24:15",
Bot212,"Shiro-chan",15,Failed,"Scav Town Sniping","Scav Town Sniping: Objective #3","2","22:24:20","22:30:20",
Bot215,"ColonelPeePantz",20,Completed,"Steady Signal","Zone q14_8_1","1","22:16:37","22:16:54",
Bot215,"ColonelPeePantz",20,Completed,"Steady Signal","Zone q14_8_3","1","22:16:59","22:20:31",
Bot215,"ColonelPeePantz",20,Completed,"Steady Signal","Zone q14_8_2","1","22:20:36","22:22:38",
Bot215,"ColonelPeePantz",20,Completed,"Sniper Rock Crates","Sniper Rock Crates: Objective #3","1","22:22:43","22:22:46",
Bot215,"ColonelPeePantz",20,Completed,"Sniper Rock Crates","Sniper Rock Crates: Objective #2","1","22:22:51","22:23:12",
Bot215,"ColonelPeePantz",20,Completed,"Sniper Rock Crates","Sniper Rock Crates: Objective #1","1","22:23:17","22:23:54",
Bot215,"ColonelPeePantz",20,Completed,"Gratitude","Zone place_THX_15","2","22:23:59","22:27:26",
Bot218,"bandit",17,Pending,"Scav House Sniping","Scav House Sniping: Objective #1","1","22:16:38","N/A",
Bot218,"bandit",17,Completed,"Scav House Sniping","Scav House Sniping: Objective #2","2","22:16:53","22:23:22",
Bot218,"bandit",17,Active,"Scav House Sniping","Scav House Sniping: Objective #3","2","22:23:27","N/A",
Bot219,"Mako",6,Completed,"The Survivalist Path - Thrifty","Zone huntsman_005_2","2","22:16:39","22:26:31",
Bot219,"Mako",6,Failed,"The Survivalist Path - Thrifty","Zone huntsman_005_1","1","22:26:36","22:32:18",
Bot220,"CthuluTheMadGod",8,Completed,"Sunken Village","Sunken Village: Objective #2","1","22:16:39","22:17:24",
Bot220,"CthuluTheMadGod",8,Completed,"Sunken Village","Sunken Village: Objective #3","1","22:17:29","22:18:42",
Bot220,"CthuluTheMadGod",8,Completed,"Sunken Village","Sunken Village: Objective #1","1","22:18:47","22:22:18",
Bot220,"CthuluTheMadGod",8,Active,"Search Mission","Zone pr_scout_col","1","22:22:23","N/A",
Bot221,"cowkiller19",15,Completed,"Steady Signal","Zone q14_8_3","1","22:16:40","22:25:40",
Bot221,"cowkiller19",15,Completed,"Steady Signal","Zone q14_8_2","1","22:25:45","22:27:35",
Bot221,"cowkiller19",15,Completed,"Steady Signal","Zone q14_8_5","1","22:27:41","22:33:17",
Bot221,"cowkiller19",15,Completed,"Scav Base","Scav Base: Objective #2","4","22:33:22","22:35:35",
Bot221,"cowkiller19",15,Completed,"Scav Base","Scav Base: Objective #3","1","22:35:41","22:36:09",
Bot221,"cowkiller19",15,Completed,"Scav Base","Scav Base: Objective #4","2","22:36:15","22:36:34",
Bot221,"cowkiller19",15,Pending,"Scav Base","Scav Base: Objective #1","2","22:36:39","N/A",
Bot236,"RedKeyCard",23,Completed,"Supply Plans","Item Secure Folder 0052","1","22:23:19","22:24:48",
Bot236,"RedKeyCard",23,Completed,"Sawmill Warehouse","Sawmill Warehouse: Objective #2","1","22:24:54","22:25:41",
Bot236,"RedKeyCard",23,Completed,"Sawmill Warehouse","Sawmill Warehouse: Objective #1","2","22:25:46","22:26:11",
Bot236,"RedKeyCard",23,Completed,"The Cult - Part 2","Zone place_peacemaker_007_2_N2","1","22:26:17","22:26:47",
Bot236,"RedKeyCard",23,Pending,"The Cult - Part 2","Zone place_peacemaker_007_2_N2_1","1","22:26:52","N/A",
Bot237,"craink",27,Pending,"Supply Plans","Item Secure Folder 0052","1","22:23:19","N/A",
Bot239,"Hobbes",11,Completed,"The Survivalist Path - Thrifty","Zone huntsman_005_1","2","22:24:41","22:25:28",
Bot239,"Hobbes",11,Failed,"The Survivalist Path - Thrifty","Zone huntsman_005_2","1","22:25:33","22:25:59",
Bot247,"Лева Студент (白闲者)",1,Active,"Scav Base","Scav Base: Objective #2","1","22:26:48","N/A",
Bot248,"Паисий Покоцаный (红衣抚琴染绛天涯)",1,Active,"Sniper Rock Crates","Sniper Rock Crates: Objective #1","1","22:28:40","N/A",
Bot253,"Паштет Дикий (SovietWalrus)",1,Pending,"Sawmill Shack","Sawmill Shack: Objective #1","1","22:29:53","N/A",
Bot254,"Acouthyt",5,Completed,"Sniper Rock Crates","Sniper Rock Crates: Objective #3","1","22:29:58","22:30:05",
Bot254,"Acouthyt",5,Completed,"Sniper Rock Crates","Sniper Rock Crates: Objective #2","1","22:30:11","22:30:40",
Bot254,"Acouthyt",5,Completed,"Sniper Rock Crates","Sniper Rock Crates: Objective #1","1","22:30:45","22:31:22",
Bot254,"Acouthyt",5,Completed,"Sawmill Cabins","Sawmill Cabins: Objective #3","1","22:31:28","22:33:34",
Bot254,"Acouthyt",5,Completed,"Sawmill Cabins","Sawmill Cabins: Objective #2","2","22:33:39","22:34:06",
Bot254,"Acouthyt",5,Completed,"Sawmill Cabins","Sawmill Cabins: Objective #1","2","22:34:11","22:34:39",
Bot254,"Acouthyt",5,Failed,"Spine","Spine: Objective #1","1","22:34:44","22:38:12",
Bot255,"thorncp",12,Active,"Sawmill Patrol","Sawmill Patrol: Objective #1","2","22:29:59","N/A",
Bot257,"Пися Контрольный (The2ndarbiter)",1,Active,"Sawmill Camp","Sawmill Camp: Objective #1","1","22:30:25","N/A",
Bot259,"F1oridaMan",14,Active,"Supply Plans","Item Secure Folder 0052","1","22:32:09","N/A",
Bot260,"5o2",2,Pending,"Introduction","Item Encrypted message","1","22:32:10","N/A",
Bot261,"Devraccoon",23,Pending,"Sniper Rock Crates","Sniper Rock Crates: Objective #3","1","22:32:10","N/A",
Bot262,"Bepis",6,Completed,"Introduction","Item Encrypted message","1","22:32:16","22:33:30",
Bot262,"Bepis",6,Completed,"Introduction","Zone huntsman_001","1","22:33:36","22:36:12",
Bot262,"Bepis",6,Completed,"Scav Base","Scav Base: Objective #2","4","22:36:17","22:38:36",
Bot262,"Bepis",6,Completed,"Scav Base","Scav Base: Objective #3","1","22:38:41","22:38:46",
Bot262,"Bepis",6,Completed,"Scav Base","Scav Base: Objective #4","2","22:38:51","22:39:11",
Bot262,"Bepis",6,Pending,"Scav Base","Scav Base: Objective #1","3","22:39:16","N/A",
Bot263,"kwebber321",27,Pending,"Supply Plans","Item Secure Folder 0052","1","22:32:17","N/A",
Bot277,"Гарри Виртуоз (Senko)",1,Failed,"Sniper Rock Crates","Sniper Rock Crates: Objective #2","1","22:35:58","22:39:28",
Bot280,"Толя Гаджет (Vega)",1,Completed,"Old Sawmill","Old Sawmill: Objective #1","1","22:37:25","22:38:36",
Bot280,"Толя Гаджет (Vega)",1,Completed,"Old Sawmill","Old Sawmill: Objective #3","1","22:38:41","22:39:23",
Bot280,"Толя Гаджет (Vega)",1,Completed,"Old Sawmill","Old Sawmill: Objective #2","2","22:39:28","22:39:51",
Bot280,"Толя Гаджет (Vega)",1,Active,"Old Sawmill","Old Sawmill: Objective #4","1","22:39:56","N/A",
Bot282,"Mylu",6,Failed,"Spine","Spine: Objective #1","1","22:37:26","22:39:42",
Bot283,"Trainfriend",3,Active,"Scav Base","Scav Base: Objective #2","1","22:37:27","N/A",
Bot284,"Awafrican",20,Completed,"Sniper Rock Crates","Sniper Rock Crates: Objective #3","1","22:37:27","22:37:35",
Bot284,"Awafrican",20,Pending,"Sniper Rock Crates","Sniper Rock Crates: Objective #2","1","22:37:40","N/A",
Bot288,"monsterfoxtrot",7,Pending,"Scav Town","Scav Town: Objective #5","2","22:39:12","N/A",
