{
  "PresetNotes": "Hi, how\u0027s your day so far? :]\r\nNothing much, just bare minimum i\u0027d like to have.",
  "Items": {
    "HeatFactor": 1,
    "ExamineTime": 1,
    "ExamineKeys": false,
    "AddSignalPistolToSpec": false,
    "WeaponHeatOff": false,
    "SMGToHolster": false,
    "PistolToMain": false,
    "AllExaminedItems": true,
    "MisfireChance": 1,
    "EquipRigsWithArmors": false,
    "RemoveSecureContainerFilters": false,
    "MalfunctChanceMult": 1,
    "WeightChanger": 0.75,
    "ItemPriceMult": 1,
    "BSGCashStack": false,
    "RubStack": 500000,
    "DollarStack": 50000,
    "EuroStack": 50000,
    "AmmoLoadSpeed": 0.75,
    "LootExp": 1,
    "EnableItems": true,
    "ExamineExp": 1,
    "AmmoStacks": {
      "MarksmanRound": 40,
      "RifleRound": 60,
      "ShotgunRound": 30,
      "PistolRound": 90
    },
    "RemoveRaidRestr": true,
    "RemoveBackpacksRestrictions": false,
    "AvoidSingleKeys": false,
    "AvoidMarkedKeys": false,
    "KeyUseMult": 1,
    "KeycardUseMult": 1,
    "IDChanger": false,
    "NoGearPenalty": false,
    "IDBox": "",
    "RemoveKeysUsageNumber": false,
    "RaidDrop": false
  },
  "Hideout": {
    "EnableStash": false,
    "Stash": {
      "StashLvl4": 68,
      "StashLvl3": 48,
      "StashLvl2": 38,
      "StashLvl1": 28
    },
    "Regeneration": {
      "OfflineRegen": false,
      "HealthRegen": 1,
      "HideoutHealth": false,
      "HideoutEnergy": false,
      "HideoutHydration": false,
      "HydrationRegen": 1,
      "EnergyRegen": 1
    },
    "WaterFilterTime": 325,
    "BitcoinTime": 2416,
    "MaxBitcoins": 3,
    "NoFuelMult": 1,
    "ScavCasePrice": 0.25,
    "ScavCaseTime": 0.01,
    "HideoutConstMult": 0.25,
    "HideoutProdMult": 0.25,
    "WaterFilterRate": 66,
    "GPUBoostRate": 1.5,
    "AirFilterRate": 0.75,
    "RemoveConstructionsRequirements": false,
    "RemoveSkillRequirements": false,
    "RemoveTraderLevelRequirements": false,
    "EnableHideout": true,
    "FuelConsumptionRate": 1
  },
  "Traders": {
    "Fence": {
      "ArmorDurability_Max": 60,
      "GunDurability_Max": 60,
      "ArmorDurability_Min": 35,
      "GunDurability_Min": 35,
      "PriceMult": 1.2,
      "PremiumAmountOnSale": 50,
      "PresetCount": 5,
      "StockTime_Min": 50,
      "StockTime_Max": 150,
      "AmountOnSale": 140,
      "PresetMult": 2,
      "Blacklist": "5c164d2286f774194c5e69fa\r\n543be6674bdc2df1348b4569\r\n5448bf274bdc2dfc2f8b456a\r\n5447bedf4bdc2d87278b4568\r\n6275303a9f372d6ea97f9ec7\r\n62e9103049c018f425059f38\r\n59f32bb586f774757e1e8442\r\n59f32c3b86f77472a31742f0\r\n627bce33f21bc425b06ab967\r\n62f109593b54472778797866\r\n5d52cc5ba4b9367408500062\r\n5d52d479a4b936793d58c76b\r\n5e99711486f7744bfc4af328\r\n62f10b79e7ee985f386b2f47\r\n633ffb5d419dbf4bea7004c6\r\n543be5dd4bdc2deb348b4569\r\n65649eb40bf0ed77b8044453\r\n5448e54d4bdc2dcc718b4568\r\n5a341c4086f77401f2541505\r\n5422acb9af1c889c16000029\r\n64d0b40fbe2eed70e254e2d4\r\n5fc22d7c187fea44d52eda44"
    },
    "RemoveTradeLimits": true,
    "QuestRedeemTime": 48,
    "TraderMarkup": {
      "Ragman": 62,
      "Peacekeeper": 45,
      "Fence": 40,
      "Prapor": 50,
      "Jaeger": 60,
      "Mechanic": 56,
      "Skier": 49,
      "Therapist": 63
    },
    "TraderSell": {
      "Ragman": 1,
      "Peacekeeper": 1,
      "Prapor": 1,
      "Jaeger": 1,
      "Mechanic": 1,
      "Skier": 1,
      "Therapist": 1
    },
    "MinDurabSell": 60,
    "AllQuestsAvailable": false,
    "RemoveBarterOffers": false,
    "RemoveCurrencyOffers": false,
    "UnlockQuestAssort": false,
    "EnableTraders": true,
    "FIRRestrictsQuests": false,
    "TradersLvl4": false,
    "FIRTrade": false
  },
  "Loot": {
    "RandomContPlace": false,
    "Airdrops": {
      "Mixed": {
        "ArmorMin": 1,
        "ArmorMax": 5,
        "BarterMin": 15,
        "BarterMax": 35,
        "PresetMin": 3,
        "PresetMax": 5,
        "CratesMin": 1,
        "CratesMax": 2
      },
      "Medical": {
        "ArmorMin": 0,
        "ArmorMax": 0,
        "BarterMin": 17,
        "BarterMax": 28,
        "PresetMin": 0,
        "PresetMax": 0,
        "CratesMin": 0,
        "CratesMax": 0
      },
      "Barter": {
        "ArmorMin": 0,
        "ArmorMax": 0,
        "BarterMin": 20,
        "BarterMax": 35,
        "PresetMin": 0,
        "PresetMax": 0,
        "CratesMin": 0,
        "CratesMax": 0
      },
      "Weapon": {
        "ArmorMin": 3,
        "ArmorMax": 6,
        "BarterMin": 11,
        "BarterMax": 22,
        "PresetMin": 6,
        "PresetMax": 8,
        "CratesMin": 0,
        "CratesMax": 2
      },
      "Sandbox_air": 20,
      "Streets_air": 20,
      "AirtimeMin": 1,
      "AirtimeMax": 5,
      "Lighthouse_air": 20,
      "Bigmap_air": 25,
      "Interchange_air": 20,
      "Shoreline_air": 20,
      "Reserve_air": 20,
      "Woods_air": 25
    },
    "EnableLoot": false,
    "Locations": {
      "Streets": {
        "Loose": 3,
        "Container": 1
      },
      "Sandbox": {
        "Loose": 2.8,
        "Container": 1
      },
      "Lighthouse": {
        "Loose": 2.8,
        "Container": 1
      },
      "Bigmap": {
        "Loose": 2.5,
        "Container": 1
      },
      "Interchange": {
        "Loose": 2.8,
        "Container": 1
      },
      "FactoryDay": {
        "Loose": 3.5,
        "Container": 1
      },
      "Laboratory": {
        "Loose": 2.8,
        "Container": 1
      },
      "Shoreline": {
        "Loose": 3.7,
        "Container": 1
      },
      "Reserve": {
        "Loose": 2.9,
        "Container": 1
      },
      "Woods": {
        "Loose": 1.9,
        "Container": 1
      },
      "FactoryNight": {
        "Loose": 3.5,
        "Container": 1
      },
      "AllContainers": false
    }
  },
  "Player": {
    "CharXP": {
      "ScavKill": 80,
      "ScavHMult": 1.1,
      "PMCKill": 175,
      "PMCHMult": 1.2
    },
    "RaidMult": {
      "MIA": 1,
      "Runner": 0.5,
      "Survived": 1.3,
      "Killed": 1
    },
    "EnableStats": false,
    "Skills": {
      "SkillFatigueReset": 200,
      "SkillFreshEffect": 1.3,
      "SkillFPoints": 1,
      "SkillPointsBeforeFatigue": 1,
      "SkillMinEffect": 0.0001,
      "SkillFatiguePerPoint": 0.6
    },
    "FallDamage": false,
    "BlackStomach": 5,
    "HydrationLoss": 1,
    "EnergyLoss": 1,
    "EnableHealth": true,
    "SkillProgMult": 0.4,
    "Health": {
      "LeftArm": 75,
      "RightArm": 75,
      "Head": 50,
      "Chest": 100,
      "Stomach": 85,
      "LeftLeg": 80,
      "RightLeg": 80
    },
    "WeaponSkillMult": 1,
    "EnablePlayer": true,
    "DiedHealth": {
      "Saveeffects": true,
      "Savehealth": true,
      "Health_blacked": 0.1,
      "Health_death": 0.3
    },
    "MaxStamina": 100,
    "UnlimitedStamina": false,
    "MaxHydration": 100,
    "MaxEnergy": 100
  },
  "Raids": {
    "SandboxAddLevel": false,
    "RaidTime": 0,
    "SaveQuestItems": false,
    "Exfils": {
      "CarSandbox": 5000,
      "CarShoreline": 5000,
      "CoopPaidSandbox": 5000,
      "CoopPaidShoreline": 5000,
      "CoopPaidStreets": 5000,
      "CoopPaidLighthouse": 5000,
      "CarLighthouse": 5000,
      "CarExtractTime": 60,
      "ArmorExtract": false,
      "CoopPaid": false,
      "CoopPaidInterchange": 5000,
      "CoopPaidWoods": 5000,
      "CoopPaidReserve": 5000,
      "NoBackpack": false,
      "FreeCoop": false,
      "CarInterchange": 5000,
      "CarWoods": 5000,
      "CarStreets": 5000,
      "CarCustoms": 5000,
      "ExtendedExtracts": false,
      "ChanceExtracts": false,
      "GearExtract": false
    },
    "NoRunThrough": false,
    "Timeacceleration": 7,
    "SafeExit": true,
    "SaveGearAfterDeath": false,
    "RaidEvents": {
      "DisableEvents": false,
      "SnowEvent": false,
      "KillaFactoryChance": 100,
      "GoonsFactoryChance": 100,
      "GoonsFactory": false,
      "BossesOnCustoms": false,
      "HoundsWoods": 30,
      "HoundsCustoms": 30,
      "HoundsShoreline": 30,
      "Christmas": false,
      "Halloween": false,
      "IncludeTagilla": false,
      "KillaFactory": false,
      "BossesOnReserve": false,
      "CultistsEverywhere": false,
      "RaidersEverywhere": false,
      "GlukharLabs": false
    },
    "LabInsurance": false,
    "EnableRaids": true,
    "Removelabkey": false,
    "RaidStartup": {
      "TimeBeforeDeployLocal": 10,
      "AIAmount": "AsOnline",
      "SaveDurability": true,
      "SaveLoot": true,
      "AIDifficulty": "AsOnline",
      "MIAEndofRaid": false,
      "TaggedAndCursed": false,
      "EnableBosses": true,
      "ScavWars": false
    }
  },
  "Fleamarket": {
    "FleaFIR": false,
    "EventOffers": false,
    "SellOffersAmount": 10,
    "FleaConditions": {
      "FleaFood_Min": 5,
      "FleaArmor_Min": 5,
      "FleaFood_Max": 100,
      "FleaArmor_Max": 100,
      "FleaMedical_Min": 60,
      "FleaSpec_Min": 2,
      "FleaMedical_Max": 100,
      "FleaSpec_Max": 100,
      "FleaWeapons_Min": 60,
      "FleaVests_Min": 5,
      "FleaKeys_Min": 97,
      "FleaWeapons_Max": 100,
      "FleaVests_Max": 100,
      "FleaKeys_Max": 100
    },
    "OverrideOffers": false,
    "FleaMarketLevel": 15,
    "FleaBlacklist": null,
    "DisableBSGList": false,
    "EnableFleamarket": false,
    "Sell_mult": 1.24,
    "Tradeoffer_max": 1,
    "Rep_loss": 0.03,
    "Rep_gain": 0.02,
    "Tradeoffer_min": 0,
    "Sell_chance": 50,
    "EnableFees": true,
    "DynamicOffers": {
      "ExpireThreshold": 1400,
      "Stack_min": 10,
      "PerOffer_min": 7,
      "Stack_max": 600,
      "PerOffer_max": 30,
      "Eurooffers": 8,
      "Dollaroffers": 14,
      "Roubleoffers": 78,
      "NonStack_min": 10,
      "Time_min": 6,
      "Price_min": 0.8,
      "NonStack_max": 10,
      "Time_max": 60,
      "Price_max": 1.4
    }
  },
  "Services": {
    "RepairBox": {
      "NoRandomRepair": false,
      "MaxSkillPointsPerRepair": 0.6,
      "OpGunRepair": false,
      "RepairSkillPoint": 0.05,
      "OpArmorRepair": false,
      "RepairMult": 1
    },
    "EnableHealMarkup": false,
    "TherapistLvl1": 1,
    "TherapistLvl2": 1.1,
    "TherapistLvl3": 1.2,
    "TherapistLvl4": 1.35,
    "FreeHealLvl": 5,
    "FreeHealRaids": 30,
    "ReturnChanceTherapist": 85,
    "InsuranceMultTherapist": 0.25,
    "EnableServices": true,
    "ClothesAnySide": true,
    "InsuranceMultPrapor": 0.16,
    "InsuranceStorageTime": 72,
    "ReturnChancePrapor": 75,
    "ClothesLevelUnlock": true,
    "ClothesFree": true,
    "Prapor_Max": 36,
    "Prapor_Min": 24,
    "Therapist_Max": 24,
    "Therapist_Min": 12
  },
  "Quests": {
    "DailyQuests": {
      "MinKillsLR3": 5,
      "MaxKillsLR3": 20,
      "MinKillsLR2": 5,
      "MaxKillsLR2": 15,
      "MinItems": 2,
      "MaxItems": 5,
      "Extracts": 3,
      "Types": "Completion,Elimination,Exploration",
      "Spread": 0.5,
      "MinKillsLR1": 2,
      "MaxKillsLR1": 4,
      "Access": 5,
      "QuestAmount": 3,
      "Lifespan": 1440
    },
    "WeeklyQuests": {
      "MinKillsLR3": 20,
      "MaxKillsLR3": 40,
      "MinKillsLR2": 15,
      "MaxKillsLR2": 40,
      "MinItems": 2,
      "MaxItems": 5,
      "Extracts": 10,
      "Types": "Completion,Elimination,Exploration",
      "Spread": 0.5,
      "MinKillsLR1": 10,
      "MaxKillsLR1": 20,
      "Access": 15,
      "QuestAmount": 1,
      "Lifespan": 10080
    },
    "EnableQuests": false,
    "ScavQuests": {
      "MinKillsLR2": 3,
      "MaxKillsLR2": 15,
      "MinItems": 2,
      "MaxItems": 5,
      "Extracts": 3,
      "Types": "Elimination,Completion",
      "Spread": 0.5,
      "MinKillsLR1": 1,
      "MaxKillsLR1": 3,
      "Access": 1,
      "QuestAmount": 1,
      "Lifespan": 1440
    }
  },
  "CSM": {
    "CustomPocket": true,
    "Pockets": {
      "DefaultPocket": false,
      "SpecGKeychain": true,
      "SpecSimpleWallet": false,
      "SpecWZWallet": true,
      "SpecKeycardHolder": false,
      "SpecKeytool": false,
      "SpecInjectorCase": false,
      "SpecSlots": 3,
      "FourthH": 0,
      "FourthV": 0,
      "ThirdH": 0,
      "ThirdV": 0,
      "SecondH": 1,
      "SecondV": 2,
      "FirstH": 1,
      "FirstV": 2
    },
    "Cases": {
      "GKeychain": {
        "VSize": 2,
        "HSize": 2,
        "Filter": false
      },
      "KeycardHolderCase": {
        "VSize": 3,
        "HSize": 3,
        "Filter": false
      },
      "InjectorCase": {
        "VSize": 3,
        "HSize": 3,
        "Filter": false
      },
      "Holodilnick": {
        "VSize": 7,
        "HSize": 7,
        "Filter": false
      },
      "PistolCase": {
        "VSize": 4,
        "HSize": 3,
        "Filter": false
      },
      "DocumentsCase": {
        "VSize": 4,
        "HSize": 4,
        "Filter": false
      },
      "Keytool": {
        "VSize": 4,
        "HSize": 4,
        "Filter": false
      },
      "SiccCase": {
        "VSize": 5,
        "HSize": 5,
        "Filter": false
      },
      "ThiccWeaponCase": {
        "VSize": 15,
        "HSize": 6,
        "Filter": false
      },
      "ThiccItemsCase": {
        "VSize": 14,
        "HSize": 14,
        "Filter": false
      },
      "MedicineCase": {
        "VSize": 7,
        "HSize": 7,
        "Filter": false
      },
      "DogtagCase": {
        "VSize": 10,
        "HSize": 10,
        "Filter": false
      },
      "MagazineCase": {
        "VSize": 7,
        "HSize": 7,
        "Filter": false
      },
      "AmmunitionCase": {
        "VSize": 7,
        "HSize": 7,
        "Filter": false
      },
      "WeaponCase": {
        "VSize": 10,
        "HSize": 5,
        "Filter": false
      },
      "ItemsCase": {
        "VSize": 7,
        "HSize": 7,
        "Filter": false
      },
      "GrenadeCase": {
        "VSize": 8,
        "HSize": 8,
        "Filter": false
      },
      "WZWallet": {
        "VSize": 2,
        "HSize": 2,
        "Filter": false
      },
      "SimpleWallet": {
        "VSize": 2,
        "HSize": 2,
        "Filter": false
      },
      "MoneyCase": {
        "VSize": 7,
        "HSize": 7,
        "Filter": false
      },
      "LuckyScav": {
        "VSize": 14,
        "HSize": 14,
        "Filter": false
      }
    },
    "SecureContainers": {
      "KappaHSize": 3,
      "AlphaVSize": 2,
      "KappaVSize": 4,
      "AlphaHSize": 2,
      "GammaHSize": 3,
      "GammaVSize": 3,
      "BetaVSize": 2,
      "BetaHSize": 3,
      "EpsilonHSize": 4,
      "EpsilonVSize": 2,
      "DevVSize": 3,
      "DevHSize": 3,
      "WaistPouchHSize": 2,
      "WaistPouchVSize": 2
    },
    "EnableCSM": true
  },
  "Scav": {
    "SCAVPockets": {
      "FourthH": 1,
      "FourthV": 1,
      "ThirdH": 1,
      "ThirdV": 1,
      "SecondH": 1,
      "SecondV": 1,
      "FirstH": 1,
      "FirstV": 1
    },
    "HostileBosses": false,
    "FriendlyBosses": false,
    "CarBaseStanding": 0.25,
    "ScavTimer": 900,
    "ScavCustomPockets": false,
    "ScavLab": false,
    "FriendlyScavs": false,
    "HostileScavs": false,
    "StandingFriendlyKill": -0.04,
    "StandingPMCKill": 0.01,
    "Health": {
      "LeftArm": 60,
      "RightArm": 60,
      "Head": 35,
      "Chest": 85,
      "Stomach": 70,
      "LeftLeg": 65,
      "RightLeg": 65
    },
    "EnableScavHealth": false,
    "EnableScav": false
  },
  "Bots": {
    "AIChance": {
      "Kolontay": 30,
      "Kaban": 30,
      "TagillaNight": 30,
      "TrioLighthouse": 30,
      "TrioShoreline": 30,
      "TrioWoods": 30,
      "Zryachiy": 100,
      "CultistCustoms": 15,
      "CultistShoreline": 20,
      "Trio": 30,
      "RaiderLab": 40,
      "RaiderReserve": 35,
      "CultistFactory": 10,
      "CultistWoods": 20,
      "Rogue": 65,
      "Tagilla": 30,
      "Shturman": 30,
      "Glukhar": 30,
      "Sanitar": 30,
      "Reshala": 30,
      "Killa": 30
    },
    "ArmorDurab": {
      "PMCMax": 100,
      "FollowerMax": 100,
      "BossMax": 100,
      "MarksmanMax": 100,
      "ScavMax": 100,
      "RogueMax": 100,
      "RaiderMax": 100,
      "PMCMin": 95,
      "FollowerMin": 90,
      "BossMin": 90,
      "MarksmanMin": 90,
      "ScavMin": 50,
      "RogueMin": 90,
      "RaiderMin": 90
    },
    "WeaponDurab": {
      "PMCMax": 100,
      "FollowerMax": 100,
      "BossMax": 100,
      "MarksmanMax": 100,
      "ScavMax": 100,
      "RogueMax": 100,
      "RaiderMax": 100,
      "PMCMin": 95,
      "FollowerMin": 90,
      "BossMin": 100,
      "MarksmanMin": 90,
      "ScavMin": 50,
      "RogueMin": 90,
      "RaiderMin": 90
    },
    "EnableBots": false
  },
  "PMC": {
    "NameOverride": true,
    "ForceCustomWaves": false,
    "CustomWaveChance": 100,
    "PMCChance": {
      "PMCNamePrefix": 15,
      "PMCAllNamePrefix": 5,
      "PMCLooseWep": 15,
      "HostilePMC": 80,
      "PMCWepEnhance": 5
    },
    "LevelMargin": 10,
    "PMCNameList": "NotJojo\r\nGhostFenixx\r\nSinistar\r\nGoose\r\nAssAssIn\r\nMayoringram\r\nMorgan\r\nNukeSkywalker\r\njvs\r\nEstamNar\r\nMMX\r\nTabi\r\nAsian69Lover\r\nBeagle\r\nbllt\r\nBright\r\nBroCC\r\nCthuluTheMadGod\r\nDoddsy\r\nGodHimself\r\nNicholas\r\nmonsterfoxtrot\r\nMotch\r\nMylu\r\nnavodschikrichtschutze\r\nSazukiwi\r\nSingularity\r\nodin_4\r\nthorncp\r\nTobi\r\nXen0Xys\r\nShiro-Chan\r\nTrappussy\r\numsirqualquerai\r\nwaffentrageraufe100\r\naleves\r\nCarl\r\nFox\r\nGamenator\r\njbs4bmx\r\nJustNU\r\nKattomine\r\nKronzky\r\nLimbo\r\nMissingInAction\r\nssh\r\nRevingly\r\nTheSparta\r\nTraveler\r\nFontaine\r\nAtonicX\r\nBuyingGF\r\nCats\r\nCoolbugfactes\r\nDecompress\r\nElektryczny9\r\nFrumorn\r\nImTheRickHere\r\nKarma\r\ncowkiller19\r\nNex\r\nStako\r\nThe2ndarbiter\r\nDSpider\r\nAndy\r\nBadwolf_54\r\nBedalek\r\nBiohazard6165\r\nblkcbrd13\r\nCentolloJames\r\nChameleon2310\r\nD3\r\nDalamadur\r\nEpiicBatkiller\r\nFlamber\r\nG10rgos\r\nGamenator\r\nJosh33\r\nJustin\r\nKacidi\r\nKarma\r\nLayerOfBlubber\r\nLennyrod\r\nMarchwin\r\nmxa9690\r\nnex1488\r\nXnoowl\r\nPonderingTheOrb\r\nSerakym\r\nStockUserName\r\nSyra\r\nVampireKittenThe2nd\r\nXsos\r\nWahntalot\r\nEmilia\r\nZ3R0\r\nZooey",
    "NamesEnable": true,
    "PMCRatio": 50,
    "AItoPMC": {
      "PMCtoCursedScav": 20,
      "SnipertoPMC": 0,
      "PMCtoScav": 25,
      "ExusectoPMC": 5,
      "PMCtoRaider": 7
    },
    "DisableLowLevelPMC": false,
    "LootableMelee": false,
    "EnablePMC": false
  },
  "Custom": {
    "EnableCustom": false,
    "DebugAI": false,
    "LoggerIntoServer": false
  }
}