{
  "customs": [
    {
      "BossChance": 35,
      "BossName": "gifter",
      "BossEscortType": "gifter",
      "BossEscortAmount": "0",
      "BossZone": null,
      "Time": -1
    }
  ],
  "factory": [
    {
      "BossChance": 35,
      "BossName": "gifter",
      "BossEscortType": "gifter",
      "BossEscortAmount": "0",
      "BossZone": null,
      "Time": -1
    }
  ],
  "factory_night": [
    {
      "BossChance": 35,
      "BossName": "gifter",
      "BossEscortType": "gifter",
      "BossEscortAmount": "0",
      "BossZone": null,
      "Time": -1
    }
  ],
  "groundzero": [
    {
      "BossChance": 35,
      "BossName": "gifter",
      "BossEscortType": "gifter",
      "BossEscortAmount": "0",
      "BossZone": null,
      "Time": -1
    }
  ],
  "interchange": [
    {
      "BossChance": 35,
      "BossName": "gifter",
      "BossEscortType": "gifter",
      "BossEscortAmount": "0",
      "BossZone": null,
      "Time": -1
    }
  ],
  "laboratory": [
    {
      "BossChance": 35,
      "BossName": "gifter",
      "BossEscortType": "gifter",
      "BossEscortAmount": "0",
      "BossZone": null,
      "Time": -1
    }
  ],
  "lighthouse": [
    {
      "BossChance": 35,
      "BossName": "gifter",
      "BossEscortType": "gifter",
      "BossEscortAmount": "0",
      "BossZone": null,
      "Time": -1
    }
  ],
  "reserve": [
    {
      "BossChance": 35,
      "BossName": "gifter",
      "BossEscortType": "gifter",
      "BossEscortAmount": "0",
      "BossZone": null,
      "Time": -1
    }
  ],
  "shoreline": [
    {
      "BossChance": 35,
      "BossName": "gifter",
      "BossEscortType": "gifter",
      "BossEscortAmount": "0",
      "BossZone": null,
      "Time": -1
    }
  ],
  "streets": [
    {
      "BossChance": 35,
      "BossName": "gifter",
      "BossEscortType": "gifter",
      "BossEscortAmount": "0",
      "BossZone": null,
      "Time": -1
    }
  ],
  "woods": [
    {
      "BossChance": 35,
      "BossName": "gifter",
      "BossEscortType": "gifter",
      "BossEscortAmount": "0",
      "BossZone": null,
      "Time": -1
    }
  ]
}
