[
    {
        "repeatable": true,
        "minLevel": 15,
        "maxLevel": 99,
        "maxBots": 3,
        "desirability": 50,
        "maxRaidET": 180,
        "name": "USEC Camp Building 1 Rush",
        "objectives" : [
            {
                "repeatable": false,
                "minDistanceFromBot": 5,
                "maxDistanceFromBot": 9999,
                "maxRunDistance": 15,
                "steps": [
                    {
                        "position" : {
                            "x": 53.9112854,
                            "y": 4.90694666,
                            "z": -592.323669
                        }
                    }
                ]
            }
        ]
    },
    {
        "repeatable": true,
        "minLevel": 15,
        "maxLevel": 99,
        "maxBots": 3,
        "desirability": 50,
        "maxRaidET": 180,
        "name": "USEC Camp Building 2 Rush",
        "objectives" : [
            {
                "repeatable": false,
                "minDistanceFromBot": 5,
                "maxDistanceFromBot": 9999,
                "maxRunDistance": 16,
                "steps": [
                    {
                        "position" : {
                            "x": -67.50461,
                            "y": 4.90693474,
                            "z": -754.207642
                        }
                    }
                ]
            }
        ]
    },
    {
        "repeatable": true,
        "minLevel": 15,
        "maxLevel": 99,
        "maxBots": 3,
        "desirability": 50,
        "maxRaidET": 180,
        "name": "USEC Camp Building 3 Rush",
        "objectives" : [
            {
                "repeatable": false,
                "minDistanceFromBot": 5,
                "maxDistanceFromBot": 9999,
                "maxRunDistance": 5,
                "steps": [
                    {
                        "position" : {
                            "x": -185.405777,
                            "y": 4.90699673,
                            "z": -638.3837
                        }
                    }
                ]
            }
        ]
    },
    {
        "repeatable": true,
        "minLevel": 0,
        "maxLevel": 99,
        "maxBots": 3,
        "maxBotsInGroup": 1,
        "desirability": 30,
        "pmcsOnly": true,
        "name": "Pride Rock",
        "objectives" : [
            {
                "repeatable": true,
                "minDistanceFromBot": 30,
                "maxDistanceFromBot": 9999,
                "lootAfterCompleting": "Inhibit",
                "steps": [
                    {
                        "position" : {
                            "x": 64.66508,
                            "y": 38.9382439,
                            "z": -78.0929947
                        }
                    }
                ]
            }
        ]
    },
    {
        "repeatable": false,
        "minLevel": 0,
        "maxLevel": 99,
        "maxBots": 3,
        "desirability": 30,
        "name": "Scav Hideout",
        "objectives" : [
            {
                "repeatable": false,
                "minDistanceFromBot": 30,
                "maxDistanceFromBot": 9999,
                "maxRunDistance": 30,
                "lootAfterCompleting": "Inhibit",
                "steps": [
                    {
                        "position" : {
                            "x": 162.177292,
                            "y": 0.0256208926,
                            "z": -479.701233
                        }
                    }
                ]
            }
        ]
    },
    {
        "repeatable": false,
        "minLevel": 0,
        "maxLevel": 99,
        "maxBots": 3,
        "desirability": 30,
        "canRunBetweenObjectives": false,
        "name": "Resort",
        "objectives" : [
            {
                "repeatable": false,
                "minDistanceFromBot": 5,
                "maxDistanceFromBot": 9999,
                "maxRunDistance": 5,
                "steps": [
                    {
                        "position" : {
                            "x": -81.1505356,
                            "y": 18.2847767,
                            "z": -53.8898
                        }
                    }
                ]
            },
            {
                "repeatable": false,
                "minDistanceFromBot": 5,
                "maxDistanceFromBot": 9999,
                "maxRunDistance": 3,
                "steps": [
                    {
                        "position" : {
                            "x": -78.80603,
                            "y": 18.2847767,
                            "z": -87.48046
                        }
                    }
                ]
            },
            {
                "repeatable": false,
                "minDistanceFromBot": 5,
                "maxDistanceFromBot": 9999,
                "steps": [
                    {
                        "position" : {
                            "x": -73.03625,
                            "y": 18.2847385,
                            "z": -91.0424957
                        }
                    }
                ]
            },
            {
                "repeatable": false,
                "minDistanceFromBot": 5,
                "maxDistanceFromBot": 9999,
                "maxRunDistance": 3,
                "steps": [
                    {
                        "position" : {
                            "x": -79.87281,
                            "y": 21.8669586,
                            "z": -90.62389
                        }
                    }
                ]
            },
            {
                "repeatable": false,
                "minDistanceFromBot": 5,
                "maxDistanceFromBot": 9999,
                "maxRunDistance": 8,
                "steps": [
                    {
                        "position" : {
                            "x": -83.6373444,
                            "y": 24.4348354,
                            "z": -74.258316
                        }
                    }
                ]
            },
            {
                "repeatable": false,
                "minDistanceFromBot": 5,
                "maxDistanceFromBot": 9999,
                "maxRunDistance": 3,
                "steps": [
                    {
                        "position" : {
                            "x": -79.6947861,
                            "y": 21.8669586,
                            "z": -57.0139542
                        }
                    }
                ]
            }
        ]
    },
    {
        "repeatable": false,
        "minLevel": 0,
        "maxLevel": 99,
        "maxBots": 3,
        "desirability": 30,
        "canRunBetweenObjectives": false,
        "name": "Chalet",
        "objectives" : [
            {
                "repeatable": false,
                "minDistanceFromBot": 5,
                "maxDistanceFromBot": 9999,
                "maxRunDistance": 5,
                "steps": [
                    {
                        "position" : {
                            "x": -123.842087,
                            "y": 39.87246,
                            "z": 76.5801239
                        }
                    }
                ]
            },
            {
                "repeatable": false,
                "minDistanceFromBot": 5,
                "maxDistanceFromBot": 9999,
                "maxRunDistance": 5,
                "steps": [
                    {
                        "position" : {
                            "x": -117.460472,
                            "y": 39.872406,
                            "z": 86.66805
                        }
                    }
                ]
            },
            {
                "repeatable": false,
                "minDistanceFromBot": 5,
                "maxDistanceFromBot": 9999,
                "maxRunDistance": 2,
                "steps": [
                    {
                        "position" : {
                            "x": -128.764053,
                            "y": 39.8724022,
                            "z": 104.8246
                        }
                    }
                ]
            },
            {
                "repeatable": false,
                "minDistanceFromBot": 5,
                "maxDistanceFromBot": 9999,
                "maxRunDistance": 7,
                "steps": [
                    {
                        "position" : {
                            "x": -118.459038,
                            "y": 42.89334,
                            "z": 86.5755539
                        }
                    }
                ]
            },
            {
                "repeatable": false,
                "minDistanceFromBot": 5,
                "maxDistanceFromBot": 9999,
                "maxRunDistance": 5,
                "steps": [
                    {
                        "position" : {
                            "x": -122.235992,
                            "y": 36.63736,
                            "z": 97.2785645
                        }
                    }
                ]
            },
            {
                "repeatable": false,
                "minDistanceFromBot": 5,
                "maxDistanceFromBot": 9999,
                "maxRunDistance": 5,
                "steps": [
                    {
                        "position" : {
                            "x": -129.995453,
                            "y": 36.23636,
                            "z": 105.830513
                        }
                    }
                ]
            },
            {
                "repeatable": false,
                "minDistanceFromBot": 5,
                "maxDistanceFromBot": 9999,
                "maxRunDistance": 2,
                "steps": [
                    {
                        "position" : {
                            "x": -117.0233,
                            "y": 36.63736,
                            "z": 105.504707
                        }
                    }
                ]
            },
            {
                "repeatable": false,
                "minDistanceFromBot": 5,
                "maxDistanceFromBot": 9999,
                "maxRunDistance": 7,
                "steps": [
                    {
                        "position" : {
                            "x": -122.917084,
                            "y": 36.63736,
                            "z": 80.0848
                        }
                    }
                ]
            },
            {
                "repeatable": false,
                "minDistanceFromBot": 5,
                "maxDistanceFromBot": 9999,
                "maxRunDistance": 2,
                "steps": [
                    {
                        "position" : {
                            "x": -110.684525,
                            "y": 33.105854,
                            "z": 87.32484
                        }
                    }
                ]
            }
        ]
    },
    {
        "repeatable": false,
        "minLevel": 0,
        "maxLevel": 99,
        "maxBots": 3,
        "desirability": 30,
        "canRunBetweenObjectives": false,
        "name": "USEC Camp Building 1",
        "objectives" : [
            {
                "repeatable": false,
                "minDistanceFromBot": 5,
                "maxDistanceFromBot": 9999,
                "maxRunDistance": 6,
                "steps": [
                    {
                        "position" : {
                            "x": 53.9112854,
                            "y": 4.90694666,
                            "z": -592.323669
                        }
                    }
                ]
            },
            {
                "repeatable": false,
                "minDistanceFromBot": 5,
                "maxDistanceFromBot": 9999,
                "maxRunDistance": 10,
                "steps": [
                    {
                        "position" : {
                            "x": 29.5675945,
                            "y": 4.90696764,
                            "z": -614.044067
                        }
                    }
                ]
            },
            {
                "repeatable": false,
                "minDistanceFromBot": 5,
                "maxDistanceFromBot": 9999,
                "maxRunDistance": 5,
                "steps": [
                    {
                        "position" : {
                            "x": 55.6411171,
                            "y": 7.69775534,
                            "z": -614.6811
                        }
                    }
                ]
            },
            {
                "repeatable": false,
                "minDistanceFromBot": 5,
                "maxDistanceFromBot": 9999,
                "maxRunDistance": 8,
                "steps": [
                    {
                        "position" : {
                            "x": 51.8195763,
                            "y": 8.201273,
                            "z": -639.0329
                        }
                    }
                ]
            },
            {
                "repeatable": false,
                "minDistanceFromBot": 5,
                "maxDistanceFromBot": 9999,
                "maxRunDistance": 9,
                "steps": [
                    {
                        "position" : {
                            "x": 29.4953289,
                            "y": 4.90697861,
                            "z": -641.1743
                        }
                    }
                ]
            },
            {
                "repeatable": false,
                "minDistanceFromBot": 5,
                "maxDistanceFromBot": 9999,
                "maxRunDistance": 8,
                "steps": [
                    {
                        "position" : {
                            "x": 53.5240555,
                            "y": 4.906996,
                            "z": -649.356262
                        }
                    }
                ]
            }
        ]
    },
    {
        "repeatable": false,
        "minLevel": 0,
        "maxLevel": 99,
        "maxBots": 3,
        "desirability": 30,
        "canRunBetweenObjectives": false,
        "name": "USEC Camp Building 2",
        "objectives" : [
            {
                "repeatable": false,
                "minDistanceFromBot": 5,
                "maxDistanceFromBot": 9999,
                "maxRunDistance": 6,
                "steps": [
                    {
                        "position" : {
                            "x": -67.50461,
                            "y": 4.90693474,
                            "z": -754.207642
                        }
                    }
                ]
            },
            {
                "repeatable": false,
                "minDistanceFromBot": 5,
                "maxDistanceFromBot": 9999,
                "maxRunDistance": 15,
                "steps": [
                    {
                        "position" : {
                            "x": -88.3456955,
                            "y": 4.91758871,
                            "z": -740.2719
                        }
                    }
                ]
            },
            {
                "repeatable": false,
                "minDistanceFromBot": 5,
                "maxDistanceFromBot": 9999,
                "maxRunDistance": 6,
                "steps": [
                    {
                        "position" : {
                            "x": -120.936417,
                            "y": 4.906963,
                            "z": -731.320251
                        }
                    }
                ]
            },
            {
                "repeatable": false,
                "minDistanceFromBot": 5,
                "maxDistanceFromBot": 9999,
                "maxRunDistance": 5,
                "steps": [
                    {
                        "position" : {
                            "x": -113.149574,
                            "y": 4.90696239,
                            "z": -754.1892
                        }
                    }
                ]
            },
            {
                "repeatable": false,
                "minDistanceFromBot": 5,
                "maxDistanceFromBot": 9999,
                "maxRunDistance": 5,
                "steps": [
                    {
                        "position" : {
                            "x": -130.085571,
                            "y": 4.906995,
                            "z": -754.0141
                        }
                    }
                ]
            },
            {
                "repeatable": false,
                "minDistanceFromBot": 5,
                "maxDistanceFromBot": 9999,
                "maxRunDistance": 6,
                "steps": [
                    {
                        "position" : {
                            "x": -97.84111,
                            "y": 8.205606,
                            "z": -729.435
                        }
                    }
                ]
            },
            {
                "repeatable": false,
                "minDistanceFromBot": 5,
                "maxDistanceFromBot": 9999,
                "maxRunDistance": 5,
                "steps": [
                    {
                        "position" : {
                            "x": -89.8229141,
                            "y": 8.205516,
                            "z": -755.8042
                        }
                    }
                ]
            }
        ]
    },
    {
        "repeatable": false,
        "minLevel": 0,
        "maxLevel": 99,
        "maxBots": 3,
        "desirability": 30,
        "canRunBetweenObjectives": false,
        "name": "USEC Camp Building 3",
        "objectives" : [
            {
                "repeatable": false,
                "minDistanceFromBot": 5,
                "maxDistanceFromBot": 9999,
                "maxRunDistance": 10,
                "steps": [
                    {
                        "position" : {
                            "x": -195.727951,
                            "y": 4.906942,
                            "z": -693.660645
                        }
                    }
                ]
            },
            {
                "repeatable": false,
                "minDistanceFromBot": 5,
                "maxDistanceFromBot": 9999,
                "maxRunDistance": 5,
                "steps": [
                    {
                        "position" : {
                            "x": -185.405777,
                            "y": 4.90699673,
                            "z": -638.3837
                        }
                    }
                ]
            },
            {
                "repeatable": false,
                "minDistanceFromBot": 5,
                "maxDistanceFromBot": 9999,
                "maxRunDistance": 5,
                "steps": [
                    {
                        "position" : {
                            "x": -174.240128,
                            "y": 4.90698,
                            "z": -636.7244
                        }
                    }
                ]
            },
            {
                "repeatable": false,
                "minDistanceFromBot": 5,
                "maxDistanceFromBot": 9999,
                "maxRunDistance": 5,
                "steps": [
                    {
                        "position" : {
                            "x": -173.72937,
                            "y": 4.906976,
                            "z": -643.9063
                        }
                    }
                ]
            },
            {
                "repeatable": false,
                "minDistanceFromBot": 5,
                "maxDistanceFromBot": 9999,
                "maxRunDistance": 5,
                "steps": [
                    {
                        "position" : {
                            "x": -198.779663,
                            "y": 4.907,
                            "z": -642.526062
                        }
                    }
                ]
            },
            {
                "repeatable": false,
                "minDistanceFromBot": 5,
                "maxDistanceFromBot": 9999,
                "maxRunDistance": 5,
                "steps": [
                    {
                        "position" : {
                            "x": -198.496826,
                            "y": 4.906988,
                            "z": -648.87915
                        }
                    }
                ]
            },
            {
                "repeatable": false,
                "minDistanceFromBot": 5,
                "maxDistanceFromBot": 9999,
                "maxRunDistance": 6,
                "steps": [
                    {
                        "position" : {
                            "x": -197.919464,
                            "y": 7.688438,
                            "z": -656.2162
                        }
                    }
                ]
            },
            {
                "repeatable": false,
                "minDistanceFromBot": 5,
                "maxDistanceFromBot": 9999,
                "maxRunDistance": 11,
                "steps": [
                    {
                        "position" : {
                            "x": -179.624619,
                            "y": 4.906964,
                            "z": -670.1573
                        }
                    }
                ]
            }
        ]
    },
    {
        "repeatable": false,
        "minLevel": 0,
        "maxLevel": 99,
        "maxBots": 3,
        "desirability": 25,
        "name": "Southern Road",
        "objectives" : [
            {
                "repeatable": false,
                "minDistanceFromBot": 10,
                "maxDistanceFromBot": 500,
                "maxRunDistance": 2,
                "steps": [
                    {
                        "position" : {
                            "x": -201.3366,
                            "y": 6.214179,
                            "z": 415.391754
                        }
                    },
                    {
                        "position" : {
                            "x": -211.16301,
                            "y": 6.24274731,
                            "z": 413.1711
                        }
                    }
                ]
            },
            {
                "repeatable": false,
                "minDistanceFromBot": 10,
                "maxDistanceFromBot": 500,
                "maxRunDistance": 3,
                "steps": [
                    {
                        "position" : {
                            "x": -225.954758,
                            "y": 6.13886166,
                            "z": 422.63443
                        }
                    },
                    {
                        "position" : {
                            "x": -228.423691,
                            "y": 8.753243,
                            "z": 422.624664
                        }
                    }
                ]
            }
        ]
    },
    {
        "repeatable": true,
        "minLevel": 0,
        "maxLevel": 99,
        "maxBots": 3,
        "desirability": 25,
        "name": "Bridge Entrance",
        "objectives" : [
            {
                "repeatable": true,
                "minDistanceFromBot": 30,
                "maxDistanceFromBot": 1000,
                "steps": [
                    {
                        "position" : {
                            "x": 140.76651,
                            "y": 1.57187819,
                            "z": 519.283936
                        }
                    }
                ]
            }
        ]
    },
    {
        "repeatable": true,
        "minLevel": 0,
        "maxLevel": 99,
        "maxBots": 3,
        "desirability": 25,
        "name": "Bridge Road Intersection",
        "objectives" : [
            {
                "repeatable": true,
                "minDistanceFromBot": 30,
                "maxDistanceFromBot": 1000,
                "steps": [
                    {
                        "position" : {
                            "x": -3.14035439,
                            "y": 5.904117,
                            "z": 478.202759
                        }
                    }
                ]
            }
        ]
    },
    {
        "repeatable": false,
        "minLevel": 0,
        "maxLevel": 99,
        "maxBots": 3,
        "desirability": 25,
        "name": "Fishing Huts",
        "objectives" : [
            {
                "repeatable": false,
                "minDistanceFromBot": 10,
                "maxDistanceFromBot": 1000,
                "maxRunDistance": 5,
                "steps": [
                    {
                        "position" : {
                            "x": 56.740345,
                            "y": 0.683137834,
                            "z": 455.423126
                        }
                    }
                ]
            },
            {
                "repeatable": false,
                "minDistanceFromBot": 10,
                "maxDistanceFromBot": 1000,
                "maxRunDistance": 4,
                "steps": [
                    {
                        "position" : {
                            "x": 87.31742,
                            "y": 1.06107676,
                            "z": 458.937775
                        }
                    }
                ]
            },
            {
                "repeatable": false,
                "minDistanceFromBot": 10,
                "maxDistanceFromBot": 1000,
                "steps": [
                    {
                        "position" : {
                            "x": 84.0709839,
                            "y": 0.456891149,
                            "z": 454.645752
                        }
                    }
                ]
            }
        ]
    },
    {
        "repeatable": true,
        "isSniping": true,
        "minLevel": 0,
        "maxLevel": 99,
        "maxBots": 3,
        "maxBotsInGroup": 1,
        "desirability": 25,
        "pmcsOnly": true,
        "name": "Stage Sniping",
        "objectives" : [
            {
                "repeatable": true,
                "minDistanceFromBot": 10,
                "maxDistanceFromBot": 9999,
                "lootAfterCompleting": "Inhibit",
                "steps": [
                    {
                        "waitTimeAfterCompleting": 1,
                        "position" : {
                            "x": 77.49352,
                            "y": 9.19731,
                            "z": 320.748962
                        }
                    },
                    {
                        "waitTimeAfterCompleting": 1,
                        "stepType" : "HoldAtPosition",
                        "maxDistance": 3,
                        "minElapsedTime": {
                            "min": 30,
                            "max": 120
                        },
                        "position" : {
                            "x": 77.49352,
                            "y": 9.19731,
                            "z": 320.748962
                        }
                    }
                ]
            },
            {
                "repeatable": true,
                "minDistanceFromBot": 10,
                "maxDistanceFromBot": 9999,
                "lootAfterCompleting": "Inhibit",
                "steps": [
                    {
                        "waitTimeAfterCompleting": 1,
                        "position" : {
                            "x": 74.70143,
                            "y": 9.73683548,
                            "z": 285.652618
                        }
                    },
                    {
                        "waitTimeAfterCompleting": 1,
                        "stepType" : "HoldAtPosition",
                        "maxDistance": 3,
                        "minElapsedTime": {
                            "min": 30,
                            "max": 120
                        },
                        "position" : {
                            "x": 74.70143,
                            "y": 9.73683548,
                            "z": 285.652618
                        }
                    }
                ]
            },
            {
                "repeatable": true,
                "minDistanceFromBot": 10,
                "maxDistanceFromBot": 9999,
                "lootAfterCompleting": "Inhibit",
                "steps": [
                    {
                        "waitTimeAfterCompleting": 1,
                        "position" : {
                            "x": 90.9413,
                            "y": 10.0305872,
                            "z": 241.004791
                        }
                    },
                    {
                        "waitTimeAfterCompleting": 1,
                        "stepType" : "HoldAtPosition",
                        "maxDistance": 3,
                        "minElapsedTime": {
                            "min": 30,
                            "max": 120
                        },
                        "position" : {
                            "x": 90.9413,
                            "y": 10.0305872,
                            "z": 241.004791
                        }
                    }
                ]
            },
            {
                "repeatable": true,
                "minDistanceFromBot": 10,
                "maxDistanceFromBot": 9999,
                "lootAfterCompleting": "Inhibit",
                "steps": [
                    {
                        "waitTimeAfterCompleting": 1,
                        "position" : {
                            "x": 98.80825,
                            "y": 11.2476568,
                            "z": 217.07605
                        }
                    },
                    {
                        "waitTimeAfterCompleting": 1,
                        "stepType" : "HoldAtPosition",
                        "maxDistance": 3,
                        "minElapsedTime": {
                            "min": 30,
                            "max": 120
                        },
                        "position" : {
                            "x": 98.80825,
                            "y": 11.2476568,
                            "z": 217.07605
                        }
                    }
                ]
            }
        ]
    },
    {
        "repeatable": false,
        "minLevel": 0,
        "maxLevel": 99,
        "maxBots": 2,
        "desirability": 25,
        "name": "Stage Wagon",
        "objectives" : [
            {
                "repeatable": false,
                "minDistanceFromBot": 30,
                "maxDistanceFromBot": 1000,
                "maxRunDistance": 1,
                "steps": [
                    {
                        "position" : {
                            "x": 122.490074,
                            "y": 6.83943748,
                            "z": 212.105057
                        }
                    }
                ]
            }
        ]
    },
    {
        "repeatable": false,
        "minLevel": 0,
        "maxLevel": 99,
        "maxBots": 2,
        "desirability": 15,
        "name": "Stage Tent",
        "objectives" : [
            {
                "repeatable": false,
                "minDistanceFromBot": 20,
                "maxDistanceFromBot": 500,
                "steps": [
                    {
                        "position" : {
                            "x": 95.65076,
                            "y": 3.7506125,
                            "z": 272.9458
                        }
                    }
                ]
            }
        ]
    },
    {
        "repeatable": false,
        "minLevel": 0,
        "maxLevel": 99,
        "maxBots": 2,
        "desirability": 25,
        "canRunBetweenObjectives": false,
        "name": "Stage",
        "objectives" : [
            {
                "repeatable": false,
                "minDistanceFromBot": 10,
                "maxDistanceFromBot": 1000,
                "maxRunDistance": 7,
                "steps": [
                    {
                        "position" : {
                            "x": 134.766281,
                            "y": 5.450779,
                            "z": 285.346039
                        }
                    }
                ]
            },
            {
                "repeatable": false,
                "minDistanceFromBot": 10,
                "maxDistanceFromBot": 1000,
                "maxRunDistance": 8,
                "steps": [
                    {
                        "position" : {
                            "x": 132.6808,
                            "y": 1.30139542,
                            "z": 292.2637
                        }
                    }
                ]
            },
            {
                "repeatable": false,
                "minDistanceFromBot": 10,
                "maxDistanceFromBot": 1000,
                "maxRunDistance": 2,
                "steps": [
                    {
                        "position" : {
                            "x": 131.207916,
                            "y": 3.46080732,
                            "z": 271.90744
                        }
                    }
                ]
            }
        ]
    },
    {
        "repeatable": true,
        "minLevel": 0,
        "maxLevel": 99,
        "maxBots": 3,
        "desirability": 25,
        "name": "Long Road South Car",
        "objectives" : [
            {
                "repeatable": true,
                "minDistanceFromBot": 30,
                "maxDistanceFromBot": 9999,
                "steps": [
                    {
                        "position" : {
                            "x": 0.102478325,
                            "y": 5.2791667,
                            "z": 374.0309
                        }
                    }
                ]
            }
        ]
    },
    {
        "repeatable": true,
        "minLevel": 0,
        "maxLevel": 99,
        "maxBots": 3,
        "desirability": 25,
        "name": "Long Road Side Tunnel Crash",
        "objectives" : [
            {
                "repeatable": true,
                "minDistanceFromBot": 30,
                "maxDistanceFromBot": 9999,
                "steps": [
                    {
                        "position" : {
                            "x": 5.60502958,
                            "y": 5.95761538,
                            "z": 278.630951
                        }
                    }
                ]
            }
        ]
    },
    {
        "repeatable": true,
        "minLevel": 0,
        "maxLevel": 99,
        "maxBots": 3,
        "desirability": 25,
        "name": "Long Road Bus Crash",
        "objectives" : [
            {
                "repeatable": true,
                "minDistanceFromBot": 30,
                "maxDistanceFromBot": 9999,
                "steps": [
                    {
                        "position" : {
                            "x": 10.6228895,
                            "y": 5.95758438,
                            "z": 176.047867
                        }
                    }
                ]
            }
        ]
    },
    {
        "repeatable": true,
        "minLevel": 0,
        "maxLevel": 99,
        "maxBots": 3,
        "desirability": 25,
        "name": "Long Road Resort Entrance",
        "objectives" : [
            {
                "repeatable": true,
                "minDistanceFromBot": 30,
                "maxDistanceFromBot": 9999,
                "steps": [
                    {
                        "position" : {
                            "x": 16.5031452,
                            "y": 5.957529,
                            "z": 3.90086317
                        }
                    }
                ]
            }
        ]
    },
    {
        "repeatable": false,
        "minLevel": 0,
        "maxLevel": 99,
        "maxBots": 3,
        "desirability": 25,
        "name": "Long Road Pond Camp",
        "objectives" : [
            {
                "repeatable": false,
                "minDistanceFromBot": 30,
                "maxDistanceFromBot": 1000,
                "steps": [
                    {
                        "position" : {
                            "x": -12.7992268,
                            "y": 0.5352798,
                            "z": 53.52692
                        }
                    }
                ]
            }
        ]
    },
    {
        "repeatable": true,
        "minLevel": 0,
        "maxLevel": 99,
        "maxBots": 3,
        "desirability": 25,
        "name": "Long Road Construction",
        "objectives" : [
            {
                "repeatable": true,
                "minDistanceFromBot": 10,
                "maxDistanceFromBot": 9999,
                "steps": [
                    {
                        "position" : {
                            "x": 27.87141,
                            "y": 5.97389746,
                            "z": -158.076431
                        }
                    }
                ]
            },
            {
                "repeatable": true,
                "minDistanceFromBot": 10,
                "maxDistanceFromBot": 9999,
                "steps": [
                    {
                        "position" : {
                            "x": 26.6931782,
                            "y": 5.97952127,
                            "z": -185.608109
                        }
                    }
                ]
            },
            {
                "repeatable": true,
                "minDistanceFromBot": 10,
                "maxDistanceFromBot": 9999,
                "steps": [
                    {
                        "position" : {
                            "x": 24.6244469,
                            "y": 8.724115,
                            "z": -242.525467
                        }
                    }
                ]
            },
            {
                "repeatable": true,
                "minDistanceFromBot": 10,
                "maxDistanceFromBot": 9999,
                "steps": [
                    {
                        "position" : {
                            "x": 31.8301258,
                            "y": 4.88018,
                            "z": -239.899338
                        }
                    }
                ]
            }
        ]
    },
    {
        "repeatable": true,
        "isSniping": true,
        "minLevel": 0,
        "maxLevel": 99,
        "maxBots": 3,
        "maxBotsInGroup": 1,
        "desirability": 25,
        "pmcsOnly": true,
        "name": "Long Road Sniping",
        "objectives" : [
            {
                "repeatable": true,
                "minDistanceFromBot": 30,
                "maxDistanceFromBot": 9999,
                "lootAfterCompleting": "Inhibit",
                "steps": [
                    {
                        "waitTimeAfterCompleting": 1,
                        "position" : {
                            "x": 62.5363846,
                            "y": 20.6935062,
                            "z": 106.907082
                        }
                    },
                    {
                        "stepType" : "Snipe",
                        "minElapsedTime": {
                            "min": 45,
                            "max": 180
                        },
                        "position" : {
                            "x": 62.5363846,
                            "y": 20.6935062,
                            "z": 106.907082
                        },
                        "lookToPosition" : {
                            "x": 7.59853458,
                            "y": 5.957984,
                            "z": 90.24553
                        }
                    }
                ]
            },
            {
                "repeatable": true,
                "minDistanceFromBot": 30,
                "maxDistanceFromBot": 9999,
                "lootAfterCompleting": "Inhibit",
                "steps": [
                    {
                        "waitTimeAfterCompleting": 1,
                        "position" : {
                            "x": 63.4862747,
                            "y": 16.08045,
                            "z": 186.568573
                        }
                    },
                    {
                        "stepType" : "Snipe",
                        "minElapsedTime": {
                            "min": 45,
                            "max": 180
                        },
                        "position" : {
                            "x": 63.4862747,
                            "y": 16.08045,
                            "z": 186.568573
                        },
                        "lookToPosition" : {
                            "x": 7.049618,
                            "y": 5.957589,
                            "z": 182.723984
                        }
                    }
                ]
            },
            {
                "repeatable": true,
                "minDistanceFromBot": 30,
                "maxDistanceFromBot": 9999,
                "lootAfterCompleting": "Inhibit",
                "steps": [
                    {
                        "waitTimeAfterCompleting": 1,
                        "position" : {
                            "x": 95.4739761,
                            "y": 22.2131042,
                            "z": 159.033966
                        }
                    },
                    {
                        "stepType" : "Snipe",
                        "minElapsedTime": {
                            "min": 45,
                            "max": 180
                        },
                        "position" : {
                            "x": 95.4739761,
                            "y": 22.2131042,
                            "z": 159.033966
                        },
                        "lookToPosition" : {
                            "x": 122.165085,
                            "y": 5.77331066,
                            "z": 208.503265
                        }
                    }
                ]
            }
        ]
    },
    {
        "repeatable": false,
        "minLevel": 0,
        "maxLevel": 99,
        "maxBots": 3,
        "desirability": 15,
        "name": "Docks Camp",
        "objectives" : [
            {
                "repeatable": false,
                "minDistanceFromBot": 30,
                "maxDistanceFromBot": 1000,
                "steps": [
                    {
                        "position" : {
                            "x": 96.2127151,
                            "y": 3.6501472,
                            "z": -164.320831
                        }
                    }
                ]
            }
        ]
    },
    {
        "repeatable": false,
        "minLevel": 15,
        "maxLevel": 99,
        "maxBots": 3,
        "desirability": 45,
        "name": "Merin Car",
        "objectives" : [
            {
                "repeatable": false,
                "minDistanceFromBot": 30,
                "maxDistanceFromBot": 1500,
                "steps": [
                    {
                        "position" : {
                            "x": 91.29322,
                            "y": 7.25859261,
                            "z": -129.229721
                        }
                    }
                ]
            }
        ]
    },
    {
        "repeatable": false,
        "minLevel": 0,
        "maxLevel": 99,
        "maxBots": 3,
        "desirability": 15,
        "name": "Docks",
        "objectives" : [
            {
                "repeatable": false,
                "minDistanceFromBot": 30,
                "maxDistanceFromBot": 1000,
                "maxRunDistance": 7,
                "steps": [
                    {
                        "position" : {
                            "x": 145.512619,
                            "y": 3.22303629,
                            "z": -133.898514
                        }
                    }
                ]
            },
            {
                "repeatable": false,
                "minDistanceFromBot": 30,
                "maxDistanceFromBot": 1000,
                "maxRunDistance": 6,
                "steps": [
                    {
                        "position" : {
                            "x": 136.708786,
                            "y": 3.22303677,
                            "z": -193.77916
                        }
                    }
                ]
            }
        ]
    },
    {
        "repeatable": false,
        "minLevel": 0,
        "maxLevel": 99,
        "maxBots": 3,
        "desirability": 15,
        "name": "Main Road Bridge Beach Container",
        "objectives" : [
            {
                "repeatable": false,
                "minDistanceFromBot": 30,
                "maxDistanceFromBot": 9999,
                "steps": [
                    {
                        "position" : {
                            "x": 98.205925,
                            "y": 0.3155936,
                            "z": -303.896759
                        }
                    }
                ]
            }
        ]
    },
    {
        "repeatable": true,
        "minLevel": 0,
        "maxLevel": 99,
        "maxBots": 3,
        "desirability": 35,
        "name": "Main Road Bridge Underpass",
        "objectives" : [
            {
                "repeatable": true,
                "minDistanceFromBot": 30,
                "maxDistanceFromBot": 9999,
                "steps": [
                    {
                        "position" : {
                            "x": 2.21924114,
                            "y": -0.0922396,
                            "z": -343.4761
                        }
                    }
                ]
            }
        ]
    },
    {
        "repeatable": false,
        "minLevel": 0,
        "maxLevel": 99,
        "maxBots": 3,
        "desirability": 15,
        "name": "Village East House Backyard",
        "objectives" : [
            {
                "repeatable": false,
                "minDistanceFromBot": 30,
                "maxDistanceFromBot": 1000,
                "maxRunDistance": 10,
                "steps": [
                    {
                        "position" : {
                            "x": -272.513458,
                            "y": 13.7856779,
                            "z": -205.245132
                        }
                    }
                ]
            }
        ]
    },
    {
        "repeatable": false,
        "minLevel": 0,
        "maxLevel": 99,
        "maxBots": 3,
        "desirability": 15,
        "canRunBetweenObjectives": false,
        "name": "Village East House",
        "objectives" : [
            {
                "repeatable": false,
                "minDistanceFromBot": 30,
                "maxDistanceFromBot": 1000,
                "maxRunDistance": 5,
                "steps": [
                    {
                        "position" : {
                            "x": -256.533966,
                            "y": 14.1611509,
                            "z": -207.748734
                        }
                    }
                ]
            },
            {
                "repeatable": false,
                "minDistanceFromBot": 30,
                "maxDistanceFromBot": 1000,
                "maxRunDistance": 5,
                "steps": [
                    {
                        "position" : {
                            "x": -256.8208,
                            "y": 14.1611509,
                            "z": -202.867569
                        }
                    }
                ]
            }
        ]
    },
    {
        "repeatable": false,
        "minLevel": 0,
        "maxLevel": 99,
        "maxBots": 3,
        "desirability": 15,
        "canRunBetweenObjectives": false,
        "name": "Village Center House",
        "objectives" : [
            {
                "repeatable": false,
                "minDistanceFromBot": 30,
                "maxDistanceFromBot": 1000,
                "maxRunDistance": 8,
                "steps": [
                    {
                        "position" : {
                            "x": -184.730179,
                            "y": 12.6902075,
                            "z": -208.184128
                        }
                    },
                    {
                        "position" : {
                            "x": -190.4018,
                            "y": 12.6902065,
                            "z": -209.937363
                        }
                    },
                    {
                        "position" : {
                            "x": -183.478409,
                            "y": 15.3454523,
                            "z": -208.973663
                        }
                    },
                    {
                        "position" : {
                            "x": -190.856766,
                            "y": 15.34545,
                            "z": -202.905045
                        }
                    }
                ]
            }
        ]
    },
    {
        "repeatable": true,
        "minLevel": 0,
        "maxLevel": 99,
        "maxBots": 3,
        "desirability": 25,
        "name": "Village West House",
        "objectives" : [
            {
                "repeatable": true,
                "minDistanceFromBot": 30,
                "maxDistanceFromBot": 9999,
                "maxRunDistance": 4,
                "steps": [
                    {
                        "position" : {
                            "x": -133.759933,
                            "y": 11.6636028,
                            "z": -213.774826
                        }
                    }
                ]
            }
        ]
    },
    {
        "repeatable": false,
        "minLevel": 15,
        "maxLevel": 99,
        "maxBots": 2,
        "desirability": 15,
        "name": "Village Hillside House",
        "objectives" : [
            {
                "repeatable": false,
                "minDistanceFromBot": 30,
                "maxDistanceFromBot": 1000,
                "maxRunDistance": 4,
                "steps": [
                    {
                        "position" : {
                            "x": -148.3957,
                            "y": 11.7017088,
                            "z": -249.07222
                        }
                    }
                ]
            }
        ]
    },
    {
        "repeatable": false,
        "minLevel": 0,
        "maxLevel": 99,
        "maxBots": 3,
        "desirability": 15,
        "canRunBetweenObjectives": false,
        "name": "Convenience Store House Backyard",
        "objectives" : [
            {
                "repeatable": false,
                "minDistanceFromBot": 10,
                "maxDistanceFromBot": 1000,
                "maxRunDistance": 4,
                "steps": [
                    {
                        "position" : {
                            "x": -109.985992,
                            "y": 6.529419,
                            "z": -269.43103
                        }
                    }
                ]
            },
            {
                "repeatable": false,
                "minDistanceFromBot": 10,
                "maxDistanceFromBot": 1000,
                "maxRunDistance": 2,
                "steps": [
                    {
                        "position" : {
                            "x": -99.76738,
                            "y": 5.834517,
                            "z": -287.774261
                        }
                    }
                ]
            }
        ]
    },
    {
        "repeatable": false,
        "minLevel": 0,
        "maxLevel": 99,
        "maxBots": 3,
        "desirability": 25,
        "canRunBetweenObjectives": false,
        "name": "Convenience Store House",
        "objectives" : [
            {
                "repeatable": false,
                "minDistanceFromBot": 10,
                "maxDistanceFromBot": 99999,
                "maxRunDistance": 5,
                "steps": [
                    {
                        "position" : {
                            "x": -71.5975,
                            "y": 6.032806,
                            "z": -276.1599
                        }
                    },
                    {
                        "position" : {
                            "x": -72.14548,
                            "y": 6.03280926,
                            "z": -295.7627
                        }
                    },
                    {
                        "position" : {
                            "x": -77.7535553,
                            "y": 6.03281,
                            "z": -294.475555
                        }
                    },
                    {
                        "position" : {
                            "x": -77.84502,
                            "y": 9.050276,
                            "z": -294.921967
                        }
                    },
                    {
                        "position" : {
                            "x": -71.48745,
                            "y": 9.050275,
                            "z": -296.085876
                        }
                    },
                    {
                        "position" : {
                            "x": -77.3259,
                            "y": 9.050274,
                            "z": -281.575165
                        }
                    },
                    {
                        "position" : {
                            "x": -71.06774,
                            "y": 9.050272,
                            "z": -278.221558
                        }
                    }
                ]
            }
        ]
    },
    {
        "repeatable": false,
        "minLevel": 15,
        "maxLevel": 99,
        "maxBots": 3,
        "desirability": 10,
        "name": "Convenience Store Storage",
        "objectives" : [
            {
                "repeatable": false,
                "minDistanceFromBot": 30,
                "maxDistanceFromBot": 1000,
                "maxRunDistance": 5,
                "steps": [
                    {
                        "position" : {
                            "x": -59.0821075,
                            "y": 5.700978,
                            "z": -295.738129
                        }
                    }
                ]
            }
        ]
    },
    {
        "repeatable": false,
        "minLevel": 0,
        "maxLevel": 99,
        "maxBots": 3,
        "desirability": 10,
        "name": "Cabins",
        "objectives" : [
            {
                "repeatable": false,
                "minDistanceFromBot": 30,
                "maxDistanceFromBot": 1000,
                "maxRunDistance": 3,
                "steps": [
                    {
                        "position" : {
                            "x": -263.052551,
                            "y": 0.7855399,
                            "z": -316.641235
                        }
                    }
                ]
            },
            {
                "repeatable": false,
                "minDistanceFromBot": 30,
                "maxDistanceFromBot": 1000,
                "maxRunDistance": 4,
                "steps": [
                    {
                        "position" : {
                            "x": -262.07196,
                            "y": 0.9993639,
                            "z": -348.534637
                        }
                    }
                ]
            },
            {
                "repeatable": false,
                "minDistanceFromBot": 30,
                "maxDistanceFromBot": 1000,
                "maxRunDistance": 4,
                "steps": [
                    {
                        "position" : {
                            "x": -286.941864,
                            "y": 0.4015298,
                            "z": -339.7943
                        }
                    }
                ]
            },
            {
                "repeatable": false,
                "minDistanceFromBot": 30,
                "maxDistanceFromBot": 1000,
                "maxRunDistance": 4,
                "steps": [
                    {
                        "position" : {
                            "x": -301.489746,
                            "y": 0.0570777543,
                            "z": -314.698029
                        }
                    }
                ]
            },
            {
                "repeatable": false,
                "minDistanceFromBot": 30,
                "maxDistanceFromBot": 1000,
                "steps": [
                    {
                        "position" : {
                            "x": -271.4914,
                            "y": 0.928575039,
                            "z": -352.879883
                        }
                    }
                ]
            }
        ]
    },
    {
        "repeatable": false,
        "minLevel": 0,
        "maxLevel": 99,
        "maxBots": 3,
        "desirability": 25,
        "name": "Cabins Crashed Van",
        "objectives" : [
            {
                "repeatable": false,
                "minDistanceFromBot": 30,
                "maxDistanceFromBot": 1000,
                "steps": [
                    {
                        "position" : {
                            "x": -253.573669,
                            "y": 0.0433757454,
                            "z": -387.384735
                        }
                    }
                ]
            }
        ]
    },
    {
        "repeatable": true,
        "minLevel": 0,
        "maxLevel": 99,
        "maxBots": 3,
        "desirability": 25,
        "name": "USEC Camp Road East Building",
        "objectives" : [
            {
                "repeatable": true,
                "minDistanceFromBot": 30,
                "maxDistanceFromBot": 9999,
                "maxRunDistance": 1,
                "steps": [
                    {
                        "position" : {
                            "x": -169.737213,
                            "y": 4.70621252,
                            "z": -447.748138
                        }
                    }
                ]
            }
        ]
    },
    {
        "repeatable": false,
        "minLevel": 15,
        "maxLevel": 99,
        "maxBots": 3,
        "desirability": 10,
        "name": "USEC Camp Workshop Buildings",
        "objectives" : [
            {
                "repeatable": false,
                "minDistanceFromBot": 30,
                "maxDistanceFromBot": 1000,
                "maxRunDistance": 2,
                "steps": [
                    {
                        "position" : {
                            "x": -168.1047,
                            "y": 7.517896,
                            "z": -471.36908
                        }
                    }
                ]
            },
            {
                "repeatable": false,
                "minDistanceFromBot": 30,
                "maxDistanceFromBot": 1000,
                "maxRunDistance": 3,
                "steps": [
                    {
                        "position" : {
                            "x": -171.903122,
                            "y": 4.94339752,
                            "z": -498.517944
                        }
                    }
                ]
            }
        ]
    },
    {
        "repeatable": false,
        "minLevel": 10,
        "maxLevel": 99,
        "maxBots": 2,
        "desirability": 10,
        "name": "USEC Camp Helipad Area",
        "objectives" : [
            {
                "repeatable": false,
                "minDistanceFromBot": 30,
                "maxDistanceFromBot": 1000,
                "steps": [
                    {
                        "position" : {
                            "x": -96.90406,
                            "y": 0.203337222,
                            "z": -490.314
                        }
                    }
                ]
            },
            {
                "repeatable": false,
                "minDistanceFromBot": 30,
                "maxDistanceFromBot": 1000,
                "steps": [
                    {
                        "position" : {
                            "x": -97.23684,
                            "y": 1.65051508,
                            "z": -521.158447
                        }
                    }
                ]
            },
            {
                "repeatable": false,
                "minDistanceFromBot": 30,
                "maxDistanceFromBot": 1000,
                "steps": [
                    {
                        "position" : {
                            "x": -83.34874,
                            "y": -0.13599728,
                            "z": -563.8777
                        }
                    }
                ]
            },
            {
                "repeatable": false,
                "minDistanceFromBot": 30,
                "maxDistanceFromBot": 1000,
                "steps": [
                    {
                        "position" : {
                            "x": -111.78653,
                            "y": -0.1455664,
                            "z": -547.138855
                        }
                    }
                ]
            },
            {
                "repeatable": false,
                "minDistanceFromBot": 30,
                "maxDistanceFromBot": 1000,
                "steps": [
                    {
                        "position" : {
                            "x": -96.19552,
                            "y": -0.145574287,
                            "z": -536.3548
                        }
                    }
                ]
            },
            {
                "repeatable": false,
                "minDistanceFromBot": 30,
                "maxDistanceFromBot": 1000,
                "steps": [
                    {
                        "position" : {
                            "x": -44.4484978,
                            "y": 7.07995558,
                            "z": -521.359741
                        }
                    }
                ]
            }
        ]
    },
    {
        "repeatable": false,
        "minLevel": 0,
        "maxLevel": 99,
        "maxBots": 3,
        "desirability": 25,
        "canRunBetweenObjectives": false,
        "name": "Resort Garage",
        "objectives" : [
            {
                "repeatable": false,
                "minDistanceFromBot": 30,
                "maxDistanceFromBot": 1000,
                "maxRunDistance": 6,
                "steps": [
                    {
                        "position" : {
                            "x": -106.394966,
                            "y": 17.90842,
                            "z": -10.0098286
                        }
                    },
                    {
                        "position" : {
                            "x": -109.044022,
                            "y": 20.9000721,
                            "z": -15.8465872
                        }
                    },
                    {
                        "position" : {
                            "x": -116.804871,
                            "y": 20.90008,
                            "z": -20.4138756
                        }
                    }
                ]
            }
        ]
    },
    {
        "repeatable": true,
        "isSniping": true,
        "minLevel": 0,
        "maxLevel": 99,
        "maxBots": 3,
        "maxBotsInGroup": 1,
        "desirability": 25,
        "pmcsOnly": true,
        "name": "Resort Front Yard",
        "objectives" : [
            {
                "repeatable": true,
                "minDistanceFromBot": 30,
                "maxDistanceFromBot": 9999,
                "lootAfterCompleting": "Inhibit",
                "steps": [
                    {
                        "position" : {
                            "x": -96.19256,
                            "y": 17.5896969,
                            "z": -42.41065
                        }
                    }
                ]
            },
            {
                "repeatable": true,
                "minDistanceFromBot": 30,
                "maxDistanceFromBot": 9999,
                "lootAfterCompleting": "Inhibit",
                "steps": [
                    {
                        "waitTimeAfterCompleting": 1,
                        "position" : {
                            "x": -67.1896057,
                            "y": 17.5896912,
                            "z": -23.5435562
                        }
                    },
                    {
                        "stepType" : "Snipe",
                        "minElapsedTime": {
                            "min": 45,
                            "max": 180
                        },
                        "position" : {
                            "x": -67.1896057,
                            "y": 17.5896912,
                            "z": -23.5435562
                        },
                        "lookToPosition" : {
                            "x": 12.0218372,
                            "y": 5.95755,
                            "z": 65.21484
                        }
                    }
                ]
            }
        ]
    },
    {
        "repeatable": true,
        "isSniping": true,
        "minLevel": 0,
        "maxLevel": 99,
        "maxBots": 3,
        "maxBotsInGroup": 1,
        "desirability": 25,
        "pmcsOnly": true,
        "name": "Resort Overlook",
        "objectives" : [
            {
                "repeatable": true,
                "minDistanceFromBot": 30,
                "maxDistanceFromBot": 9999,
                "lootAfterCompleting": "Inhibit",
                "steps": [
                    {
                        "waitTimeAfterCompleting": 1,
                        "position" : {
                            "x": -56.4292641,
                            "y": 19.093504,
                            "z": -122.957176
                        }
                    },
                    {
                        "stepType" : "Snipe",
                        "minElapsedTime": {
                            "min": 45,
                            "max": 180
                        },
                        "position" : {
                            "x": -56.4292641,
                            "y": 19.093504,
                            "z": -122.957176
                        },
                        "lookToPosition" : {
                            "x": 8.760331,
                            "y": 5.956075,
                            "z": -69.4498749
                        }
                    }
                ]
            },
            {
                "repeatable": true,
                "minDistanceFromBot": 30,
                "maxDistanceFromBot": 9999,
                "lootAfterCompleting": "Inhibit",
                "steps": [
                    {
                        "waitTimeAfterCompleting": 1,
                        "position" : {
                            "x": -54.5435066,
                            "y": 19.15492,
                            "z": -136.50351
                        }
                    },
                    {
                        "stepType" : "Snipe",
                        "minElapsedTime": {
                            "min": 45,
                            "max": 180
                        },
                        "position" : {
                            "x": -54.5435066,
                            "y": 19.15492,
                            "z": -136.50351
                        },
                        "lookToPosition" : {
                            "x": 20.4075966,
                            "y": 5.973898,
                            "z": -131.576462
                        }
                    }
                ]
            },
            {
                "repeatable": false,
                "minDistanceFromBot": 30,
                "maxDistanceFromBot": 9999,
                "steps": [
                    {
                        "position" : {
                            "x": -64.99453,
                            "y": 19.8203144,
                            "z": -133.941711
                        }
                    }
                ]
            }
        ]
    },
    {
        "repeatable": true,
        "isSniping": true,
        "minLevel": 0,
        "maxLevel": 99,
        "maxBots": 3,
        "maxBotsInGroup": 1,
        "desirability": 25,
        "pmcsOnly": true,
        "name": "Resort Sniping",
        "objectives" : [
            {
                "repeatable": true,
                "minDistanceFromBot": 30,
                "maxDistanceFromBot": 9999,
                "lootAfterCompleting": "Inhibit",
                "steps": [
                    {
                        "waitTimeAfterCompleting": 1,
                        "position" : {
                            "x": -59.15952,
                            "y": 19.3659611,
                            "z": -107.264793
                        }
                    },
                    {
                        "waitTimeAfterCompleting": 1,
                        "stepType" : "HoldAtPosition",
                        "maxDistance": 3,
                        "minElapsedTime": {
                            "min": 45,
                            "max": 180
                        },
                        "position" : {
                            "x": -59.15952,
                            "y": 19.3659611,
                            "z": -107.264793
                        }
                    }
                ]
            },
            {
                "repeatable": true,
                "minDistanceFromBot": 30,
                "maxDistanceFromBot": 9999,
                "lootAfterCompleting": "Inhibit",
                "steps": [
                    {
                        "waitTimeAfterCompleting": 1,
                        "position" : {
                            "x": -72.9312057,
                            "y": 21.86696,
                            "z": -89.21255
                        }
                    },
                    {
                        "stepType" : "Snipe",
                        "minElapsedTime": {
                            "min": 45,
                            "max": 180
                        },
                        "position" : {
                            "x": -72.9312057,
                            "y": 21.86696,
                            "z": -89.21255
                        },
                        "lookToPosition" : {
                            "x": 21.7795,
                            "y": 5.97389746,
                            "z": -131.561737
                        }
                    }
                ]
            },
            {
                "repeatable": true,
                "minDistanceFromBot": 30,
                "maxDistanceFromBot": 9999,
                "lootAfterCompleting": "Inhibit",
                "steps": [
                    {
                        "waitTimeAfterCompleting": 1,
                        "position" : {
                            "x": -73.15654,
                            "y": 21.8669548,
                            "z": -58.26992
                        }
                    },
                    {
                        "stepType" : "Snipe",
                        "minElapsedTime": {
                            "min": 45,
                            "max": 180
                        },
                        "position" : {
                            "x": -73.15654,
                            "y": 21.8669548,
                            "z": -58.26992
                        },
                        "lookToPosition" : {
                            "x": 22.4458084,
                            "y": 5.946432,
                            "z": -89.1846161
                        }
                    }
                ]
            }
        ]
    },
    {
        "repeatable": false,
        "minLevel": 0,
        "maxLevel": 99,
        "maxBots": 3,
        "desirability": 25,
        "name": "Tennis Courts",
        "objectives" : [
            {
                "repeatable": false,
                "minDistanceFromBot": 30,
                "maxDistanceFromBot": 1000,
                "maxRunDistance": 11,
                "steps": [
                    {
                        "position" : {
                            "x": -66.60237,
                            "y": 26.77016,
                            "z": 110.874985
                        }
                    }
                ]
            },
            {
                "repeatable": false,
                "minDistanceFromBot": 30,
                "maxDistanceFromBot": 1000,
                "maxRunDistance": 7,
                "steps": [
                    {
                        "position" : {
                            "x": -71.39276,
                            "y": 26.77016,
                            "z": 133.071487
                        }
                    }
                ]
            },
            {
                "repeatable": false,
                "minDistanceFromBot": 30,
                "maxDistanceFromBot": 1000,
                "steps": [
                    {
                        "position" : {
                            "x": -73.72335,
                            "y": 27.3581543,
                            "z": 146.984879
                        }
                    }
                ]
            }
        ]
    },
    {
        "repeatable": false,
        "minLevel": 0,
        "maxLevel": 99,
        "maxBots": 3,
        "desirability": 25,
        "name": "Chalet Remote Building",
        "objectives" : [
            {
                "repeatable": false,
                "minDistanceFromBot": 30,
                "maxDistanceFromBot": 1000,
                "maxRunDistance": 3,
                "steps": [
                    {
                        "position" : {
                            "x": -128.736176,
                            "y": 39.50794,
                            "z": 131.354858
                        }
                    }
                ]
            }
        ]
    },
    {
        "repeatable": false,
        "minLevel": 0,
        "maxLevel": 99,
        "maxBots": 3,
        "desirability": 25,
        "name": "Chalet Kayak Storage",
        "objectives" : [
            {
                "repeatable": false,
                "minDistanceFromBot": 30,
                "maxDistanceFromBot": 1000,
                "maxRunDistance": 4,
                "steps": [
                    {
                        "position" : {
                            "x": -149.062241,
                            "y": 39.9193077,
                            "z": 94.82135
                        }
                    }
                ]
            }
        ]
    },
    {
        "repeatable": true,
        "isSniping": true,
        "minLevel": 0,
        "maxLevel": 99,
        "maxBots": 3,
        "maxBotsInGroup": 1,
        "desirability": 25,
        "pmcsOnly": true,
        "name": "Chalet Outdoor Area",
        "objectives" : [
            {
                "repeatable": true,
                "minDistanceFromBot": 30,
                "maxDistanceFromBot": 1000,
                "lootAfterCompleting": "Inhibit",
                "steps": [
                    {
                        "waitTimeAfterCompleting": 1,
                        "position" : {
                            "x": -114.276077,
                            "y": 39.8468781,
                            "z": 76.89095
                        }
                    },
                    {
                        "waitTimeAfterCompleting": 1,
                        "stepType" : "HoldAtPosition",
                        "maxDistance": 3,
                        "minElapsedTime": {
                            "min": 30,
                            "max": 120
                        },
                        "position" : {
                            "x": -114.276077,
                            "y": 39.8468781,
                            "z": 76.89095
                        }
                    }
                ]
            },
            {
                "repeatable": true,
                "minDistanceFromBot": 30,
                "maxDistanceFromBot": 1000,
                "lootAfterCompleting": "Inhibit",
                "steps": [
                    {
                        "waitTimeAfterCompleting": 1,
                        "position" : {
                            "x": -112.59478,
                            "y": 39.8468781,
                            "z": 89.85522
                        }
                    },
                    {
                        "stepType" : "Snipe",
                        "minElapsedTime": {
                            "min": 45,
                            "max": 180
                        },
                        "position" : {
                            "x": -112.59478,
                            "y": 39.8468781,
                            "z": 89.85522
                        },
                        "lookToPosition" : {
                            "x": 12.4945364,
                            "y": 5.95755768,
                            "z": 89.172226
                        }
                    }
                ]
            },
            {
                "repeatable": false,
                "minDistanceFromBot": 30,
                "maxDistanceFromBot": 1000,
                "steps": [
                    {
                        "position" : {
                            "x": -109.113419,
                            "y": 33.1218376,
                            "z": 105.437355
                        }
                    }
                ]
            },
            {
                "repeatable": false,
                "minDistanceFromBot": 30,
                "maxDistanceFromBot": 1000,
                "steps": [
                    {
                        "position" : {
                            "x": -116.64325,
                            "y": 36.637352,
                            "z": 74.70319
                        }
                    }
                ]
            }
        ]
    },
    {
        "repeatable": false,
        "minLevel": 0,
        "maxLevel": 99,
        "maxBots": 3,
        "desirability": 25,
        "name": "Helicopter Crash Armchair",
        "objectives" : [
            {
                "repeatable": false,
                "minDistanceFromBot": 30,
                "maxDistanceFromBot": 1000,
                "steps": [
                    {
                        "position" : {
                            "x": -132.804367,
                            "y": 31.7275543,
                            "z": 273.4695
                        }
                    }
                ]
            }
        ]
    },
    {
        "repeatable": false,
        "minLevel": 0,
        "maxLevel": 99,
        "maxBots": 3,
        "desirability": 25,
        "name": "Helicopter Crash",
        "objectives" : [
            {
                "repeatable": false,
                "minDistanceFromBot": 30,
                "maxDistanceFromBot": 1000,
                "steps": [
                    {
                        "position" : {
                            "x": -134.072189,
                            "y": 21.61867,
                            "z": 300.528137
                        }
                    }
                ]
            }
        ]
    },
    {
        "repeatable": false,
        "minLevel": 0,
        "maxLevel": 99,
        "maxBots": 3,
        "desirability": 25,
        "name": "USEC Camp Entrance",
        "objectives" : [
            {
                "repeatable": false,
                "minDistanceFromBot": 30,
                "maxDistanceFromBot": 9999,
                "maxRunDistance": 3,
                "steps": [
                    {
                        "position" : {
                            "x": 14.7168531,
                            "y": 4.606017,
                            "z": -451.183136
                        }
                    },
                    {
                        "position" : {
                            "x": 18.2275467,
                            "y": 4.813914,
                            "z": -445.5997
                        }
                    },
                    {
                        "position" : {
                            "x": 24.4268379,
                            "y": 4.81391335,
                            "z": -444.666931
                        }
                    },
                    {
                        "position" : {
                            "x": 31.86294,
                            "y": 4.809583,
                            "z": -453.097717
                        }
                    }
                ]
            }
        ]
    },
    {
        "repeatable": false,
        "minLevel": 0,
        "maxLevel": 99,
        "maxBots": 3,
        "desirability": 25,
        "name": "USEC Camp Entrance Tents",
        "objectives" : [
            {
                "repeatable": false,
                "minDistanceFromBot": 30,
                "maxDistanceFromBot": 1000,
                "steps": [
                    {
                        "position" : {
                            "x": 11.8840294,
                            "y": 1.73906469,
                            "z": -473.790863
                        }
                    }
                ]
            },
            {
                "repeatable": false,
                "minDistanceFromBot": 30,
                "maxDistanceFromBot": 1000,
                "steps": [
                    {
                        "position" : {
                            "x": 9.963026,
                            "y": 1.72979832,
                            "z": -503.5251
                        }
                    }
                ]
            },
            {
                "repeatable": false,
                "minDistanceFromBot": 30,
                "maxDistanceFromBot": 1000,
                "maxRunDistance": 3,
                "steps": [
                    {
                        "position" : {
                            "x": -28.3330879,
                            "y": 1.94120026,
                            "z": -527.640747
                        }
                    }
                ]
            },
            {
                "repeatable": false,
                "minDistanceFromBot": 30,
                "maxDistanceFromBot": 1000,
                "maxRunDistance": 4,
                "steps": [
                    {
                        "position" : {
                            "x": 13.5384655,
                            "y": 1.65884852,
                            "z": -547.4041
                        }
                    }
                ]
            }
        ]
    },
    {
        "repeatable": false,
        "minLevel": 15,
        "maxLevel": 99,
        "maxBots": 3,
        "desirability": 25,
        "name": "USEC Camp Building 1 Stash",
        "objectives" : [
            {
                "repeatable": false,
                "minDistanceFromBot": 30,
                "maxDistanceFromBot": 1000,
                "maxRunDistance": 3,
                "steps": [
                    {
                        "position" : {
                            "x": 50.73781,
                            "y": 4.81484032,
                            "z": -552.953552
                        }
                    }
                ]
            }
        ]
    },
    {
        "repeatable": true,
        "minLevel": 0,
        "maxLevel": 99,
        "maxBots": 3,
        "desirability": 25,
        "name": "USEC Camp Building 1 Back Lot",
        "objectives" : [
            {
                "repeatable": true,
                "minDistanceFromBot": 300,
                "maxDistanceFromBot": 9999,
                "steps": [
                    {
                        "position" : {
                            "x": 29.6404552,
                            "y": 4.619076,
                            "z": -685.001343
                        }
                    }
                ]
            }
        ]
    },
    {
        "repeatable": false,
        "minLevel": 0,
        "maxLevel": 99,
        "maxBots": 3,
        "desirability": 25,
        "name": "USEC Camp Building 2 Roof",
        "objectives" : [
            {
                "repeatable": false,
                "minDistanceFromBot": 10,
                "maxDistanceFromBot": 500,
                "maxRunDistance": 4,
                "steps": [
                    {
                        "position" : {
                            "x": -90.78155,
                            "y": 13.94272,
                            "z": -742.5677
                        }
                    }
                ]
            }
        ]
    },
    {
        "repeatable": false,
        "minLevel": 0,
        "maxLevel": 99,
        "maxBots": 3,
        "desirability": 25,
        "name": "USEC Camp Building 3 Roof",
        "objectives" : [
            {
                "repeatable": false,
                "minDistanceFromBot": 10,
                "maxDistanceFromBot": 500,
                "steps": [
                    {
                        "position" : {
                            "x": -186.4256,
                            "y": 13.94274,
                            "z": -659.88446
                        }
                    }
                ]
            }
        ]
    },
    {
        "repeatable": false,
        "minLevel": 0,
        "maxLevel": 99,
        "maxBots": 3,
        "desirability": 20,
        "name": "Drug Lab",
        "objectives" : [
            {
                "repeatable": false,
                "minDistanceFromBot": 30,
                "maxDistanceFromBot": 1000,
                "maxRunDistance": 11,
                "steps": [
                    {
                        "position" : {
                            "x": -122.719414,
                            "y": 10.51153,
                            "z": -843.68396
                        }
                    }
                ]
            }
        ]
    },
    {
        "repeatable": false,
        "minLevel": 0,
        "maxLevel": 99,
        "maxBots": 3,
        "desirability": 10,
        "name": "Tankers",
        "objectives" : [
            {
                "repeatable": false,
                "minDistanceFromBot": 30,
                "maxDistanceFromBot": 1000,
                "steps": [
                    {
                        "position" : {
                            "x": -92.66,
                            "y": 10.5197487,
                            "z": -912.784851
                        }
                    }
                ]
            }
        ]
    },
    {
        "repeatable": true,
        "minLevel": 0,
        "maxLevel": 99,
        "maxBots": 3,
        "desirability": 25,
        "name": "Train Yard",
        "objectives" : [
            {
                "repeatable": true,
                "minDistanceFromBot": 5,
                "maxDistanceFromBot": 9999,
                "steps": [
                    {
                        "position" : {
                            "x": 2.606491,
                            "y": 10.521,
                            "z": -807.4514
                        }
                    }
                ]
            },
            {
                "repeatable": true,
                "minDistanceFromBot": 5,
                "maxDistanceFromBot": 9999,
                "maxRunDistance": 6,
                "steps": [
                    {
                        "position" : {
                            "x": 56.6297874,
                            "y": 10.5209932,
                            "z": -793.4112
                        }
                    }
                ]
            },
            {
                "repeatable": true,
                "minDistanceFromBot": 5,
                "maxDistanceFromBot": 9999,
                "maxRunDistance": 5,
                "steps": [
                    {
                        "position" : {
                            "x": 35.25934,
                            "y": 11.985465,
                            "z": -850.7863
                        }
                    }
                ]
            },
            {
                "repeatable": true,
                "minDistanceFromBot": 5,
                "maxDistanceFromBot": 9999,
                "steps": [
                    {
                        "position" : {
                            "x": 52.24027,
                            "y": 10.5115318,
                            "z": -913.1142
                        }
                    }
                ]
            }
        ]
    },
    {
        "repeatable": false,
        "minLevel": 0,
        "maxLevel": 99,
        "maxBots": 3,
        "desirability": 10,
        "name": "North Edge",
        "objectives" : [
            {
                "repeatable": false,
                "minDistanceFromBot": 30,
                "maxDistanceFromBot": 1000,
                "steps": [
                    {
                        "position" : {
                            "x": 167.569839,
                            "y": 4.22224,
                            "z": -661.0765
                        }
                    }
                ]
            },
            {
                "repeatable": false,
                "minDistanceFromBot": 30,
                "maxDistanceFromBot": 1000,
                "steps": [
                    {
                        "position" : {
                            "x": 160.546112,
                            "y": 1.86743045,
                            "z": -705.7252
                        }
                    }
                ]
            },
            {
                "repeatable": false,
                "minDistanceFromBot": 30,
                "maxDistanceFromBot": 1000,
                "steps": [
                    {
                        "position" : {
                            "x": 171.678391,
                            "y": 0.5209378,
                            "z": -771.0607
                        }
                    }
                ]
            },
            {
                "repeatable": false,
                "minDistanceFromBot": 30,
                "maxDistanceFromBot": 1000,
                "steps": [
                    {
                        "position" : {
                            "x": 124.383125,
                            "y": 5.91621733,
                            "z": -824.7657
                        }
                    }
                ]
            }
        ]
    }
]