{
    "5ac23c6186f7741247042bad": {
        "QuestName": "Gunsmith Part 1",
        "RequiredParts": [
            "55d45f484bdc2d972f8b456d",
            "56083a334bdc2dc8488b4571",
            "5cc9c20cd7f00c001336c65d"
        ]
    },

    "5ac2426c86f774138762edfe": {
        "QuestName": "Gunsmith Part 2",
        "RequiredParts": "AKS-74U Zenit B-11 handguard (Mechanic LL1 Barter, Skier LL1) \n KAC vertical foregrip (Peacekeeper LL1) \n AK-74 5.45x39 6L31 60-round magazine (Prapor LL2 Barter - after completing Ice Cream Cones, Prapor LL4) \n AK Zenit RP-1 charging handle (Skier LL1)",
        "RequiredDurability": "60"
    },

    "5ac2428686f77412450b42bf": {
        "QuestName": "Gunsmith Part 3",
        "RequiredParts": "HK MP5 9x19 X Products X-5 50-round drum magazine (Mechanic LL2 Barter, Peacekeeper LL2 Barter) \n HK MP5SD B&T tri-rail ring mount (Peacekeeper LL2, Mechanic LL2 Barter) \n NcSTAR Tactical blue laser LAM-module (Skier LL1)",
        "RequiredDurability": "60"
    },

    "639872f9decada40426d3447": {
        "QuestName": "Gunsmith Part 4",
        "RequiredParts": "SKS 7.62x39 ProMag SKS-A5 20-round magazine (Peacekeeper LL1, Skier LL1 Barter) \n NPZ USP-1 'Tyulpan' 4x scope (Prapor LL1) \n SKS TAPCO Intrafuse chassis (Mechanic LL1) \n SKS TAPCO Intrafuse buffer tube (Mechanic LL1) \n SKS TAPCO Intrafuse kit SAW-Style pistol grip (Mechanic LL1) \n High Standard M4SS Stock (Peacekeeper LL1) \n SKS Hexagon 7.62x39 sound suppressor (Skier LL3)",
        "RequiredDurability": "60"
    },

    "5ae3267986f7742a413592fe": {
        "QuestName": "Gunsmith Part 5",
        "RequiredParts": "ME Cylinder 12ga muzzle adapter (Jaeger LL1) \n GK-02 12ga muzzle brake (Jaeger LL2) \n M870 Magpul MOE handguard (Mechanic LL1 Barter, Mechanic LL2) \n Magpul M-LOK 4.1 inch rail (Mechanic LL1) \n KAC vertical foregrip (Peacekeeper LL1) \n Magpul M-LOK 2.5 inch rail (Mechanic LL1) \n NcSTAR Tactical blue laser LAM-module (Skier LL1) \n M870 Magpul SGA polymer stock (Mechanic LL1 Barter, Mechanic LL2)",
        "RequiredDurability": "60"
    },

    "5ae3270f86f77445ba41d4dd": {
        "QuestName": "Gunsmith Part 6",
        "RequiredParts": "VOMZ Pilad 4x32 24.5mm riflescope (Jaeger LL1) \n Leapers UTG 25mm ring scope mount (Jaeger LL1) \n Fortis Shift tactical foregrip (Peacekeeper LL4) \n AK Zenit RP-1 charging handle (Skier LL1) \n AK Zenit PT-1 'Klassika' stock (Skier LL2) \n AKM/AK-74 Zenit PT Lock (Skier LL2) \n SilencerCo Hybrid 46 Direct Thread Mount adapter (Peacekeeper LL2, Mechanic LL2) \n SilencerCo Hybrid 46 multi-caliber sound suppressor (Peacekeeper LL2, Mechanic LL2 Barter) \n AK TAPCO SAW-Style pistol grip (Mechanic LL2) \n AK 7.62x39 Magpul PMAG 30 GEN M3 30-round magazine - black version (Peacekeeper LL2) \n AK 100-series polymer handguard (Prapor LL1) \n AK AKademia Bastion dust cover (Skier LL1)",
        "RequiredDurability": "60"
    },

    "5ac244eb86f7741356335af1": {
        "QuestName": "Gunsmith Part 7",
        "RequiredParts": "5.56x45 SureFire MAG5-60 STANAG 60-round magazine (Peacekeeper LL3 Barter) \n KRISS Defiance DS150 stock (Peacekeeper LL2) \n AR-15 Windham Weaponry Rail Gas Block (Mechanic LL1) \n AR-15 Magpul MOE SL carbine length M-LOK handguard (Skier LL1) \n Magpul M-LOK 4.1 inch rail (Mechanic LL1) \n KAC vertical foregrip (Peacekeeper LL1) \n AR-15 5.56x45 260mm barrel (Peacekeeper LL2 Barter, Peacekeeper LL3, Mechanic LL2 Barter) \n SureFire SOCOM556-MINI MONSTER 5.56x45 sound suppressor (Skier LL2 Barter, Mechanic LL3) \n Kiba Arms Short Prism 2.5x scope (Skier LL2) \n AR-15 SureFire SF3P 5.56x45 Flash hider (Mechanic LL2)",
        "RequiredDurability": "60"
    },

    "5ae3277186f7745973054106": {
        "QuestName": "Gunsmith Part 8",
        "RequiredParts": "AK Zenit PT-3 'Klassika' stock (Skier LL3) \n AKS-74/AKS-74U Zenit PT Lock (Skier LL2) \n AK Zenit RK-3 pistol grip (Skier LL3 - After Completeting Missing Cargo) \n AK Zenit B-33 dust cover (Skier LL3) \n AK Zenit B-30 handguard with B-31S upper handguard rail (Mechanic LL2 Barter, Skier LL4) \n AK Zenit DTK-1 7.62x39/5.45x39 muzzle brake-compensator (Skier LL2) \n Zenit RK-0 tactical foregrip (Skier LL3) \n AK-12 5.45x39 30-round magazine (Prapor LL4) \n Zenit Klesch-2IKS IR illuminator with laser (Skier LL2)",
        "RequiredDurability": "60"
    },

    "639872fa9b4fb827b200d8e5": {
        "QuestName": "Gunsmith Part 9",
        "RequiredParts": "P226 Stainless Elite pistol slide (Mechanic LL2) \n P226 Stainless Elite Wooden pistol grip (Mechanic LL2) \n P226 9x19 20-round extended magazine (Peacekeeper LL1) \n NcSTAR Tactical blue laser LAM-module (Skier LL1) \n P226 TJ's Custom 9x19 compensator (Mechanic LL1) \n P226 9x19 threaded barrel (Peacekeeper LL1)",
        "RequiredDurability": "60"
    },

    "5ae327c886f7745c7b3f2f3f": {
        "QuestName": "Gunsmith Part 10",
        "RequiredParts": "AK-74 5.45x39 6L31 60-round magazine (Prapor LL2 Barter - After completing Ice Cream Cones, Prapor LL4) \n AK 100-series polymer handguard (Prapor LL1) \n KAC vertical foregrip (Peacekeeper LL1) \n Kiba Arms Short Prism 2.5x scope (Skier LL2) \n Kiba Arms Short Mount sight adapter \n AK AKademia Bastion dust cover (Skier LL1) \n AK TAPCO SAW-Style pistol grip (Mechanic LL2) \n SilencerCo Hybrid 46 Direct Thread Mount adapter (Peacekeeper LL2, Mechanic LL2) \n SilencerCo Hybrid 46 multi-caliber sound suppressor (Peacekeeper LL2, Mechanic LL2 Barter) \n AK-74M/AK-100 Zenit PT Lock (Skier LL2) \n AK Zenit PT-1 'Klassika' stock (Skier LL2)",
        "RequiredDurability": "60"
    },

    "639872fc93ae507d5858c3a6": {
        "QuestName": "Gunsmith Part 11",
        "RequiredParts": "KRISS Vector Mk.5 modular rail (Mechanic LL3) \n Tactical Dynamics Skeletonized Foregrip (Peacekeeper LL3) \n Glock 9x19 'Big Stick' 33-round magazine (Skier LL3, Mechanic LL3) \n KRISS Vector 9x19 6 inch barrel (Skier LL3) \n SilencerCo Osprey 9 9x19 sound suppressor (Mechanic LL1 Barter, Mechanic LL3, Peacekeeper LL3)",
        "RequiredDurability": "60"
    },

    "5b47799d86f7746c5d6a5fd8": {
        "QuestName": "Gunsmith Part 12",
        "RequiredParts": "AR-15 Tactical Dynamics Skeletonized pistol grip (Skier LL3 Barter) \n Zenit RK-1 tactical foregrip (Skier LL3) \n Yankee Hill Annihilator multi-caliber flash hider (Mechanic LL2 Barter) \n Steiner LAS/TAC 2 tactical flashlight (Mechanic LL3) \n MPX/MCX retractable stock pipe adapter (Peacekeeper LL3) \n Armacon Baskak stock (Skier LL1)",
        "RequiredDurability": "60"
    },

    "5ac244c486f77413e12cf945": {
        "QuestName": "Gunsmith Part 13",
        "RequiredParts": "SilencerCo Hybrid 46 Direct Thread Mount adapter (Peacekeeper LL2, Mechanic LL2) \n SilencerCo Hybrid 46 multi-caliber sound suppressor (Peacekeeper LL2, Mechanic LL2 Barter) \n Remington RAHG 4 inch rail (Mechanic LL2) \n BCM GUNFIGHTER MOD 3 vertical foregrip (Mechanic LL2) \n EOTech Vudu 1-6x24 30mm riflescope (Skier LL3 Barter) \n Lobaev Arms 30mm scope mount (Jaeger LL1 Barter, Jaeger LL2)",
        "RequiredDurability": "60"
    },

    "639872fe8871e1272b10ccf6": {
        "QuestName": "Gunsmith Part 14",
        "RequiredParts": "5.56x45 Colt AR-15 STANAG 30-round magazine (Peacekeeper LL1) \n HK 416A5 Midwest Industries 9 inch M-LOK handguard (Peacekeeper LL3) \n Magpul M-LOK Cantilever Mount (Skier LL2) \n AR-15 Magpul MOE pistol grip (FDE) (Peacekeeper LL3) \n HK 416A5 5.56x45 11 inch barrel (Mechanic LL3) \n AR-15 SureFire SF3P 5.56x45 Flash hider (Mechanic LL2) \n SureFire SOCOM556-RC2 5.56x45 sound suppressor (Loot only) \n Magpul M-LOK 4.1 inch rail (Mechanic LL1) \n Magpul RVG foregrip (FDE) (Peacekeeper LL3) \n LA-5B/PEQ tactical device (Mechanic LL4) \n Magpul MBUS Gen2 flip-up rear sight (Mechanic LL2) \n Magpul MBUS Gen2 flip-up front sight (Mechanic LL2) \n EOTech EXPS3 holographic sight (Tan) (Mechanic LL4)",
        "RequiredDurability": "60"
    },

    "5ae3280386f7742a41359364": {
        "QuestName": "Gunsmith Part 15",
        "RequiredParts": "FAB Defense GL-SHOCK buttstock (Mechanic LL2 Barter, Skier LL4) \n NSPU-M night vision scope (Prapor LL1) \n AN/PEQ-15 tactical device (Peacekeeper LL3) \n 9x39 SR3M.130 30-round magazine (Prapor LL3 Barter, Prapor LL4) \n AS VAL Rotor 43 pistol grip & buffer tube (Mechanic LL2 Barter) \n VSS/VAL Zenit B-3 ring mount (Skier LL3)",
        "RequiredDurability": "60"
    },

    "5ac242ab86f77412464f68b4": {
        "QuestName": "Gunsmith Part 16",
        "RequiredParts": "NcSTAR Tactical blue laser LAM-module (Skier LL1) \n Nightforce ATACR 7-35x56 34mm riflescope (Jaeger LL2 Barter, Jaeger LL4) \n IEA Mil-Optics KH/F 34mm one-piece magmount (Mechanic LL2 Barter, Jaeger LL3)",
        "RequiredDurability": "60"
    },

    "5b47749f86f7746c5d6a5fd4": {
        "QuestName": "Gunsmith Part 17",
        "RequiredParts": "AK CNC Warrior 5.56x45 muzzle device adapter (Mechanic LL3) \n AK TAPCO SAW-Style pistol grip (Mechanic LL2) \n AK Zenit B-10M handguard with B-19 upper mount (Skier LL3) \n AK Zenit B-33 dust cover (Skier LL3) \n RPK-16 buffer tube (Mechanic LL3) \n SLR-106/AK 5.56x45 Circle 10 30-round magazine (Peacekeeper LL3) \n AK CSS knurled charging handle (Skier LL3) \n Magpul AFG tactical foregrip (Olive Drab) (Mechanic LL3) \n Zenit Klesch-2U tactical flashlight (Mechanic LL2) \n AR-15 Ferfrans CQB 5.56x45 muzzle brake (Peacekeeper LL3) \n Ferfrans CRD 5.56x45 Concussion Reduction Device (Peacekeeper LL4) \n ELCAN SpecterDR 1x/4x scope (Peacekeeper LL3) \n KRISS Defiance DS150 stock (Peacekeeper LL2)",
        "RequiredDurability": "60"
    },

    "5b477b6f86f7747290681823": {
        "QuestName": "Gunsmith Part 18",
        "RequiredParts": "AK Magpul MOE AKM handguard (Black) (Skier LL3) \n Magpul M-LOK AFG tactical foregrip (Black) (Peacekeeper LL3, Skier LL3) \n AKM/AK-74 Magpul Zhukov-S stock (Peacekeeper LL4) \n AK Magpul MOE pistol grip (Black) (Mechanic LL3) \n AK 7.62x39 Magpul PMAG 30 GEN M3 30-round magazine (Black) (Peacekeeper LL2) \n Rotor 43 7.62x39 muzzle brake-compensator (Mechanic LL2 Barter) \n EOTech HHS-1 hybrid sight (Black) (Peacekeeper LL4) \n AK AKademia Bastion dust cover (Skier LL1)",
        "RequiredDurability": "60"
    },

    "639873003693c63d86328f25": {
        "QuestName": "Gunsmith Part 19",
        "RequiredParts": "AK Magpul MOE pistol grip (Black) (Mechanic LL3) \n SVDS Lynx Arms Hinge buffer tube adapter (Jaeger LL2) \n SVD SAG MK1 chassis (Mechanic LL3) \n SVDS custom cut dust cover (Mechanic LL3) \n Magpul UBR GEN2 stock (Black) (Peacekeeper LL3) \n SVDS Rotor 43 thread adapter (Mechanic LL3) \n Rotor 43 7.62x54R muzzle brake-compensator (Skier LL3) \n Nightforce Magmount 30mm ring scope mount (Jaeger LL3) \n March Tactical 3-24x42 FFP 30mm riflescope (Jaeger LL4) \n Monstrum Tactical Vertical Fore Grip KeyMod (Mechanic LL2)",
        "RequiredDurability": "60"
    },

    "5b477f7686f7744d1b23c4d2": {
        "QuestName": "Gunsmith Part 20",
        "RequiredParts": "M1A 7.62x51 20-round magazine (Peacekeeper LL3) \n M1A ProMag Archangel chassis (Mechanic LL3) \n M14 UltiMAK M8 Forward Optic mount (Mechanic LL2 Barter) \n Nightforce ATACR 7-35x56 34mm riflescope (Jaeger LL2 Barter, Jaeger LL4) \n IEA Mil-Optics KH/F 34mm one-piece magmount (Mechanic LL2 Barter, Jaeger LL3) \n Aimpoint Micro T-1 reflex sight (Peacekeeper LL3) \n Aimpoint Micro Standard Mount (Peacekeeper LL1) \n Holosun LS321 Tactical device (Skier LL3) \n M1A Smith Enterprise SOCOM 16 7.62x51 threaded muzzle brake & gas block (Mechanic LL2) \n M14 Leapers UTG 4-Point Locking Deluxe mount (Mechanic LL2 Barter, Mechanic LL3, Peacekeeper LL2 Barter) \n AR-10 2A Armanent X3 7.62x51 compensator (Mechanic LL2)",
        "RequiredDurability": "60"
    },

    "63987301e11ec11ff5504036": {
        "QuestName": "Gunsmith Part 21",
        "RequiredParts": "M700: \n M700 AB Arms MOD*X GEN 3 chassis (Peacekeeper LL4) \n AR-15 Magpul MIAD pistol grip (FDE) (Peacekeeper LL2) \n M700 AB Arms MOD*X GEN 3 KeyMod handguard (Peacekeeper LL4) \n Colt Carbine buffer tube (Peacekeeper LL2, Skier LL2) \n KRISS Defiance DS150 stock (Peacekeeper LL2) \n M700 AB Arms MOD*X rail mount (Peacekeeper LL4) \n AR-10 Daniel Defense WAVE 7.62x51 muzzle brake (Mechanic LL3) \n Daniel Defense WAVE QD sound suppressor (Mechanic LL3) \n Recknagel Era-Tac 34mm ring scope mount (Jaeger LL3) \n Schmidt & Bender PM II 5-25x56 34mm riflescope (Jaeger LL3) \n \n M1911: \n M1911 Pachmayr American Legend Grip 423 (Mechanic LL1) \n M1911 Anarchy Outdoors .45 ACP muzzle brake (Mechanic LL1) \n M1911A1 NcSTAR trigger guard mount (Mechanic LL1) \n NcSTAR Tactical blue laser LAM-module (Skier LL1)",
        "RequiredDurability": "60"
    },

    "5b47825886f77468074618d3": {
        "QuestName": "Gunsmith Part 22",
        "RequiredParts": "5.56x45 SureFire MAG5-60 STANAG 60-round magazine (Peacekeeper LL3 Barter) \n AR-15 Alexander Arms MK10 rifle length handguard (Mechanic LL4) \n AR-15 Naroh Arms GRAL-S pistol grip (Peacekeeper LL4) \n AR-15 5.56x45 260mm barrel (Peacekeeper LL2 Barter, Peacekeeper LL3, Mechanic LL2 Barter) \n AR-15 KAC QDC 5.56x45 Flash Suppressor Kit (Peacekeeper LL2) \n KAC QDSS NT-4 5.56x45 sound suppressor (FDE) (Loot only) \n AR-15 Daniel Defense MK12 Low Profile Gas Block (Mechanic LL2, Peacekeeper LL2) \n UNV DLOC-IRD sight mount (Jaeger LL2 Barter) \n Trijicon REAP-IR thermal scope (Skier LL4 Barter) \n Trijicon REAP-IR scope eyecup (Jaeger LL3) \n TROY M7A1 PDW stock (Mechanic LL2)",
        "RequiredDurability": "60"
    },

    "64f83bb69878a0569d6ecfbe": {
        "QuestName": "Gunsmith Part 23",
        "RequiredParts": "",
        "RequiredDurability": "60"
    },

    "64f83bcdde58fc437700d8fa": {
        "QuestName": "Gunsmith Part 24",
        "RequiredParts": "",
        "RequiredDurability": "60"
    },

    "64f83bd983cfca080a362c82": {
        "QuestName": "Gunsmith Part 25",
        "RequiredParts": "",
        "RequiredDurability": "60"
    }
}