{
  "customs": [
    {
      "BossChance": 5,
      "BossEscortAmount": "2,3",
      "BossEscortType": "followersanitar",
      "BossName": "bosssanitar",
      "BossZone": null,
      "Time": -1
    }
  ],
  "factory": [
    {
      "BossChance": 5,
      "BossEscortAmount": "2,3",
      "BossEscortType": "followersanitar",
      "BossName": "bosssanitar",
      "BossZone": null,
      "Time": -1
    }
  ],
  "factory_night": [
    {
      "BossChance": 5,
      "BossEscortAmount": "2,3",
      "BossEscortType": "followersanitar",
      "BossName": "bosssanitar",
      "BossZone": null,
      "Time": -1
    }
  ],
  "groundzero": [
    {
      "BossChance": 5,
      "BossEscortAmount": "2,3",
      "BossEscortType": "followersanitar",
      "BossName": "bosssanitar",
      "BossZone": null,
      "Time": -1
    }
  ],
  "interchange": [
    {
      "BossChance": 5,
      "BossEscortAmount": "2,3",
      "BossEscortType": "followersanitar",
      "BossName": "bosssanitar",
      "BossZone": null,
      "Time": -1
    }
  ],
  "laboratory": [
    {
      "BossChance": 5,
      "BossEscortAmount": "2,3",
      "BossEscortType": "followersanitar",
      "BossName": "bosssanitar",
      "BossZone": null,
      "Time": -1
    }
  ],
  "lighthouse": [
    {
      "BossChance": 5,
      "BossEscortAmount": "2,3",
      "BossEscortType": "followersanitar",
      "BossName": "bosssanitar",
      "BossZone": null,
      "Time": -1
    }
  ],
  "reserve": [
    {
      "BossChance": 5,
      "BossEscortAmount": "2,3",
      "BossEscortType": "followersanitar",
      "BossName": "bosssanitar",
      "BossZone": null,
      "Time": -1
    }
  ],
  "shoreline": [
    {
      "BossChance": 5,
      "BossEscortAmount": "2,3",
      "BossEscortType": "followersanitar",
      "BossName": "bosssanitar",
      "BossZone": [
        "ZoneSanatorium1",
        "ZoneSanatorium2",
        "ZonePort"
      ],
      "Time": -1
    }
  ],
  "streets": [
    {
      "BossChance": 5,
      "BossEscortAmount": "2,3",
      "BossEscortType": "followersanitar",
      "BossName": "bosssanitar",
      "BossZone": null,
      "Time": -1
    }
  ],
  "woods": [
    {
      "BossChance": 5,
      "BossEscortAmount": "2,3",
      "BossEscortType": "followersanitar",
      "BossName": "bosssanitar",
      "BossZone": null,
      "Time": -1
    }
  ]
}